2026-10-02 10:55:20,935 [INFO] WebApp:194 - Connection lost
2026-10-02 10:55:21,232 [ERROR] LogOutputStream:75 - [STDERR_REDIRECT] [Fatal Error] :1:1: Premature end of file.
2026-10-02 10:55:21,232 [ERROR] LogOutputStream:75 - [STDERR_REDIRECT] 
2026-10-02 10:55:21,808 [ERROR] LogOutputStream:75 - [STDERR_REDIRECT] [Fatal Error] :1:1: Premature end of file.
2026-10-02 10:55:21,808 [ERROR] LogOutputStream:75 - [STDERR_REDIRECT] 
2026-10-02 10:55:22,094 [ERROR] LogOutputStream:75 - [STDERR_REDIRECT] [Fatal Error] :1:1: Premature end of file.
2026-10-02 10:55:22,094 [ERROR] LogOutputStream:75 - [STDERR_REDIRECT] 
2026-10-02 10:55:22,338 [ERROR] LogOutputStream:75 - [STDERR_REDIRECT] [Fatal Error] :1:1: Premature end of file.
2026-10-02 10:55:22,338 [ERROR] LogOutputStream:75 - [STDERR_REDIRECT] 
2026-10-02 10:55:22,474 [ERROR] LogOutputStream:75 - [STDERR_REDIRECT] [Fatal Error] :1:1: Premature end of file.
2026-10-02 10:55:22,474 [ERROR] LogOutputStream:75 - [STDERR_REDIRECT] 
2026-10-02 10:55:22,669 [ERROR] LogOutputStream:75 - [STDERR_REDIRECT] [Fatal Error] :1:1: Premature end of file.
2026-10-02 10:55:22,669 [ERROR] LogOutputStream:75 - [STDERR_REDIRECT] 
2026-10-02 10:55:22,698 [INFO] WebApp:191 - Connection restablished
2026-10-02 10:55:22,815 [ERROR] LogOutputStream:75 - [STDERR_REDIRECT] [Fatal Error] :1:1: Premature end of file.
2026-10-02 10:55:22,815 [ERROR] LogOutputStream:75 - [STDERR_REDIRECT] 
2026-10-02 10:55:22,878 [ERROR] LogOutputStream:75 - [STDERR_REDIRECT] [Fatal Error] :1:1: Premature end of file.
2026-10-02 10:55:22,878 [ERROR] LogOutputStream:75 - [STDERR_REDIRECT] 
2026-10-02 10:55:22,930 [ERROR] LogOutputStream:75 - [STDERR_REDIRECT] [Fatal Error] :1:1: Premature end of file.
2026-10-02 10:55:22,930 [ERROR] LogOutputStream:75 - [STDERR_REDIRECT] 
2026-10-02 10:55:23,006 [ERROR] LogOutputStream:75 - [STDERR_REDIRECT] [Fatal Error] :1:1: Premature end of file.
2026-10-02 10:55:23,006 [ERROR] LogOutputStream:75 - [STDERR_REDIRECT] 
2026-10-02 10:55:23,135 [ERROR] LogOutputStream:75 - [STDERR_REDIRECT] [Fatal Error] :1:1: Premature end of file.
2026-10-02 10:55:23,135 [ERROR] LogOutputStream:75 - [STDERR_REDIRECT] 
2026-10-02 10:55:23,321 [ERROR] LogOutputStream:75 - [STDERR_REDIRECT] [Fatal Error] :1:1: Premature end of file.
2026-10-02 10:55:23,321 [ERROR] LogOutputStream:75 - [STDERR_REDIRECT] 
2026-10-02 10:55:23,491 [ERROR] LogOutputStream:75 - [STDERR_REDIRECT] [Fatal Error] :1:1: Premature end of file.
2026-10-02 10:55:23,491 [ERROR] LogOutputStream:75 - [STDERR_REDIRECT] 
2026-10-02 10:55:23,588 [ERROR] LogOutputStream:75 - [STDERR_REDIRECT] [Fatal Error] :1:1: Premature end of file.
2026-10-02 10:55:23,588 [ERROR] LogOutputStream:75 - [STDERR_REDIRECT] 
2026-10-02 10:55:23,669 [ERROR] LogOutputStream:75 - [STDERR_REDIRECT] [Fatal Error] :1:1: Premature end of file.
2026-10-02 10:55:23,669 [ERROR] LogOutputStream:75 - [STDERR_REDIRECT] 
2026-10-02 10:55:23,710 [ERROR] LogOutputStream:75 - [STDERR_REDIRECT] [Fatal Error] :1:1: Premature end of file.
2026-10-02 10:55:23,710 [ERROR] LogOutputStream:75 - [STDERR_REDIRECT] 
2026-10-02 10:55:23,750 [ERROR] LogOutputStream:75 - [STDERR_REDIRECT] [Fatal Error] :1:1: Premature end of file.
2026-10-02 10:55:23,750 [ERROR] LogOutputStream:75 - [STDERR_REDIRECT] 
2026-10-02 10:55:23,787 [ERROR] LogOutputStream:75 - [STDERR_REDIRECT] [Fatal Error] :1:1: Premature end of file.
2026-10-02 10:55:23,788 [ERROR] LogOutputStream:75 - [STDERR_REDIRECT] 
2026-10-02 10:55:23,826 [ERROR] LogOutputStream:75 - [STDERR_REDIRECT] [Fatal Error] :1:1: Premature end of file.
2026-10-02 10:55:23,826 [ERROR] LogOutputStream:75 - [STDERR_REDIRECT] 
2026-10-02 10:55:23,870 [ERROR] LogOutputStream:75 - [STDERR_REDIRECT] [Fatal Error] :1:1: Premature end of file.
2026-10-02 10:55:23,870 [ERROR] LogOutputStream:75 - [STDERR_REDIRECT] 
2026-10-02 10:55:23,930 [ERROR] LogOutputStream:75 - [STDERR_REDIRECT] [Fatal Error] :1:1: Premature end of file.
2026-10-02 10:55:23,930 [ERROR] LogOutputStream:75 - [STDERR_REDIRECT] 
2026-10-02 10:55:23,996 [ERROR] LogOutputStream:75 - [STDERR_REDIRECT] [Fatal Error] :1:1: Premature end of file.
2026-10-02 10:55:23,996 [ERROR] LogOutputStream:75 - [STDERR_REDIRECT] 
2026-10-02 10:55:24,065 [ERROR] LogOutputStream:75 - [STDERR_REDIRECT] [Fatal Error] :1:1: Premature end of file.
2026-10-02 10:55:24,065 [ERROR] LogOutputStream:75 - [STDERR_REDIRECT] 
2026-10-02 10:55:24,119 [ERROR] LogOutputStream:75 - [STDERR_REDIRECT] [Fatal Error] :1:1: Premature end of file.
2026-10-02 10:55:24,119 [ERROR] LogOutputStream:75 - [STDERR_REDIRECT] 
2026-10-02 10:55:24,233 [ERROR] LogOutputStream:75 - [STDERR_REDIRECT] [Fatal Error] :1:1: Premature end of file.
2026-10-02 10:55:24,233 [ERROR] LogOutputStream:75 - [STDERR_REDIRECT] 
2026-10-02 10:55:24,269 [ERROR] LogOutputStream:75 - [STDERR_REDIRECT] [Fatal Error] :1:1: Premature end of file.
2026-10-02 10:55:24,269 [ERROR] LogOutputStream:75 - [STDERR_REDIRECT] 
2026-10-02 10:55:24,314 [ERROR] LogOutputStream:75 - [STDERR_REDIRECT] [Fatal Error] :1:1: Premature end of file.
2026-10-02 10:55:24,316 [ERROR] LogOutputStream:75 - [STDERR_REDIRECT] 
2026-10-02 10:55:24,357 [ERROR] LogOutputStream:75 - [STDERR_REDIRECT] [Fatal Error] :1:1: Premature end of file.
2026-10-02 10:55:24,357 [ERROR] LogOutputStream:75 - [STDERR_REDIRECT] 
2026-10-02 10:55:24,396 [ERROR] LogOutputStream:75 - [STDERR_REDIRECT] [Fatal Error] :1:1: Premature end of file.
2026-10-02 10:55:24,398 [ERROR] LogOutputStream:75 - [STDERR_REDIRECT] 
2026-10-02 10:55:24,436 [ERROR] LogOutputStream:75 - [STDERR_REDIRECT] [Fatal Error] :1:1: Premature end of file.
2026-10-02 10:55:24,436 [ERROR] LogOutputStream:75 - [STDERR_REDIRECT] 
2026-10-02 10:55:24,473 [ERROR] LogOutputStream:75 - [STDERR_REDIRECT] [Fatal Error] :1:1: Premature end of file.
2026-10-02 10:55:24,473 [ERROR] LogOutputStream:75 - [STDERR_REDIRECT] 
2026-10-02 10:55:24,513 [ERROR] LogOutputStream:75 - [STDERR_REDIRECT] [Fatal Error] :1:1: Premature end of file.
2026-10-02 10:55:24,513 [ERROR] LogOutputStream:75 - [STDERR_REDIRECT] 
2026-10-02 10:55:24,550 [ERROR] LogOutputStream:75 - [STDERR_REDIRECT] [Fatal Error] :1:1: Premature end of file.
2026-10-02 10:55:24,550 [ERROR] LogOutputStream:75 - [STDERR_REDIRECT] 
2026-10-02 10:55:24,583 [ERROR] LogOutputStream:75 - [STDERR_REDIRECT] [Fatal Error] :1:1: Premature end of file.
2026-10-02 10:55:24,583 [ERROR] LogOutputStream:75 - [STDERR_REDIRECT] 
2026-10-02 10:55:24,620 [ERROR] LogOutputStream:75 - [STDERR_REDIRECT] [Fatal Error] :1:1: Premature end of file.
2026-10-02 10:55:24,622 [ERROR] LogOutputStream:75 - [STDERR_REDIRECT] 
2026-10-02 10:55:24,654 [ERROR] LogOutputStream:75 - [STDERR_REDIRECT] [Fatal Error] :1:1: Premature end of file.
2026-10-02 10:55:24,654 [ERROR] LogOutputStream:75 - [STDERR_REDIRECT] 
2026-10-02 10:55:24,680 [ERROR] LogOutputStream:75 - [STDERR_REDIRECT] [Fatal Error] :1:1: Premature end of file.
2026-10-02 10:55:24,680 [ERROR] LogOutputStream:75 - [STDERR_REDIRECT] 
2026-10-02 10:55:24,710 [ERROR] LogOutputStream:75 - [STDERR_REDIRECT] [Fatal Error] :1:1: Premature end of file.
2026-10-02 10:55:24,710 [ERROR] LogOutputStream:75 - [STDERR_REDIRECT] 
2026-10-02 10:55:24,748 [ERROR] LogOutputStream:75 - [STDERR_REDIRECT] [Fatal Error] :1:1: Premature end of file.
2026-10-02 10:55:24,748 [ERROR] LogOutputStream:75 - [STDERR_REDIRECT] 
2026-10-02 10:55:24,784 [ERROR] LogOutputStream:75 - [STDERR_REDIRECT] [Fatal Error] :1:1: Premature end of file.
2026-10-02 10:55:24,784 [ERROR] LogOutputStream:75 - [STDERR_REDIRECT] 
2026-10-02 10:55:24,816 [ERROR] LogOutputStream:75 - [STDERR_REDIRECT] [Fatal Error] :1:1: Premature end of file.
2026-10-02 10:55:24,816 [ERROR] LogOutputStream:75 - [STDERR_REDIRECT] 
2026-10-02 10:55:24,847 [ERROR] LogOutputStream:75 - [STDERR_REDIRECT] [Fatal Error] :1:1: Premature end of file.
2026-10-02 10:55:24,847 [ERROR] LogOutputStream:75 - [STDERR_REDIRECT] 
2026-10-02 10:55:24,888 [ERROR] LogOutputStream:75 - [STDERR_REDIRECT] [Fatal Error] :1:1: Premature end of file.
2026-10-02 10:55:24,888 [ERROR] LogOutputStream:75 - [STDERR_REDIRECT] 
2026-10-02 10:55:24,932 [ERROR] LogOutputStream:75 - [STDERR_REDIRECT] [Fatal Error] :1:1: Premature end of file.
2026-10-02 10:55:24,932 [ERROR] LogOutputStream:75 - [STDERR_REDIRECT] 
2026-10-02 10:55:24,978 [ERROR] LogOutputStream:75 - [STDERR_REDIRECT] [Fatal Error] :1:1: Premature end of file.
2026-10-02 10:55:24,978 [ERROR] LogOutputStream:75 - [STDERR_REDIRECT] 
2026-10-02 10:55:25,014 [ERROR] LogOutputStream:75 - [STDERR_REDIRECT] [Fatal Error] :1:1: Premature end of file.
2026-10-02 10:55:25,016 [ERROR] LogOutputStream:75 - [STDERR_REDIRECT] 
2026-10-02 10:55:25,054 [ERROR] LogOutputStream:75 - [STDERR_REDIRECT] [Fatal Error] :1:1: Premature end of file.
2026-10-02 10:55:25,055 [ERROR] LogOutputStream:75 - [STDERR_REDIRECT] 
2026-10-02 10:55:25,091 [ERROR] LogOutputStream:75 - [STDERR_REDIRECT] [Fatal Error] :1:1: Premature end of file.
2026-10-02 10:55:25,091 [ERROR] LogOutputStream:75 - [STDERR_REDIRECT] 
2026-10-02 10:55:25,111 [INFO] WebApp:194 - Connection lost
2026-10-02 10:55:25,131 [ERROR] LogOutputStream:75 - [STDERR_REDIRECT] [Fatal Error] :1:1: Premature end of file.
2026-10-02 10:55:25,131 [ERROR] LogOutputStream:75 - [STDERR_REDIRECT] 
2026-10-02 10:55:25,174 [ERROR] LogOutputStream:75 - [STDERR_REDIRECT] [Fatal Error] :1:1: Premature end of file.
2026-10-02 10:55:25,174 [ERROR] LogOutputStream:75 - [STDERR_REDIRECT] 
2026-10-02 10:55:25,206 [ERROR] LogOutputStream:75 - [STDERR_REDIRECT] [Fatal Error] :1:1: Premature end of file.
2026-10-02 10:55:25,206 [ERROR] LogOutputStream:75 - [STDERR_REDIRECT] 
2026-10-02 10:55:25,240 [ERROR] LogOutputStream:75 - [STDERR_REDIRECT] [Fatal Error] :1:1: Premature end of file.
2026-10-02 10:55:25,241 [ERROR] LogOutputStream:75 - [STDERR_REDIRECT] 
2026-10-02 10:55:25,252 [INFO] WebApp:191 - Connection restablished
2026-10-02 10:55:25,277 [ERROR] LogOutputStream:75 - [STDERR_REDIRECT] [Fatal Error] :1:1: Premature end of file.
2026-10-02 10:55:25,279 [ERROR] LogOutputStream:75 - [STDERR_REDIRECT] 
2026-10-02 10:55:25,319 [ERROR] LogOutputStream:75 - [STDERR_REDIRECT] [Fatal Error] :1:1: Premature end of file.
2026-10-02 10:55:25,319 [ERROR] LogOutputStream:75 - [STDERR_REDIRECT] 
2026-10-02 10:55:25,356 [ERROR] LogOutputStream:75 - [STDERR_REDIRECT] [Fatal Error] :1:1: Premature end of file.
2026-10-02 10:55:25,357 [ERROR] LogOutputStream:75 - [STDERR_REDIRECT] 
2026-10-02 10:55:25,392 [ERROR] LogOutputStream:75 - [STDERR_REDIRECT] [Fatal Error] :1:1: Premature end of file.
2026-10-02 10:55:25,392 [ERROR] LogOutputStream:75 - [STDERR_REDIRECT] 
2026-10-02 10:55:25,446 [ERROR] LogOutputStream:75 - [STDERR_REDIRECT] [Fatal Error] :1:1: Premature end of file.
2026-10-02 10:55:25,448 [ERROR] LogOutputStream:75 - [STDERR_REDIRECT] 
2026-10-02 10:55:25,497 [ERROR] LogOutputStream:75 - [STDERR_REDIRECT] [Fatal Error] :1:1: Premature end of file.
2026-10-02 10:55:25,497 [ERROR] LogOutputStream:75 - [STDERR_REDIRECT] 
2026-10-02 10:55:25,572 [ERROR] LogOutputStream:75 - [STDERR_REDIRECT] [Fatal Error] :1:1: Premature end of file.
2026-10-02 10:55:25,572 [ERROR] LogOutputStream:75 - [STDERR_REDIRECT] 
2026-10-02 10:55:25,611 [ERROR] LogOutputStream:75 - [STDERR_REDIRECT] [Fatal Error] :1:1: Premature end of file.
2026-10-02 10:55:25,611 [ERROR] LogOutputStream:75 - [STDERR_REDIRECT] 
2026-10-02 10:55:25,650 [ERROR] LogOutputStream:75 - [STDERR_REDIRECT] [Fatal Error] :1:1: Premature end of file.
2026-10-02 10:55:25,650 [ERROR] LogOutputStream:75 - [STDERR_REDIRECT] 
2026-10-02 10:55:25,703 [ERROR] LogOutputStream:75 - [STDERR_REDIRECT] [Fatal Error] :1:1: Premature end of file.
2026-10-02 10:55:25,703 [ERROR] LogOutputStream:75 - [STDERR_REDIRECT] 
2026-10-02 10:55:25,749 [ERROR] LogOutputStream:75 - [STDERR_REDIRECT] [Fatal Error] :1:1: Premature end of file.
2026-10-02 10:55:25,751 [ERROR] LogOutputStream:75 - [STDERR_REDIRECT] 
2026-10-02 10:55:25,791 [ERROR] LogOutputStream:75 - [STDERR_REDIRECT] [Fatal Error] :1:1: Premature end of file.
2026-10-02 10:55:25,791 [ERROR] LogOutputStream:75 - [STDERR_REDIRECT] 
2026-10-02 10:55:25,837 [ERROR] LogOutputStream:75 - [STDERR_REDIRECT] [Fatal Error] :1:1: Premature end of file.
2026-10-02 10:55:25,837 [ERROR] LogOutputStream:75 - [STDERR_REDIRECT] 
2026-10-02 10:55:25,884 [ERROR] LogOutputStream:75 - [STDERR_REDIRECT] [Fatal Error] :1:1: Premature end of file.
2026-10-02 10:55:25,884 [ERROR] LogOutputStream:75 - [STDERR_REDIRECT] 
2026-10-02 10:55:25,938 [ERROR] LogOutputStream:75 - [STDERR_REDIRECT] [Fatal Error] :1:1: Premature end of file.
2026-10-02 10:55:25,940 [ERROR] LogOutputStream:75 - [STDERR_REDIRECT] 
2026-10-02 10:55:25,987 [ERROR] LogOutputStream:75 - [STDERR_REDIRECT] [Fatal Error] :1:1: Premature end of file.
2026-10-02 10:55:25,987 [ERROR] LogOutputStream:75 - [STDERR_REDIRECT] 
2026-10-02 10:55:26,047 [ERROR] LogOutputStream:75 - [STDERR_REDIRECT] [Fatal Error] :1:1: Premature end of file.
2026-10-02 10:55:26,047 [ERROR] LogOutputStream:75 - [STDERR_REDIRECT] 
2026-10-02 10:55:26,103 [ERROR] LogOutputStream:75 - [STDERR_REDIRECT] [Fatal Error] :1:1: Premature end of file.
2026-10-02 10:55:26,103 [ERROR] LogOutputStream:75 - [STDERR_REDIRECT] 
2026-10-02 10:55:26,534 [ERROR] LogOutputStream:75 - [STDERR_REDIRECT] [Fatal Error] :1:1: Premature end of file.
2026-10-02 10:55:26,534 [ERROR] LogOutputStream:75 - [STDERR_REDIRECT] 
2026-10-02 10:55:26,612 [ERROR] LogOutputStream:75 - [STDERR_REDIRECT] [Fatal Error] :1:1: Premature end of file.
2026-10-02 10:55:26,612 [ERROR] LogOutputStream:75 - [STDERR_REDIRECT] 
2026-10-02 10:55:26,664 [ERROR] LogOutputStream:75 - [STDERR_REDIRECT] [Fatal Error] :1:1: Premature end of file.
2026-10-02 10:55:26,664 [ERROR] LogOutputStream:75 - [STDERR_REDIRECT] 
2026-10-02 10:55:26,702 [ERROR] LogOutputStream:75 - [STDERR_REDIRECT] [Fatal Error] :1:1: Premature end of file.
2026-10-02 10:55:26,702 [ERROR] LogOutputStream:75 - [STDERR_REDIRECT] 
2026-10-02 10:55:26,742 [ERROR] LogOutputStream:75 - [STDERR_REDIRECT] [Fatal Error] :1:1: Premature end of file.
2026-10-02 10:55:26,742 [ERROR] LogOutputStream:75 - [STDERR_REDIRECT] 
2026-10-02 10:55:26,775 [ERROR] LogOutputStream:75 - [STDERR_REDIRECT] [Fatal Error] :1:1: Premature end of file.
2026-10-02 10:55:26,775 [ERROR] LogOutputStream:75 - [STDERR_REDIRECT] 
2026-10-02 10:55:26,808 [ERROR] LogOutputStream:75 - [STDERR_REDIRECT] [Fatal Error] :1:1: Premature end of file.
2026-10-02 10:55:26,808 [ERROR] LogOutputStream:75 - [STDERR_REDIRECT] 
2026-10-02 10:55:26,842 [ERROR] LogOutputStream:75 - [STDERR_REDIRECT] [Fatal Error] :1:1: Premature end of file.
2026-10-02 10:55:26,842 [ERROR] LogOutputStream:75 - [STDERR_REDIRECT] 
2026-10-02 10:55:26,881 [ERROR] LogOutputStream:75 - [STDERR_REDIRECT] [Fatal Error] :1:1: Premature end of file.
2026-10-02 10:55:26,881 [ERROR] LogOutputStream:75 - [STDERR_REDIRECT] 
2026-10-02 10:55:26,915 [ERROR] LogOutputStream:75 - [STDERR_REDIRECT] [Fatal Error] :1:1: Premature end of file.
2026-10-02 10:55:26,915 [ERROR] LogOutputStream:75 - [STDERR_REDIRECT] 
2026-10-02 10:55:26,955 [ERROR] LogOutputStream:75 - [STDERR_REDIRECT] [Fatal Error] :1:1: Premature end of file.
2026-10-02 10:55:26,955 [ERROR] LogOutputStream:75 - [STDERR_REDIRECT] 
2026-10-02 10:55:26,983 [ERROR] LogOutputStream:75 - [STDERR_REDIRECT] [Fatal Error] :1:1: Premature end of file.
2026-10-02 10:55:26,983 [ERROR] LogOutputStream:75 - [STDERR_REDIRECT] 
2026-10-02 10:55:27,016 [ERROR] LogOutputStream:75 - [STDERR_REDIRECT] [Fatal Error] :1:1: Premature end of file.
2026-10-02 10:55:27,016 [ERROR] LogOutputStream:75 - [STDERR_REDIRECT] 
2026-10-02 10:55:27,043 [ERROR] LogOutputStream:75 - [STDERR_REDIRECT] [Fatal Error] :1:1: Premature end of file.
2026-10-02 10:55:27,043 [ERROR] LogOutputStream:75 - [STDERR_REDIRECT] 
2026-10-02 10:55:27,079 [ERROR] LogOutputStream:75 - [STDERR_REDIRECT] [Fatal Error] :1:1: Premature end of file.
2026-10-02 10:55:27,079 [ERROR] LogOutputStream:75 - [STDERR_REDIRECT] 
2026-10-02 10:55:27,114 [ERROR] LogOutputStream:75 - [STDERR_REDIRECT] [Fatal Error] :1:1: Premature end of file.
2026-10-02 10:55:27,114 [ERROR] LogOutputStream:75 - [STDERR_REDIRECT] 
2026-10-02 10:55:27,146 [ERROR] LogOutputStream:75 - [STDERR_REDIRECT] [Fatal Error] :1:1: Premature end of file.
2026-10-02 10:55:27,146 [ERROR] LogOutputStream:75 - [STDERR_REDIRECT] 
2026-10-02 10:55:27,177 [ERROR] LogOutputStream:75 - [STDERR_REDIRECT] [Fatal Error] :1:1: Premature end of file.
2026-10-02 10:55:27,177 [ERROR] LogOutputStream:75 - [STDERR_REDIRECT] 
2026-10-02 10:55:27,206 [ERROR] LogOutputStream:75 - [STDERR_REDIRECT] [Fatal Error] :1:1: Premature end of file.
2026-10-02 10:55:27,206 [ERROR] LogOutputStream:75 - [STDERR_REDIRECT] 
2026-10-02 10:55:27,230 [ERROR] LogOutputStream:75 - [STDERR_REDIRECT] [Fatal Error] :1:1: Premature end of file.
2026-10-02 10:55:27,230 [ERROR] LogOutputStream:75 - [STDERR_REDIRECT] 
2026-10-02 10:55:27,265 [ERROR] LogOutputStream:75 - [STDERR_REDIRECT] [Fatal Error] :1:1: Premature end of file.
2026-10-02 10:55:27,265 [ERROR] LogOutputStream:75 - [STDERR_REDIRECT] 
2026-10-02 10:55:27,295 [ERROR] LogOutputStream:75 - [STDERR_REDIRECT] [Fatal Error] :1:1: Premature end of file.
2026-10-02 10:55:27,295 [ERROR] LogOutputStream:75 - [STDERR_REDIRECT] 
2026-10-02 10:55:27,322 [ERROR] LogOutputStream:75 - [STDERR_REDIRECT] [Fatal Error] :1:1: Premature end of file.
2026-10-02 10:55:27,322 [ERROR] LogOutputStream:75 - [STDERR_REDIRECT] 
2026-10-02 10:55:27,347 [ERROR] LogOutputStream:75 - [STDERR_REDIRECT] [Fatal Error] :1:1: Premature end of file.
2026-10-02 10:55:27,347 [ERROR] LogOutputStream:75 - [STDERR_REDIRECT] 
2026-10-02 10:55:27,370 [ERROR] LogOutputStream:75 - [STDERR_REDIRECT] [Fatal Error] :1:1: Premature end of file.
2026-10-02 10:55:27,370 [ERROR] LogOutputStream:75 - [STDERR_REDIRECT] 
2026-10-02 10:55:27,395 [ERROR] LogOutputStream:75 - [STDERR_REDIRECT] [Fatal Error] :1:1: Premature end of file.
2026-10-02 10:55:27,395 [ERROR] LogOutputStream:75 - [STDERR_REDIRECT] 
2026-10-02 10:55:27,417 [ERROR] LogOutputStream:75 - [STDERR_REDIRECT] [Fatal Error] :1:1: Premature end of file.
2026-10-02 10:55:27,417 [ERROR] LogOutputStream:75 - [STDERR_REDIRECT] 
2026-10-02 10:55:27,449 [ERROR] LogOutputStream:75 - [STDERR_REDIRECT] [Fatal Error] :1:1: Premature end of file.
2026-10-02 10:55:27,449 [ERROR] LogOutputStream:75 - [STDERR_REDIRECT] 
2026-10-02 10:55:27,475 [ERROR] LogOutputStream:75 - [STDERR_REDIRECT] [Fatal Error] :1:1: Premature end of file.
2026-10-02 10:55:27,475 [ERROR] LogOutputStream:75 - [STDERR_REDIRECT] 
2026-10-02 10:55:27,510 [ERROR] LogOutputStream:75 - [STDERR_REDIRECT] [Fatal Error] :1:1: Premature end of file.
2026-10-02 10:55:27,510 [ERROR] LogOutputStream:75 - [STDERR_REDIRECT] 
2026-10-02 10:55:27,541 [ERROR] LogOutputStream:75 - [STDERR_REDIRECT] [Fatal Error] :1:1: Premature end of file.
2026-10-02 10:55:27,541 [ERROR] LogOutputStream:75 - [STDERR_REDIRECT] 
2026-10-02 10:55:27,569 [ERROR] LogOutputStream:75 - [STDERR_REDIRECT] [Fatal Error] :1:1: Premature end of file.
2026-10-02 10:55:27,569 [ERROR] LogOutputStream:75 - [STDERR_REDIRECT] 
2026-10-02 10:55:27,597 [ERROR] LogOutputStream:75 - [STDERR_REDIRECT] [Fatal Error] :1:1: Premature end of file.
2026-10-02 10:55:27,597 [ERROR] LogOutputStream:75 - [STDERR_REDIRECT] 
2026-10-02 10:55:27,625 [ERROR] LogOutputStream:75 - [STDERR_REDIRECT] [Fatal Error] :1:1: Premature end of file.
2026-10-02 10:55:27,625 [ERROR] LogOutputStream:75 - [STDERR_REDIRECT] 
2026-10-02 10:55:27,654 [ERROR] LogOutputStream:75 - [STDERR_REDIRECT] [Fatal Error] :1:1: Premature end of file.
2026-10-02 10:55:27,654 [ERROR] LogOutputStream:75 - [STDERR_REDIRECT] 
2026-10-02 10:55:27,681 [ERROR] LogOutputStream:75 - [STDERR_REDIRECT] [Fatal Error] :1:1: Premature end of file.
2026-10-02 10:55:27,681 [ERROR] LogOutputStream:75 - [STDERR_REDIRECT] 
2026-10-02 10:55:27,705 [ERROR] LogOutputStream:75 - [STDERR_REDIRECT] [Fatal Error] :1:1: Premature end of file.
2026-10-02 10:55:27,705 [ERROR] LogOutputStream:75 - [STDERR_REDIRECT] 
2026-10-02 10:55:27,729 [ERROR] LogOutputStream:75 - [STDERR_REDIRECT] [Fatal Error] :1:1: Premature end of file.
2026-10-02 10:55:27,729 [ERROR] LogOutputStream:75 - [STDERR_REDIRECT] 
2026-10-02 10:55:27,755 [ERROR] LogOutputStream:75 - [STDERR_REDIRECT] [Fatal Error] :1:1: Premature end of file.
2026-10-02 10:55:27,755 [ERROR] LogOutputStream:75 - [STDERR_REDIRECT] 
2026-10-02 10:55:27,783 [ERROR] LogOutputStream:75 - [STDERR_REDIRECT] [Fatal Error] :1:1: Premature end of file.
2026-10-02 10:55:27,783 [ERROR] LogOutputStream:75 - [STDERR_REDIRECT] 
2026-10-02 10:55:27,812 [ERROR] LogOutputStream:75 - [STDERR_REDIRECT] [Fatal Error] :1:1: Premature end of file.
2026-10-02 10:55:27,812 [ERROR] LogOutputStream:75 - [STDERR_REDIRECT] 
2026-10-02 10:55:27,841 [ERROR] LogOutputStream:75 - [STDERR_REDIRECT] [Fatal Error] :1:1: Premature end of file.
2026-10-02 10:55:27,841 [ERROR] LogOutputStream:75 - [STDERR_REDIRECT] 
2026-10-02 10:55:27,864 [ERROR] LogOutputStream:75 - [STDERR_REDIRECT] [Fatal Error] :1:1: Premature end of file.
2026-10-02 10:55:27,864 [ERROR] LogOutputStream:75 - [STDERR_REDIRECT] 
2026-10-02 10:55:27,893 [ERROR] LogOutputStream:75 - [STDERR_REDIRECT] [Fatal Error] :1:1: Premature end of file.
2026-10-02 10:55:27,893 [ERROR] LogOutputStream:75 - [STDERR_REDIRECT] 
2026-10-02 10:55:27,918 [ERROR] LogOutputStream:75 - [STDERR_REDIRECT] [Fatal Error] :1:1: Premature end of file.
2026-10-02 10:55:27,918 [ERROR] LogOutputStream:75 - [STDERR_REDIRECT] 
2026-10-02 10:55:27,943 [ERROR] LogOutputStream:75 - [STDERR_REDIRECT] [Fatal Error] :1:1: Premature end of file.
2026-10-02 10:55:27,943 [ERROR] LogOutputStream:75 - [STDERR_REDIRECT] 
2026-10-02 10:55:27,975 [ERROR] LogOutputStream:75 - [STDERR_REDIRECT] [Fatal Error] :1:1: Premature end of file.
2026-10-02 10:55:27,975 [ERROR] LogOutputStream:75 - [STDERR_REDIRECT] 
2026-10-02 10:55:28,003 [ERROR] LogOutputStream:75 - [STDERR_REDIRECT] [Fatal Error] :1:1: Premature end of file.
2026-10-02 10:55:28,003 [ERROR] LogOutputStream:75 - [STDERR_REDIRECT] 
2026-10-02 10:55:28,032 [ERROR] LogOutputStream:75 - [STDERR_REDIRECT] [Fatal Error] :1:1: Premature end of file.
2026-10-02 10:55:28,032 [ERROR] LogOutputStream:75 - [STDERR_REDIRECT] 
2026-10-02 10:55:28,064 [ERROR] LogOutputStream:75 - [STDERR_REDIRECT] [Fatal Error] :1:1: Premature end of file.
2026-10-02 10:55:28,064 [ERROR] LogOutputStream:75 - [STDERR_REDIRECT] 
2026-10-02 10:55:28,095 [ERROR] LogOutputStream:75 - [STDERR_REDIRECT] [Fatal Error] :1:1: Premature end of file.
2026-10-02 10:55:28,095 [ERROR] LogOutputStream:75 - [STDERR_REDIRECT] 
2026-10-02 10:55:28,127 [ERROR] LogOutputStream:75 - [STDERR_REDIRECT] [Fatal Error] :1:1: Premature end of file.
2026-10-02 10:55:28,127 [ERROR] LogOutputStream:75 - [STDERR_REDIRECT] 
2026-10-02 10:55:28,153 [ERROR] LogOutputStream:75 - [STDERR_REDIRECT] [Fatal Error] :1:1: Premature end of file.
2026-10-02 10:55:28,153 [ERROR] LogOutputStream:75 - [STDERR_REDIRECT] 
2026-10-02 10:55:28,181 [ERROR] LogOutputStream:75 - [STDERR_REDIRECT] [Fatal Error] :1:1: Premature end of file.
2026-10-02 10:55:28,181 [ERROR] LogOutputStream:75 - [STDERR_REDIRECT] 
2026-10-02 10:55:28,208 [ERROR] LogOutputStream:75 - [STDERR_REDIRECT] [Fatal Error] :1:1: Premature end of file.
2026-10-02 10:55:28,208 [ERROR] LogOutputStream:75 - [STDERR_REDIRECT] 
2026-10-02 10:55:28,237 [ERROR] LogOutputStream:75 - [STDERR_REDIRECT] [Fatal Error] :1:1: Premature end of file.
2026-10-02 10:55:28,237 [ERROR] LogOutputStream:75 - [STDERR_REDIRECT] 
2026-10-02 10:55:28,266 [ERROR] LogOutputStream:75 - [STDERR_REDIRECT] [Fatal Error] :1:1: Premature end of file.
2026-10-02 10:55:28,266 [ERROR] LogOutputStream:75 - [STDERR_REDIRECT] 
2026-10-02 10:55:28,292 [ERROR] LogOutputStream:75 - [STDERR_REDIRECT] [Fatal Error] :1:1: Premature end of file.
2026-10-02 10:55:28,292 [ERROR] LogOutputStream:75 - [STDERR_REDIRECT] 
2026-10-02 10:55:28,317 [ERROR] LogOutputStream:75 - [STDERR_REDIRECT] [Fatal Error] :1:1: Premature end of file.
2026-10-02 10:55:28,317 [ERROR] LogOutputStream:75 - [STDERR_REDIRECT] 
2026-10-02 10:55:28,344 [ERROR] LogOutputStream:75 - [STDERR_REDIRECT] [Fatal Error] :1:1: Premature end of file.
2026-10-02 10:55:28,344 [ERROR] LogOutputStream:75 - [STDERR_REDIRECT] 
2026-10-02 10:55:28,370 [ERROR] LogOutputStream:75 - [STDERR_REDIRECT] [Fatal Error] :1:1: Premature end of file.
2026-10-02 10:55:28,370 [ERROR] LogOutputStream:75 - [STDERR_REDIRECT] 
2026-10-02 10:55:28,400 [ERROR] LogOutputStream:75 - [STDERR_REDIRECT] [Fatal Error] :1:1: Premature end of file.
2026-10-02 10:55:28,400 [ERROR] LogOutputStream:75 - [STDERR_REDIRECT] 
2026-10-02 10:55:28,428 [ERROR] LogOutputStream:75 - [STDERR_REDIRECT] [Fatal Error] :1:1: Premature end of file.
2026-10-02 10:55:28,428 [ERROR] LogOutputStream:75 - [STDERR_REDIRECT] 
2026-10-02 10:55:28,454 [ERROR] LogOutputStream:75 - [STDERR_REDIRECT] [Fatal Error] :1:1: Premature end of file.
2026-10-02 10:55:28,454 [ERROR] LogOutputStream:75 - [STDERR_REDIRECT] 
2026-10-02 10:55:28,483 [ERROR] LogOutputStream:75 - [STDERR_REDIRECT] [Fatal Error] :1:1: Premature end of file.
2026-10-02 10:55:28,486 [ERROR] LogOutputStream:75 - [STDERR_REDIRECT] 
2026-10-02 10:55:28,509 [ERROR] LogOutputStream:75 - [STDERR_REDIRECT] [Fatal Error] :1:1: Premature end of file.
2026-10-02 10:55:28,515 [ERROR] LogOutputStream:75 - [STDERR_REDIRECT] 
2026-10-02 10:55:28,544 [ERROR] LogOutputStream:75 - [STDERR_REDIRECT] [Fatal Error] :1:1: Premature end of file.
2026-10-02 10:55:28,544 [ERROR] LogOutputStream:75 - [STDERR_REDIRECT] 
2026-10-02 10:55:28,573 [ERROR] LogOutputStream:75 - [STDERR_REDIRECT] [Fatal Error] :1:1: Premature end of file.
2026-10-02 10:55:28,573 [ERROR] LogOutputStream:75 - [STDERR_REDIRECT] 
2026-10-02 10:55:28,599 [ERROR] LogOutputStream:75 - [STDERR_REDIRECT] [Fatal Error] :1:1: Premature end of file.
2026-10-02 10:55:28,599 [ERROR] LogOutputStream:75 - [STDERR_REDIRECT] 
2026-10-02 10:55:28,625 [ERROR] LogOutputStream:75 - [STDERR_REDIRECT] [Fatal Error] :1:1: Premature end of file.
2026-10-02 10:55:28,625 [ERROR] LogOutputStream:75 - [STDERR_REDIRECT] 
2026-10-02 10:55:28,652 [ERROR] LogOutputStream:75 - [STDERR_REDIRECT] [Fatal Error] :1:1: Premature end of file.
2026-10-02 10:55:28,652 [ERROR] LogOutputStream:75 - [STDERR_REDIRECT] 
2026-10-02 10:55:28,682 [ERROR] LogOutputStream:75 - [STDERR_REDIRECT] [Fatal Error] :1:1: Premature end of file.
2026-10-02 10:55:28,682 [ERROR] LogOutputStream:75 - [STDERR_REDIRECT] 
2026-10-02 10:55:28,712 [ERROR] LogOutputStream:75 - [STDERR_REDIRECT] [Fatal Error] :1:1: Premature end of file.
2026-10-02 10:55:28,712 [ERROR] LogOutputStream:75 - [STDERR_REDIRECT] 
2026-10-02 10:55:28,738 [ERROR] LogOutputStream:75 - [STDERR_REDIRECT] [Fatal Error] :1:1: Premature end of file.
2026-10-02 10:55:28,738 [ERROR] LogOutputStream:75 - [STDERR_REDIRECT] 
2026-10-02 10:55:28,763 [ERROR] LogOutputStream:75 - [STDERR_REDIRECT] [Fatal Error] :1:1: Premature end of file.
2026-10-02 10:55:28,763 [ERROR] LogOutputStream:75 - [STDERR_REDIRECT] 
2026-10-02 10:55:28,789 [ERROR] LogOutputStream:75 - [STDERR_REDIRECT] [Fatal Error] :1:1: Premature end of file.
2026-10-02 10:55:28,789 [ERROR] LogOutputStream:75 - [STDERR_REDIRECT] 
2026-10-02 10:55:28,815 [ERROR] LogOutputStream:75 - [STDERR_REDIRECT] [Fatal Error] :1:1: Premature end of file.
2026-10-02 10:55:28,815 [ERROR] LogOutputStream:75 - [STDERR_REDIRECT] 
2026-10-02 10:55:28,841 [ERROR] LogOutputStream:75 - [STDERR_REDIRECT] [Fatal Error] :1:1: Premature end of file.
2026-10-02 10:55:28,841 [ERROR] LogOutputStream:75 - [STDERR_REDIRECT] 
2026-10-02 10:55:28,870 [ERROR] LogOutputStream:75 - [STDERR_REDIRECT] [Fatal Error] :1:1: Premature end of file.
2026-10-02 10:55:28,870 [ERROR] LogOutputStream:75 - [STDERR_REDIRECT] 
2026-10-02 10:55:28,892 [ERROR] LogOutputStream:75 - [STDERR_REDIRECT] [Fatal Error] :1:1: Premature end of file.
2026-10-02 10:55:28,892 [ERROR] LogOutputStream:75 - [STDERR_REDIRECT] 
2026-10-02 10:55:28,921 [ERROR] LogOutputStream:75 - [STDERR_REDIRECT] [Fatal Error] :1:1: Premature end of file.
2026-10-02 10:55:28,921 [ERROR] LogOutputStream:75 - [STDERR_REDIRECT] 
2026-10-02 10:55:28,951 [ERROR] LogOutputStream:75 - [STDERR_REDIRECT] [Fatal Error] :1:1: Premature end of file.
2026-10-02 10:55:28,951 [ERROR] LogOutputStream:75 - [STDERR_REDIRECT] 
2026-10-02 10:55:28,985 [ERROR] LogOutputStream:75 - [STDERR_REDIRECT] [Fatal Error] :1:1: Premature end of file.
2026-10-02 10:55:28,985 [ERROR] LogOutputStream:75 - [STDERR_REDIRECT] 
2026-10-02 10:55:29,021 [ERROR] LogOutputStream:75 - [STDERR_REDIRECT] [Fatal Error] :1:1: Premature end of file.
2026-10-02 10:55:29,021 [ERROR] LogOutputStream:75 - [STDERR_REDIRECT] 
2026-10-02 10:55:29,053 [ERROR] LogOutputStream:75 - [STDERR_REDIRECT] [Fatal Error] :1:1: Premature end of file.
2026-10-02 10:55:29,053 [ERROR] LogOutputStream:75 - [STDERR_REDIRECT] 
2026-10-02 10:55:29,084 [ERROR] LogOutputStream:75 - [STDERR_REDIRECT] [Fatal Error] :1:1: Premature end of file.
2026-10-02 10:55:29,084 [ERROR] LogOutputStream:75 - [STDERR_REDIRECT] 
2026-10-02 10:55:29,113 [ERROR] LogOutputStream:75 - [STDERR_REDIRECT] [Fatal Error] :1:1: Premature end of file.
2026-10-02 10:55:29,113 [ERROR] LogOutputStream:75 - [STDERR_REDIRECT] 
2026-10-02 10:55:29,142 [ERROR] LogOutputStream:75 - [STDERR_REDIRECT] [Fatal Error] :1:1: Premature end of file.
2026-10-02 10:55:29,142 [ERROR] LogOutputStream:75 - [STDERR_REDIRECT] 
2026-10-02 10:55:29,171 [ERROR] LogOutputStream:75 - [STDERR_REDIRECT] [Fatal Error] :1:1: Premature end of file.
2026-10-02 10:55:29,171 [ERROR] LogOutputStream:75 - [STDERR_REDIRECT] 
2026-10-02 10:55:29,196 [ERROR] LogOutputStream:75 - [STDERR_REDIRECT] [Fatal Error] :1:1: Premature end of file.
2026-10-02 10:55:29,196 [ERROR] LogOutputStream:75 - [STDERR_REDIRECT] 
2026-10-02 10:55:29,217 [ERROR] LogOutputStream:75 - [STDERR_REDIRECT] [Fatal Error] :1:1: Premature end of file.
2026-10-02 10:55:29,217 [ERROR] LogOutputStream:75 - [STDERR_REDIRECT] 
2026-10-02 10:55:29,245 [ERROR] LogOutputStream:75 - [STDERR_REDIRECT] [Fatal Error] :1:1: Premature end of file.
2026-10-02 10:55:29,245 [ERROR] LogOutputStream:75 - [STDERR_REDIRECT] 
2026-10-02 10:55:29,276 [ERROR] LogOutputStream:75 - [STDERR_REDIRECT] [Fatal Error] :1:1: Premature end of file.
2026-10-02 10:55:29,277 [ERROR] LogOutputStream:75 - [STDERR_REDIRECT] 
2026-10-02 10:55:29,306 [ERROR] LogOutputStream:75 - [STDERR_REDIRECT] [Fatal Error] :1:1: Premature end of file.
2026-10-02 10:55:29,306 [ERROR] LogOutputStream:75 - [STDERR_REDIRECT] 
2026-10-02 10:55:29,337 [ERROR] LogOutputStream:75 - [STDERR_REDIRECT] [Fatal Error] :1:1: Premature end of file.
2026-10-02 10:55:29,337 [ERROR] LogOutputStream:75 - [STDERR_REDIRECT] 
2026-10-02 10:55:29,374 [ERROR] LogOutputStream:75 - [STDERR_REDIRECT] [Fatal Error] :1:1: Premature end of file.
2026-10-02 10:55:29,374 [ERROR] LogOutputStream:75 - [STDERR_REDIRECT] 
2026-10-02 10:55:29,399 [ERROR] LogOutputStream:75 - [STDERR_REDIRECT] [Fatal Error] :1:1: Premature end of file.
2026-10-02 10:55:29,404 [ERROR] LogOutputStream:75 - [STDERR_REDIRECT] 
2026-10-02 10:55:29,434 [ERROR] LogOutputStream:75 - [STDERR_REDIRECT] [Fatal Error] :1:1: Premature end of file.
2026-10-02 10:55:29,434 [ERROR] LogOutputStream:75 - [STDERR_REDIRECT] 
2026-10-02 10:55:29,465 [ERROR] LogOutputStream:75 - [STDERR_REDIRECT] [Fatal Error] :1:1: Premature end of file.
2026-10-02 10:55:29,465 [ERROR] LogOutputStream:75 - [STDERR_REDIRECT] 
2026-10-02 10:55:29,495 [ERROR] LogOutputStream:75 - [STDERR_REDIRECT] [Fatal Error] :1:1: Premature end of file.
2026-10-02 10:55:29,495 [ERROR] LogOutputStream:75 - [STDERR_REDIRECT] 
2026-10-02 10:55:29,527 [ERROR] LogOutputStream:75 - [STDERR_REDIRECT] [Fatal Error] :1:1: Premature end of file.
2026-10-02 10:55:29,527 [ERROR] LogOutputStream:75 - [STDERR_REDIRECT] 
2026-10-02 10:55:29,551 [ERROR] LogOutputStream:75 - [STDERR_REDIRECT] [Fatal Error] :1:1: Premature end of file.
2026-10-02 10:55:29,551 [ERROR] LogOutputStream:75 - [STDERR_REDIRECT] 
2026-10-02 10:55:29,585 [ERROR] LogOutputStream:75 - [STDERR_REDIRECT] [Fatal Error] :1:1: Premature end of file.
2026-10-02 10:55:29,585 [ERROR] LogOutputStream:75 - [STDERR_REDIRECT] 
2026-10-02 10:55:29,614 [ERROR] LogOutputStream:75 - [STDERR_REDIRECT] [Fatal Error] :1:1: Premature end of file.
2026-10-02 10:55:29,614 [ERROR] LogOutputStream:75 - [STDERR_REDIRECT] 
2026-10-02 10:55:29,642 [ERROR] LogOutputStream:75 - [STDERR_REDIRECT] [Fatal Error] :1:1: Premature end of file.
2026-10-02 10:55:29,642 [ERROR] LogOutputStream:75 - [STDERR_REDIRECT] 
2026-10-02 10:55:29,667 [ERROR] LogOutputStream:75 - [STDERR_REDIRECT] [Fatal Error] :1:1: Premature end of file.
2026-10-02 10:55:29,667 [ERROR] LogOutputStream:75 - [STDERR_REDIRECT] 
2026-10-02 10:55:29,695 [ERROR] LogOutputStream:75 - [STDERR_REDIRECT] [Fatal Error] :1:1: Premature end of file.
2026-10-02 10:55:29,695 [ERROR] LogOutputStream:75 - [STDERR_REDIRECT] 
2026-10-02 10:55:29,722 [ERROR] LogOutputStream:75 - [STDERR_REDIRECT] [Fatal Error] :1:1: Premature end of file.
2026-10-02 10:55:29,722 [ERROR] LogOutputStream:75 - [STDERR_REDIRECT] 
2026-10-02 10:55:29,747 [ERROR] LogOutputStream:75 - [STDERR_REDIRECT] [Fatal Error] :1:1: Premature end of file.
2026-10-02 10:55:29,747 [ERROR] LogOutputStream:75 - [STDERR_REDIRECT] 
2026-10-02 10:55:29,769 [ERROR] LogOutputStream:75 - [STDERR_REDIRECT] [Fatal Error] :1:1: Premature end of file.
2026-10-02 10:55:29,769 [ERROR] LogOutputStream:75 - [STDERR_REDIRECT] 
2026-10-02 10:55:29,799 [ERROR] LogOutputStream:75 - [STDERR_REDIRECT] [Fatal Error] :1:1: Premature end of file.
2026-10-02 10:55:29,799 [ERROR] LogOutputStream:75 - [STDERR_REDIRECT] 
2026-10-02 10:55:29,827 [ERROR] LogOutputStream:75 - [STDERR_REDIRECT] [Fatal Error] :1:1: Premature end of file.
2026-10-02 10:55:29,827 [ERROR] LogOutputStream:75 - [STDERR_REDIRECT] 
2026-10-02 10:55:29,852 [ERROR] LogOutputStream:75 - [STDERR_REDIRECT] [Fatal Error] :1:1: Premature end of file.
2026-10-02 10:55:29,852 [ERROR] LogOutputStream:75 - [STDERR_REDIRECT] 
2026-10-02 10:55:29,878 [ERROR] LogOutputStream:75 - [STDERR_REDIRECT] [Fatal Error] :1:1: Premature end of file.
2026-10-02 10:55:29,878 [ERROR] LogOutputStream:75 - [STDERR_REDIRECT] 
2026-10-02 10:55:29,911 [ERROR] LogOutputStream:75 - [STDERR_REDIRECT] [Fatal Error] :1:1: Premature end of file.
2026-10-02 10:55:29,911 [ERROR] LogOutputStream:75 - [STDERR_REDIRECT] 
2026-10-02 10:55:29,935 [ERROR] LogOutputStream:75 - [STDERR_REDIRECT] [Fatal Error] :1:1: Premature end of file.
2026-10-02 10:55:29,935 [ERROR] LogOutputStream:75 - [STDERR_REDIRECT] 
2026-10-02 10:55:29,964 [ERROR] LogOutputStream:75 - [STDERR_REDIRECT] [Fatal Error] :1:1: Premature end of file.
2026-10-02 10:55:29,964 [ERROR] LogOutputStream:75 - [STDERR_REDIRECT] 
2026-10-02 10:55:29,991 [ERROR] LogOutputStream:75 - [STDERR_REDIRECT] [Fatal Error] :1:1: Premature end of file.
2026-10-02 10:55:29,991 [ERROR] LogOutputStream:75 - [STDERR_REDIRECT] 
2026-10-02 10:55:30,017 [ERROR] LogOutputStream:75 - [STDERR_REDIRECT] [Fatal Error] :1:1: Premature end of file.
2026-10-02 10:55:30,017 [ERROR] LogOutputStream:75 - [STDERR_REDIRECT] 
2026-10-02 10:55:30,041 [ERROR] LogOutputStream:75 - [STDERR_REDIRECT] [Fatal Error] :1:1: Premature end of file.
2026-10-02 10:55:30,041 [ERROR] LogOutputStream:75 - [STDERR_REDIRECT] 
2026-10-02 10:55:30,071 [ERROR] LogOutputStream:75 - [STDERR_REDIRECT] [Fatal Error] :1:1: Premature end of file.
2026-10-02 10:55:30,071 [ERROR] LogOutputStream:75 - [STDERR_REDIRECT] 
2026-10-02 10:55:30,099 [ERROR] LogOutputStream:75 - [STDERR_REDIRECT] [Fatal Error] :1:1: Premature end of file.
2026-10-02 10:55:30,100 [ERROR] LogOutputStream:75 - [STDERR_REDIRECT] 
2026-10-02 10:55:30,122 [ERROR] LogOutputStream:75 - [STDERR_REDIRECT] [Fatal Error] :1:1: Premature end of file.
2026-10-02 10:55:30,122 [ERROR] LogOutputStream:75 - [STDERR_REDIRECT] 
2026-10-02 10:55:30,146 [ERROR] LogOutputStream:75 - [STDERR_REDIRECT] [Fatal Error] :1:1: Premature end of file.
2026-10-02 10:55:30,146 [ERROR] LogOutputStream:75 - [STDERR_REDIRECT] 
2026-10-02 10:55:30,177 [ERROR] LogOutputStream:75 - [STDERR_REDIRECT] [Fatal Error] :1:1: Premature end of file.
2026-10-02 10:55:30,177 [ERROR] LogOutputStream:75 - [STDERR_REDIRECT] 
2026-10-02 10:55:30,194 [ERROR] LogOutputStream:75 - [STDERR_REDIRECT] [Fatal Error] :1:1: Premature end of file.
2026-10-02 10:55:30,194 [ERROR] LogOutputStream:75 - [STDERR_REDIRECT] 
2026-10-02 10:55:30,223 [ERROR] LogOutputStream:75 - [STDERR_REDIRECT] [Fatal Error] :1:1: Premature end of file.
2026-10-02 10:55:30,223 [ERROR] LogOutputStream:75 - [STDERR_REDIRECT] 
2026-10-02 10:55:30,248 [ERROR] LogOutputStream:75 - [STDERR_REDIRECT] [Fatal Error] :1:1: Premature end of file.
2026-10-02 10:55:30,248 [ERROR] LogOutputStream:75 - [STDERR_REDIRECT] 
2026-10-02 10:55:30,274 [ERROR] LogOutputStream:75 - [STDERR_REDIRECT] [Fatal Error] :1:1: Premature end of file.
2026-10-02 10:55:30,274 [ERROR] LogOutputStream:75 - [STDERR_REDIRECT] 
2026-10-02 10:55:30,315 [ERROR] LogOutputStream:75 - [STDERR_REDIRECT] [Fatal Error] :1:1: Premature end of file.
2026-10-02 10:55:30,315 [ERROR] LogOutputStream:75 - [STDERR_REDIRECT] 
2026-10-02 10:55:30,345 [ERROR] LogOutputStream:75 - [STDERR_REDIRECT] [Fatal Error] :1:1: Premature end of file.
2026-10-02 10:55:30,345 [ERROR] LogOutputStream:75 - [STDERR_REDIRECT] 
2026-10-02 10:55:30,375 [ERROR] LogOutputStream:75 - [STDERR_REDIRECT] [Fatal Error] :1:1: Premature end of file.
2026-10-02 10:55:30,375 [ERROR] LogOutputStream:75 - [STDERR_REDIRECT] 
2026-10-02 10:55:30,409 [ERROR] LogOutputStream:75 - [STDERR_REDIRECT] [Fatal Error] :1:1: Premature end of file.
2026-10-02 10:55:30,409 [ERROR] LogOutputStream:75 - [STDERR_REDIRECT] 
2026-10-02 10:55:30,438 [ERROR] LogOutputStream:75 - [STDERR_REDIRECT] [Fatal Error] :1:1: Premature end of file.
2026-10-02 10:55:30,438 [ERROR] LogOutputStream:75 - [STDERR_REDIRECT] 
2026-10-02 10:55:30,465 [ERROR] LogOutputStream:75 - [STDERR_REDIRECT] [Fatal Error] :1:1: Premature end of file.
2026-10-02 10:55:30,465 [ERROR] LogOutputStream:75 - [STDERR_REDIRECT] 
2026-10-02 10:55:30,480 [ERROR] LogOutputStream:75 - [STDERR_REDIRECT] [Fatal Error] :1:1: Premature end of file.
2026-10-02 10:55:30,480 [ERROR] LogOutputStream:75 - [STDERR_REDIRECT] 
2026-10-02 10:55:30,511 [ERROR] LogOutputStream:75 - [STDERR_REDIRECT] [Fatal Error] :1:1: Premature end of file.
2026-10-02 10:55:30,511 [ERROR] LogOutputStream:75 - [STDERR_REDIRECT] 
2026-10-02 10:55:30,542 [ERROR] LogOutputStream:75 - [STDERR_REDIRECT] [Fatal Error] :1:1: Premature end of file.
2026-10-02 10:55:30,542 [ERROR] LogOutputStream:75 - [STDERR_REDIRECT] 
2026-10-02 10:55:30,567 [ERROR] LogOutputStream:75 - [STDERR_REDIRECT] [Fatal Error] :1:1: Premature end of file.
2026-10-02 10:55:30,567 [ERROR] LogOutputStream:75 - [STDERR_REDIRECT] 
2026-10-02 10:55:30,591 [ERROR] LogOutputStream:75 - [STDERR_REDIRECT] [Fatal Error] :1:1: Premature end of file.
2026-10-02 10:55:30,591 [ERROR] LogOutputStream:75 - [STDERR_REDIRECT] 
2026-10-02 10:55:30,615 [ERROR] LogOutputStream:75 - [STDERR_REDIRECT] [Fatal Error] :1:1: Premature end of file.
2026-10-02 10:55:30,615 [ERROR] LogOutputStream:75 - [STDERR_REDIRECT] 
2026-10-02 10:55:30,637 [ERROR] LogOutputStream:75 - [STDERR_REDIRECT] [Fatal Error] :1:1: Premature end of file.
2026-10-02 10:55:30,641 [ERROR] LogOutputStream:75 - [STDERR_REDIRECT] 
2026-10-02 10:55:30,663 [ERROR] LogOutputStream:75 - [STDERR_REDIRECT] [Fatal Error] :1:1: Premature end of file.
2026-10-02 10:55:30,663 [ERROR] LogOutputStream:75 - [STDERR_REDIRECT] 
2026-10-02 10:55:30,684 [ERROR] LogOutputStream:75 - [STDERR_REDIRECT] [Fatal Error] :1:1: Premature end of file.
2026-10-02 10:55:30,684 [ERROR] LogOutputStream:75 - [STDERR_REDIRECT] 
2026-10-02 10:55:30,710 [ERROR] LogOutputStream:75 - [STDERR_REDIRECT] [Fatal Error] :1:1: Premature end of file.
2026-10-02 10:55:30,710 [ERROR] LogOutputStream:75 - [STDERR_REDIRECT] 
2026-10-02 10:55:30,732 [ERROR] LogOutputStream:75 - [STDERR_REDIRECT] [Fatal Error] :1:1: Premature end of file.
2026-10-02 10:55:30,732 [ERROR] LogOutputStream:75 - [STDERR_REDIRECT] 
2026-10-02 10:55:30,758 [ERROR] LogOutputStream:75 - [STDERR_REDIRECT] [Fatal Error] :1:1: Premature end of file.
2026-10-02 10:55:30,758 [ERROR] LogOutputStream:75 - [STDERR_REDIRECT] 
2026-10-02 10:55:30,780 [ERROR] LogOutputStream:75 - [STDERR_REDIRECT] [Fatal Error] :1:1: Premature end of file.
2026-10-02 10:55:30,780 [ERROR] LogOutputStream:75 - [STDERR_REDIRECT] 
2026-10-02 10:55:30,806 [ERROR] LogOutputStream:75 - [STDERR_REDIRECT] [Fatal Error] :1:1: Premature end of file.
2026-10-02 10:55:30,806 [ERROR] LogOutputStream:75 - [STDERR_REDIRECT] 
2026-10-02 10:55:30,828 [ERROR] LogOutputStream:75 - [STDERR_REDIRECT] [Fatal Error] :1:1: Premature end of file.
2026-10-02 10:55:30,828 [ERROR] LogOutputStream:75 - [STDERR_REDIRECT] 
2026-10-02 10:55:30,853 [ERROR] LogOutputStream:75 - [STDERR_REDIRECT] [Fatal Error] :1:1: Premature end of file.
2026-10-02 10:55:30,854 [ERROR] LogOutputStream:75 - [STDERR_REDIRECT] 
2026-10-02 10:55:30,877 [ERROR] LogOutputStream:75 - [STDERR_REDIRECT] [Fatal Error] :1:1: Premature end of file.
2026-10-02 10:55:30,877 [ERROR] LogOutputStream:75 - [STDERR_REDIRECT] 
2026-10-02 10:55:30,901 [ERROR] LogOutputStream:75 - [STDERR_REDIRECT] [Fatal Error] :1:1: Premature end of file.
2026-10-02 10:55:30,901 [ERROR] LogOutputStream:75 - [STDERR_REDIRECT] 
2026-10-02 10:55:30,922 [ERROR] LogOutputStream:75 - [STDERR_REDIRECT] [Fatal Error] :1:1: Premature end of file.
2026-10-02 10:55:30,922 [ERROR] LogOutputStream:75 - [STDERR_REDIRECT] 
2026-10-02 10:55:30,948 [ERROR] LogOutputStream:75 - [STDERR_REDIRECT] [Fatal Error] :1:1: Premature end of file.
2026-10-02 10:55:30,948 [ERROR] LogOutputStream:75 - [STDERR_REDIRECT] 
2026-10-02 10:55:30,973 [ERROR] LogOutputStream:75 - [STDERR_REDIRECT] [Fatal Error] :1:1: Premature end of file.
2026-10-02 10:55:30,973 [ERROR] LogOutputStream:75 - [STDERR_REDIRECT] 
2026-10-02 10:55:30,993 [ERROR] LogOutputStream:75 - [STDERR_REDIRECT] [Fatal Error] :1:1: Premature end of file.
2026-10-02 10:55:30,993 [ERROR] LogOutputStream:75 - [STDERR_REDIRECT] 
2026-10-02 10:55:31,017 [ERROR] LogOutputStream:75 - [STDERR_REDIRECT] [Fatal Error] :1:1: Premature end of file.
2026-10-02 10:55:31,017 [ERROR] LogOutputStream:75 - [STDERR_REDIRECT] 
2026-10-02 10:55:31,043 [ERROR] LogOutputStream:75 - [STDERR_REDIRECT] [Fatal Error] :1:1: Premature end of file.
2026-10-02 10:55:31,043 [ERROR] LogOutputStream:75 - [STDERR_REDIRECT] 
2026-10-02 10:55:31,064 [ERROR] LogOutputStream:75 - [STDERR_REDIRECT] [Fatal Error] :1:1: Premature end of file.
2026-10-02 10:55:31,064 [ERROR] LogOutputStream:75 - [STDERR_REDIRECT] 
2026-10-02 10:55:31,094 [ERROR] LogOutputStream:75 - [STDERR_REDIRECT] [Fatal Error] :1:1: Premature end of file.
2026-10-02 10:55:31,094 [ERROR] LogOutputStream:75 - [STDERR_REDIRECT] 
2026-10-02 10:55:31,112 [ERROR] LogOutputStream:75 - [STDERR_REDIRECT] [Fatal Error] :1:1: Premature end of file.
2026-10-02 10:55:31,112 [ERROR] LogOutputStream:75 - [STDERR_REDIRECT] 
2026-10-02 10:55:31,143 [ERROR] LogOutputStream:75 - [STDERR_REDIRECT] [Fatal Error] :1:1: Premature end of file.
2026-10-02 10:55:31,143 [ERROR] LogOutputStream:75 - [STDERR_REDIRECT] 
2026-10-02 10:55:31,160 [ERROR] LogOutputStream:75 - [STDERR_REDIRECT] [Fatal Error] :1:1: Premature end of file.
2026-10-02 10:55:31,160 [ERROR] LogOutputStream:75 - [STDERR_REDIRECT] 
2026-10-02 10:55:31,188 [ERROR] LogOutputStream:75 - [STDERR_REDIRECT] [Fatal Error] :1:1: Premature end of file.
2026-10-02 10:55:31,188 [ERROR] LogOutputStream:75 - [STDERR_REDIRECT] 
2026-10-02 10:55:31,210 [ERROR] LogOutputStream:75 - [STDERR_REDIRECT] [Fatal Error] :1:1: Premature end of file.
2026-10-02 10:55:31,210 [ERROR] LogOutputStream:75 - [STDERR_REDIRECT] 
2026-10-02 10:55:31,233 [ERROR] LogOutputStream:75 - [STDERR_REDIRECT] [Fatal Error] :1:1: Premature end of file.
2026-10-02 10:55:31,233 [ERROR] LogOutputStream:75 - [STDERR_REDIRECT] 
2026-10-02 10:55:31,259 [ERROR] LogOutputStream:75 - [STDERR_REDIRECT] [Fatal Error] :1:1: Premature end of file.
2026-10-02 10:55:31,259 [ERROR] LogOutputStream:75 - [STDERR_REDIRECT] 
2026-10-02 10:55:31,283 [ERROR] LogOutputStream:75 - [STDERR_REDIRECT] [Fatal Error] :1:1: Premature end of file.
2026-10-02 10:55:31,284 [ERROR] LogOutputStream:75 - [STDERR_REDIRECT] 
2026-10-02 10:55:31,300 [ERROR] LogOutputStream:75 - [STDERR_REDIRECT] [Fatal Error] :1:1: Premature end of file.
2026-10-02 10:55:31,300 [ERROR] LogOutputStream:75 - [STDERR_REDIRECT] 
2026-10-02 10:55:31,331 [ERROR] LogOutputStream:75 - [STDERR_REDIRECT] [Fatal Error] :1:1: Premature end of file.
2026-10-02 10:55:31,331 [ERROR] LogOutputStream:75 - [STDERR_REDIRECT] 
2026-10-02 10:55:31,349 [ERROR] LogOutputStream:75 - [STDERR_REDIRECT] [Fatal Error] :1:1: Premature end of file.
2026-10-02 10:55:31,349 [ERROR] LogOutputStream:75 - [STDERR_REDIRECT] 
2026-10-02 10:55:31,384 [ERROR] LogOutputStream:75 - [STDERR_REDIRECT] [Fatal Error] :1:1: Premature end of file.
2026-10-02 10:55:31,384 [ERROR] LogOutputStream:75 - [STDERR_REDIRECT] 
2026-10-02 10:55:31,411 [ERROR] LogOutputStream:75 - [STDERR_REDIRECT] [Fatal Error] :1:1: Premature end of file.
2026-10-02 10:55:31,411 [ERROR] LogOutputStream:75 - [STDERR_REDIRECT] 
2026-10-02 10:55:31,438 [ERROR] LogOutputStream:75 - [STDERR_REDIRECT] [Fatal Error] :1:1: Premature end of file.
2026-10-02 10:55:31,438 [ERROR] LogOutputStream:75 - [STDERR_REDIRECT] 
2026-10-02 10:55:31,465 [ERROR] LogOutputStream:75 - [STDERR_REDIRECT] [Fatal Error] :1:1: Premature end of file.
2026-10-02 10:55:31,466 [ERROR] LogOutputStream:75 - [STDERR_REDIRECT] 
2026-10-02 10:55:31,489 [ERROR] LogOutputStream:75 - [STDERR_REDIRECT] [Fatal Error] :1:1: Premature end of file.
2026-10-02 10:55:31,489 [ERROR] LogOutputStream:75 - [STDERR_REDIRECT] 
2026-10-02 10:55:31,517 [ERROR] LogOutputStream:75 - [STDERR_REDIRECT] [Fatal Error] :1:1: Premature end of file.
2026-10-02 10:55:31,517 [ERROR] LogOutputStream:75 - [STDERR_REDIRECT] 
2026-10-02 10:55:31,541 [ERROR] LogOutputStream:75 - [STDERR_REDIRECT] [Fatal Error] :1:1: Premature end of file.
2026-10-02 10:55:31,541 [ERROR] LogOutputStream:75 - [STDERR_REDIRECT] 
2026-10-02 10:55:31,573 [ERROR] LogOutputStream:75 - [STDERR_REDIRECT] [Fatal Error] :1:1: Premature end of file.
2026-10-02 10:55:31,573 [ERROR] LogOutputStream:75 - [STDERR_REDIRECT] 
2026-10-02 10:55:31,600 [ERROR] LogOutputStream:75 - [STDERR_REDIRECT] [Fatal Error] :1:1: Premature end of file.
2026-10-02 10:55:31,600 [ERROR] LogOutputStream:75 - [STDERR_REDIRECT] 
2026-10-02 10:55:31,625 [ERROR] LogOutputStream:75 - [STDERR_REDIRECT] [Fatal Error] :1:1: Premature end of file.
2026-10-02 10:55:31,625 [ERROR] LogOutputStream:75 - [STDERR_REDIRECT] 
2026-10-02 10:55:31,647 [ERROR] LogOutputStream:75 - [STDERR_REDIRECT] [Fatal Error] :1:1: Premature end of file.
2026-10-02 10:55:31,647 [ERROR] LogOutputStream:75 - [STDERR_REDIRECT] 
2026-10-02 10:55:31,669 [ERROR] LogOutputStream:75 - [STDERR_REDIRECT] [Fatal Error] :1:1: Premature end of file.
2026-10-02 10:55:31,669 [ERROR] LogOutputStream:75 - [STDERR_REDIRECT] 
2026-10-02 10:55:31,699 [ERROR] LogOutputStream:75 - [STDERR_REDIRECT] [Fatal Error] :1:1: Premature end of file.
2026-10-02 10:55:31,699 [ERROR] LogOutputStream:75 - [STDERR_REDIRECT] 
2026-10-02 10:55:31,727 [ERROR] LogOutputStream:75 - [STDERR_REDIRECT] [Fatal Error] :1:1: Premature end of file.
2026-10-02 10:55:31,727 [ERROR] LogOutputStream:75 - [STDERR_REDIRECT] 
2026-10-02 10:55:31,743 [ERROR] LogOutputStream:75 - [STDERR_REDIRECT] [Fatal Error] :1:1: Premature end of file.
2026-10-02 10:55:31,743 [ERROR] LogOutputStream:75 - [STDERR_REDIRECT] 
2026-10-02 10:55:31,777 [ERROR] LogOutputStream:75 - [STDERR_REDIRECT] [Fatal Error] :1:1: Premature end of file.
2026-10-02 10:55:31,777 [ERROR] LogOutputStream:75 - [STDERR_REDIRECT] 
2026-10-02 10:55:31,801 [ERROR] LogOutputStream:75 - [STDERR_REDIRECT] [Fatal Error] :1:1: Premature end of file.
2026-10-02 10:55:31,801 [ERROR] LogOutputStream:75 - [STDERR_REDIRECT] 
2026-10-02 10:55:31,825 [ERROR] LogOutputStream:75 - [STDERR_REDIRECT] [Fatal Error] :1:1: Premature end of file.
2026-10-02 10:55:31,825 [ERROR] LogOutputStream:75 - [STDERR_REDIRECT] 
2026-10-02 10:55:31,841 [ERROR] LogOutputStream:75 - [STDERR_REDIRECT] [Fatal Error] :1:1: Premature end of file.
2026-10-02 10:55:31,841 [ERROR] LogOutputStream:75 - [STDERR_REDIRECT] 
2026-10-02 10:55:31,869 [ERROR] LogOutputStream:75 - [STDERR_REDIRECT] [Fatal Error] :1:1: Premature end of file.
2026-10-02 10:55:31,869 [ERROR] LogOutputStream:75 - [STDERR_REDIRECT] 
2026-10-02 10:55:31,891 [ERROR] LogOutputStream:75 - [STDERR_REDIRECT] [Fatal Error] :1:1: Premature end of file.
2026-10-02 10:55:31,891 [ERROR] LogOutputStream:75 - [STDERR_REDIRECT] 
2026-10-02 10:55:31,920 [ERROR] LogOutputStream:75 - [STDERR_REDIRECT] [Fatal Error] :1:1: Premature end of file.
2026-10-02 10:55:31,920 [ERROR] LogOutputStream:75 - [STDERR_REDIRECT] 
2026-10-02 10:55:31,941 [ERROR] LogOutputStream:75 - [STDERR_REDIRECT] [Fatal Error] :1:1: Premature end of file.
2026-10-02 10:55:31,941 [ERROR] LogOutputStream:75 - [STDERR_REDIRECT] 
2026-10-02 10:55:31,965 [ERROR] LogOutputStream:75 - [STDERR_REDIRECT] [Fatal Error] :1:1: Premature end of file.
2026-10-02 10:55:31,965 [ERROR] LogOutputStream:75 - [STDERR_REDIRECT] 
2026-10-02 10:55:31,981 [ERROR] LogOutputStream:75 - [STDERR_REDIRECT] [Fatal Error] :1:1: Premature end of file.
2026-10-02 10:55:31,981 [ERROR] LogOutputStream:75 - [STDERR_REDIRECT] 
2026-10-02 10:55:32,013 [ERROR] LogOutputStream:75 - [STDERR_REDIRECT] [Fatal Error] :1:1: Premature end of file.
2026-10-02 10:55:32,013 [ERROR] LogOutputStream:75 - [STDERR_REDIRECT] 
2026-10-02 10:55:32,033 [ERROR] LogOutputStream:75 - [STDERR_REDIRECT] [Fatal Error] :1:1: Premature end of file.
2026-10-02 10:55:32,033 [ERROR] LogOutputStream:75 - [STDERR_REDIRECT] 
2026-10-02 10:55:32,061 [ERROR] LogOutputStream:75 - [STDERR_REDIRECT] [Fatal Error] :1:1: Premature end of file.
2026-10-02 10:55:32,061 [ERROR] LogOutputStream:75 - [STDERR_REDIRECT] 
2026-10-02 10:55:32,076 [ERROR] LogOutputStream:75 - [STDERR_REDIRECT] [Fatal Error] :1:1: Premature end of file.
2026-10-02 10:55:32,076 [ERROR] LogOutputStream:75 - [STDERR_REDIRECT] 
2026-10-02 10:55:32,109 [ERROR] LogOutputStream:75 - [STDERR_REDIRECT] [Fatal Error] :1:1: Premature end of file.
2026-10-02 10:55:32,109 [ERROR] LogOutputStream:75 - [STDERR_REDIRECT] 
2026-10-02 10:55:32,133 [ERROR] LogOutputStream:75 - [STDERR_REDIRECT] [Fatal Error] :1:1: Premature end of file.
2026-10-02 10:55:32,133 [ERROR] LogOutputStream:75 - [STDERR_REDIRECT] 
2026-10-02 10:55:32,155 [ERROR] LogOutputStream:75 - [STDERR_REDIRECT] [Fatal Error] :1:1: Premature end of file.
2026-10-02 10:55:32,155 [ERROR] LogOutputStream:75 - [STDERR_REDIRECT] 
2026-10-02 10:55:32,177 [ERROR] LogOutputStream:75 - [STDERR_REDIRECT] [Fatal Error] :1:1: Premature end of file.
2026-10-02 10:55:32,177 [ERROR] LogOutputStream:75 - [STDERR_REDIRECT] 
2026-10-02 10:55:32,203 [ERROR] LogOutputStream:75 - [STDERR_REDIRECT] [Fatal Error] :1:1: Premature end of file.
2026-10-02 10:55:32,203 [ERROR] LogOutputStream:75 - [STDERR_REDIRECT] 
2026-10-02 10:55:32,226 [ERROR] LogOutputStream:75 - [STDERR_REDIRECT] [Fatal Error] :1:1: Premature end of file.
2026-10-02 10:55:32,226 [ERROR] LogOutputStream:75 - [STDERR_REDIRECT] 
2026-10-02 10:55:32,250 [ERROR] LogOutputStream:75 - [STDERR_REDIRECT] [Fatal Error] :1:1: Premature end of file.
2026-10-02 10:55:32,250 [ERROR] LogOutputStream:75 - [STDERR_REDIRECT] 
2026-10-02 10:55:32,278 [ERROR] LogOutputStream:75 - [STDERR_REDIRECT] [Fatal Error] :1:1: Premature end of file.
2026-10-02 10:55:32,278 [ERROR] LogOutputStream:75 - [STDERR_REDIRECT] 
2026-10-02 10:55:32,314 [ERROR] LogOutputStream:75 - [STDERR_REDIRECT] [Fatal Error] :1:1: Premature end of file.
2026-10-02 10:55:32,314 [ERROR] LogOutputStream:75 - [STDERR_REDIRECT] 
2026-10-02 10:55:32,355 [ERROR] LogOutputStream:75 - [STDERR_REDIRECT] [Fatal Error] :1:1: Premature end of file.
2026-10-02 10:55:32,355 [ERROR] LogOutputStream:75 - [STDERR_REDIRECT] 
2026-10-02 10:55:32,377 [ERROR] LogOutputStream:75 - [STDERR_REDIRECT] [Fatal Error] :1:1: Premature end of file.
2026-10-02 10:55:32,377 [ERROR] LogOutputStream:75 - [STDERR_REDIRECT] 
2026-10-02 10:55:32,408 [ERROR] LogOutputStream:75 - [STDERR_REDIRECT] [Fatal Error] :1:1: Premature end of file.
2026-10-02 10:55:32,408 [ERROR] LogOutputStream:75 - [STDERR_REDIRECT] 
2026-10-02 10:55:32,434 [ERROR] LogOutputStream:75 - [STDERR_REDIRECT] [Fatal Error] :1:1: Premature end of file.
2026-10-02 10:55:32,434 [ERROR] LogOutputStream:75 - [STDERR_REDIRECT] 
2026-10-02 10:55:32,462 [ERROR] LogOutputStream:75 - [STDERR_REDIRECT] [Fatal Error] :1:1: Premature end of file.
2026-10-02 10:55:32,462 [ERROR] LogOutputStream:75 - [STDERR_REDIRECT] 
2026-10-02 10:55:32,487 [ERROR] LogOutputStream:75 - [STDERR_REDIRECT] [Fatal Error] :1:1: Premature end of file.
2026-10-02 10:55:32,487 [ERROR] LogOutputStream:75 - [STDERR_REDIRECT] 
2026-10-02 10:55:32,513 [ERROR] LogOutputStream:75 - [STDERR_REDIRECT] [Fatal Error] :1:1: Premature end of file.
2026-10-02 10:55:32,513 [ERROR] LogOutputStream:75 - [STDERR_REDIRECT] 
2026-10-02 10:55:32,536 [ERROR] LogOutputStream:75 - [STDERR_REDIRECT] [Fatal Error] :1:1: Premature end of file.
2026-10-02 10:55:32,536 [ERROR] LogOutputStream:75 - [STDERR_REDIRECT] 
2026-10-02 10:55:32,561 [ERROR] LogOutputStream:75 - [STDERR_REDIRECT] [Fatal Error] :1:1: Premature end of file.
2026-10-02 10:55:32,561 [ERROR] LogOutputStream:75 - [STDERR_REDIRECT] 
2026-10-02 10:55:32,589 [ERROR] LogOutputStream:75 - [STDERR_REDIRECT] [Fatal Error] :1:1: Premature end of file.
2026-10-02 10:55:32,589 [ERROR] LogOutputStream:75 - [STDERR_REDIRECT] 
2026-10-02 10:55:32,609 [ERROR] LogOutputStream:75 - [STDERR_REDIRECT] [Fatal Error] :1:1: Premature end of file.
2026-10-02 10:55:32,609 [ERROR] LogOutputStream:75 - [STDERR_REDIRECT] 
2026-10-02 10:55:32,633 [ERROR] LogOutputStream:75 - [STDERR_REDIRECT] [Fatal Error] :1:1: Premature end of file.
2026-10-02 10:55:32,633 [ERROR] LogOutputStream:75 - [STDERR_REDIRECT] 
2026-10-02 10:55:32,658 [ERROR] LogOutputStream:75 - [STDERR_REDIRECT] [Fatal Error] :1:1: Premature end of file.
2026-10-02 10:55:32,658 [ERROR] LogOutputStream:75 - [STDERR_REDIRECT] 
2026-10-02 10:55:32,677 [ERROR] LogOutputStream:75 - [STDERR_REDIRECT] [Fatal Error] :1:1: Premature end of file.
2026-10-02 10:55:32,677 [ERROR] LogOutputStream:75 - [STDERR_REDIRECT] 
2026-10-02 10:55:32,708 [ERROR] LogOutputStream:75 - [STDERR_REDIRECT] [Fatal Error] :1:1: Premature end of file.
2026-10-02 10:55:32,708 [ERROR] LogOutputStream:75 - [STDERR_REDIRECT] 
2026-10-02 10:55:32,733 [ERROR] LogOutputStream:75 - [STDERR_REDIRECT] [Fatal Error] :1:1: Premature end of file.
2026-10-02 10:55:32,733 [ERROR] LogOutputStream:75 - [STDERR_REDIRECT] 
2026-10-02 10:55:32,759 [ERROR] LogOutputStream:75 - [STDERR_REDIRECT] [Fatal Error] :1:1: Premature end of file.
2026-10-02 10:55:32,759 [ERROR] LogOutputStream:75 - [STDERR_REDIRECT] 
2026-10-02 10:55:32,772 [ERROR] LogOutputStream:75 - [STDERR_REDIRECT] [Fatal Error] :1:1: Premature end of file.
2026-10-02 10:55:32,772 [ERROR] LogOutputStream:75 - [STDERR_REDIRECT] 
2026-10-02 10:55:32,804 [ERROR] LogOutputStream:75 - [STDERR_REDIRECT] [Fatal Error] :1:1: Premature end of file.
2026-10-02 10:55:32,808 [ERROR] LogOutputStream:75 - [STDERR_REDIRECT] 
2026-10-02 10:55:32,833 [ERROR] LogOutputStream:75 - [STDERR_REDIRECT] [Fatal Error] :1:1: Premature end of file.
2026-10-02 10:55:32,833 [ERROR] LogOutputStream:75 - [STDERR_REDIRECT] 
2026-10-02 10:55:32,854 [ERROR] LogOutputStream:75 - [STDERR_REDIRECT] [Fatal Error] :1:1: Premature end of file.
2026-10-02 10:55:32,854 [ERROR] LogOutputStream:75 - [STDERR_REDIRECT] 
2026-10-02 10:55:32,878 [ERROR] LogOutputStream:75 - [STDERR_REDIRECT] [Fatal Error] :1:1: Premature end of file.
2026-10-02 10:55:32,878 [ERROR] LogOutputStream:75 - [STDERR_REDIRECT] 
2026-10-02 10:55:32,910 [ERROR] LogOutputStream:75 - [STDERR_REDIRECT] [Fatal Error] :1:1: Premature end of file.
2026-10-02 10:55:32,910 [ERROR] LogOutputStream:75 - [STDERR_REDIRECT] 
2026-10-02 10:55:32,942 [ERROR] LogOutputStream:75 - [STDERR_REDIRECT] [Fatal Error] :1:1: Premature end of file.
2026-10-02 10:55:32,942 [ERROR] LogOutputStream:75 - [STDERR_REDIRECT] 
2026-10-02 10:55:32,972 [ERROR] LogOutputStream:75 - [STDERR_REDIRECT] [Fatal Error] :1:1: Premature end of file.
2026-10-02 10:55:32,972 [ERROR] LogOutputStream:75 - [STDERR_REDIRECT] 
2026-10-02 10:55:32,994 [ERROR] LogOutputStream:75 - [STDERR_REDIRECT] [Fatal Error] :1:1: Premature end of file.
2026-10-02 10:55:32,994 [ERROR] LogOutputStream:75 - [STDERR_REDIRECT] 
2026-10-02 10:55:33,026 [ERROR] LogOutputStream:75 - [STDERR_REDIRECT] [Fatal Error] :1:1: Premature end of file.
2026-10-02 10:55:33,026 [ERROR] LogOutputStream:75 - [STDERR_REDIRECT] 
2026-10-02 10:55:33,052 [ERROR] LogOutputStream:75 - [STDERR_REDIRECT] [Fatal Error] :1:1: Premature end of file.
2026-10-02 10:55:33,052 [ERROR] LogOutputStream:75 - [STDERR_REDIRECT] 
2026-10-02 10:55:33,080 [ERROR] LogOutputStream:75 - [STDERR_REDIRECT] [Fatal Error] :1:1: Premature end of file.
2026-10-02 10:55:33,080 [ERROR] LogOutputStream:75 - [STDERR_REDIRECT] 
2026-10-02 10:55:33,105 [ERROR] LogOutputStream:75 - [STDERR_REDIRECT] [Fatal Error] :1:1: Premature end of file.
2026-10-02 10:55:33,105 [ERROR] LogOutputStream:75 - [STDERR_REDIRECT] 
2026-10-02 10:55:33,138 [ERROR] LogOutputStream:75 - [STDERR_REDIRECT] [Fatal Error] :1:1: Premature end of file.
2026-10-02 10:55:33,138 [ERROR] LogOutputStream:75 - [STDERR_REDIRECT] 
2026-10-02 10:55:33,168 [ERROR] LogOutputStream:75 - [STDERR_REDIRECT] [Fatal Error] :1:1: Premature end of file.
2026-10-02 10:55:33,168 [ERROR] LogOutputStream:75 - [STDERR_REDIRECT] 
2026-10-02 10:55:33,200 [ERROR] LogOutputStream:75 - [STDERR_REDIRECT] [Fatal Error] :1:1: Premature end of file.
2026-10-02 10:55:33,200 [ERROR] LogOutputStream:75 - [STDERR_REDIRECT] 
2026-10-02 10:55:33,232 [ERROR] LogOutputStream:75 - [STDERR_REDIRECT] [Fatal Error] :1:1: Premature end of file.
2026-10-02 10:55:33,232 [ERROR] LogOutputStream:75 - [STDERR_REDIRECT] 
2026-10-02 10:55:33,264 [ERROR] LogOutputStream:75 - [STDERR_REDIRECT] [Fatal Error] :1:1: Premature end of file.
2026-10-02 10:55:33,264 [ERROR] LogOutputStream:75 - [STDERR_REDIRECT] 
2026-10-02 10:55:33,304 [ERROR] LogOutputStream:75 - [STDERR_REDIRECT] [Fatal Error] :1:1: Premature end of file.
2026-10-02 10:55:33,304 [ERROR] LogOutputStream:75 - [STDERR_REDIRECT] 
2026-10-02 10:55:33,327 [ERROR] LogOutputStream:75 - [STDERR_REDIRECT] [Fatal Error] :1:1: Premature end of file.
2026-10-02 10:55:33,327 [ERROR] LogOutputStream:75 - [STDERR_REDIRECT] 
2026-10-02 10:55:33,358 [ERROR] LogOutputStream:75 - [STDERR_REDIRECT] [Fatal Error] :1:1: Premature end of file.
2026-10-02 10:55:33,358 [ERROR] LogOutputStream:75 - [STDERR_REDIRECT] 
2026-10-02 10:55:33,389 [ERROR] LogOutputStream:75 - [STDERR_REDIRECT] [Fatal Error] :1:1: Premature end of file.
2026-10-02 10:55:33,389 [ERROR] LogOutputStream:75 - [STDERR_REDIRECT] 
2026-10-02 10:55:33,414 [ERROR] LogOutputStream:75 - [STDERR_REDIRECT] [Fatal Error] :1:1: Premature end of file.
2026-10-02 10:55:33,421 [ERROR] LogOutputStream:75 - [STDERR_REDIRECT] 
2026-10-02 10:55:33,451 [ERROR] LogOutputStream:75 - [STDERR_REDIRECT] [Fatal Error] :1:1: Premature end of file.
2026-10-02 10:55:33,451 [ERROR] LogOutputStream:75 - [STDERR_REDIRECT] 
2026-10-02 10:55:33,478 [ERROR] LogOutputStream:75 - [STDERR_REDIRECT] [Fatal Error] :1:1: Premature end of file.
2026-10-02 10:55:33,478 [ERROR] LogOutputStream:75 - [STDERR_REDIRECT] 
2026-10-02 10:55:33,506 [ERROR] LogOutputStream:75 - [STDERR_REDIRECT] [Fatal Error] :1:1: Premature end of file.
2026-10-02 10:55:33,506 [ERROR] LogOutputStream:75 - [STDERR_REDIRECT] 
2026-10-02 10:55:33,531 [ERROR] LogOutputStream:75 - [STDERR_REDIRECT] [Fatal Error] :1:1: Premature end of file.
2026-10-02 10:55:33,531 [ERROR] LogOutputStream:75 - [STDERR_REDIRECT] 
2026-10-02 10:55:33,557 [ERROR] LogOutputStream:75 - [STDERR_REDIRECT] [Fatal Error] :1:1: Premature end of file.
2026-10-02 10:55:33,557 [ERROR] LogOutputStream:75 - [STDERR_REDIRECT] 
2026-10-02 10:55:33,580 [ERROR] LogOutputStream:75 - [STDERR_REDIRECT] [Fatal Error] :1:1: Premature end of file.
2026-10-02 10:55:33,580 [ERROR] LogOutputStream:75 - [STDERR_REDIRECT] 
2026-10-02 10:55:33,607 [ERROR] LogOutputStream:75 - [STDERR_REDIRECT] [Fatal Error] :1:1: Premature end of file.
2026-10-02 10:55:33,607 [ERROR] LogOutputStream:75 - [STDERR_REDIRECT] 
2026-10-02 10:55:33,639 [ERROR] LogOutputStream:75 - [STDERR_REDIRECT] [Fatal Error] :1:1: Premature end of file.
2026-10-02 10:55:33,639 [ERROR] LogOutputStream:75 - [STDERR_REDIRECT] 
2026-10-02 10:55:33,666 [ERROR] LogOutputStream:75 - [STDERR_REDIRECT] [Fatal Error] :1:1: Premature end of file.
2026-10-02 10:55:33,666 [ERROR] LogOutputStream:75 - [STDERR_REDIRECT] 
2026-10-02 10:55:33,694 [ERROR] LogOutputStream:75 - [STDERR_REDIRECT] [Fatal Error] :1:1: Premature end of file.
2026-10-02 10:55:33,694 [ERROR] LogOutputStream:75 - [STDERR_REDIRECT] 
2026-10-02 10:55:33,720 [ERROR] LogOutputStream:75 - [STDERR_REDIRECT] [Fatal Error] :1:1: Premature end of file.
2026-10-02 10:55:33,720 [ERROR] LogOutputStream:75 - [STDERR_REDIRECT] 
2026-10-02 10:55:33,745 [ERROR] LogOutputStream:75 - [STDERR_REDIRECT] [Fatal Error] :1:1: Premature end of file.
2026-10-02 10:55:33,745 [ERROR] LogOutputStream:75 - [STDERR_REDIRECT] 
2026-10-02 10:55:33,770 [ERROR] LogOutputStream:75 - [STDERR_REDIRECT] [Fatal Error] :1:1: Premature end of file.
2026-10-02 10:55:33,771 [ERROR] LogOutputStream:75 - [STDERR_REDIRECT] 
2026-10-02 10:55:33,797 [ERROR] LogOutputStream:75 - [STDERR_REDIRECT] [Fatal Error] :1:1: Premature end of file.
2026-10-02 10:55:33,797 [ERROR] LogOutputStream:75 - [STDERR_REDIRECT] 
2026-10-02 10:55:33,822 [ERROR] LogOutputStream:75 - [STDERR_REDIRECT] [Fatal Error] :1:1: Premature end of file.
2026-10-02 10:55:33,823 [ERROR] LogOutputStream:75 - [STDERR_REDIRECT] 
2026-10-02 10:55:33,851 [ERROR] LogOutputStream:75 - [STDERR_REDIRECT] [Fatal Error] :1:1: Premature end of file.
2026-10-02 10:55:33,851 [ERROR] LogOutputStream:75 - [STDERR_REDIRECT] 
2026-10-02 10:55:33,879 [ERROR] LogOutputStream:75 - [STDERR_REDIRECT] [Fatal Error] :1:1: Premature end of file.
2026-10-02 10:55:33,879 [ERROR] LogOutputStream:75 - [STDERR_REDIRECT] 
2026-10-02 10:55:33,906 [ERROR] LogOutputStream:75 - [STDERR_REDIRECT] [Fatal Error] :1:1: Premature end of file.
2026-10-02 10:55:33,906 [ERROR] LogOutputStream:75 - [STDERR_REDIRECT] 
2026-10-02 10:55:33,929 [ERROR] LogOutputStream:75 - [STDERR_REDIRECT] [Fatal Error] :1:1: Premature end of file.
2026-10-02 10:55:33,929 [ERROR] LogOutputStream:75 - [STDERR_REDIRECT] 
2026-10-02 10:55:33,953 [ERROR] LogOutputStream:75 - [STDERR_REDIRECT] [Fatal Error] :1:1: Premature end of file.
2026-10-02 10:55:33,953 [ERROR] LogOutputStream:75 - [STDERR_REDIRECT] 
2026-10-02 10:55:33,979 [ERROR] LogOutputStream:75 - [STDERR_REDIRECT] [Fatal Error] :1:1: Premature end of file.
2026-10-02 10:55:33,979 [ERROR] LogOutputStream:75 - [STDERR_REDIRECT] 
2026-10-02 10:55:34,002 [ERROR] LogOutputStream:75 - [STDERR_REDIRECT] [Fatal Error] :1:1: Premature end of file.
2026-10-02 10:55:34,002 [ERROR] LogOutputStream:75 - [STDERR_REDIRECT] 
2026-10-02 10:55:34,025 [ERROR] LogOutputStream:75 - [STDERR_REDIRECT] [Fatal Error] :1:1: Premature end of file.
2026-10-02 10:55:34,025 [ERROR] LogOutputStream:75 - [STDERR_REDIRECT] 
2026-10-02 10:55:34,050 [ERROR] LogOutputStream:75 - [STDERR_REDIRECT] [Fatal Error] :1:1: Premature end of file.
2026-10-02 10:55:34,050 [ERROR] LogOutputStream:75 - [STDERR_REDIRECT] 
2026-10-02 10:55:34,074 [ERROR] LogOutputStream:75 - [STDERR_REDIRECT] [Fatal Error] :1:1: Premature end of file.
2026-10-02 10:55:34,074 [ERROR] LogOutputStream:75 - [STDERR_REDIRECT] 
2026-10-02 10:55:34,100 [ERROR] LogOutputStream:75 - [STDERR_REDIRECT] [Fatal Error] :1:1: Premature end of file.
2026-10-02 10:55:34,100 [ERROR] LogOutputStream:75 - [STDERR_REDIRECT] 
2026-10-02 10:55:34,126 [ERROR] LogOutputStream:75 - [STDERR_REDIRECT] [Fatal Error] :1:1: Premature end of file.
2026-10-02 10:55:34,126 [ERROR] LogOutputStream:75 - [STDERR_REDIRECT] 
2026-10-02 10:55:34,154 [ERROR] LogOutputStream:75 - [STDERR_REDIRECT] [Fatal Error] :1:1: Premature end of file.
2026-10-02 10:55:34,154 [ERROR] LogOutputStream:75 - [STDERR_REDIRECT] 
2026-10-02 10:55:34,181 [ERROR] LogOutputStream:75 - [STDERR_REDIRECT] [Fatal Error] :1:1: Premature end of file.
2026-10-02 10:55:34,181 [ERROR] LogOutputStream:75 - [STDERR_REDIRECT] 
2026-10-02 10:55:34,205 [ERROR] LogOutputStream:75 - [STDERR_REDIRECT] [Fatal Error] :1:1: Premature end of file.
2026-10-02 10:55:34,205 [ERROR] LogOutputStream:75 - [STDERR_REDIRECT] 
2026-10-02 10:55:34,231 [ERROR] LogOutputStream:75 - [STDERR_REDIRECT] [Fatal Error] :1:1: Premature end of file.
2026-10-02 10:55:34,232 [ERROR] LogOutputStream:75 - [STDERR_REDIRECT] 
2026-10-02 10:55:34,258 [ERROR] LogOutputStream:75 - [STDERR_REDIRECT] [Fatal Error] :1:1: Premature end of file.
2026-10-02 10:55:34,258 [ERROR] LogOutputStream:75 - [STDERR_REDIRECT] 
2026-10-02 10:55:34,285 [ERROR] LogOutputStream:75 - [STDERR_REDIRECT] [Fatal Error] :1:1: Premature end of file.
2026-10-02 10:55:34,285 [ERROR] LogOutputStream:75 - [STDERR_REDIRECT] 
2026-10-02 10:55:34,311 [ERROR] LogOutputStream:75 - [STDERR_REDIRECT] [Fatal Error] :1:1: Premature end of file.
2026-10-02 10:55:34,311 [ERROR] LogOutputStream:75 - [STDERR_REDIRECT] 
2026-10-02 10:55:34,339 [ERROR] LogOutputStream:75 - [STDERR_REDIRECT] [Fatal Error] :1:1: Premature end of file.
2026-10-02 10:55:34,339 [ERROR] LogOutputStream:75 - [STDERR_REDIRECT] 
2026-10-02 10:55:34,367 [ERROR] LogOutputStream:75 - [STDERR_REDIRECT] [Fatal Error] :1:1: Premature end of file.
2026-10-02 10:55:34,367 [ERROR] LogOutputStream:75 - [STDERR_REDIRECT] 
2026-10-02 10:55:34,394 [ERROR] LogOutputStream:75 - [STDERR_REDIRECT] [Fatal Error] :1:1: Premature end of file.
2026-10-02 10:55:34,394 [ERROR] LogOutputStream:75 - [STDERR_REDIRECT] 
2026-10-02 10:55:34,422 [ERROR] LogOutputStream:75 - [STDERR_REDIRECT] [Fatal Error] :1:1: Premature end of file.
2026-10-02 10:55:34,422 [ERROR] LogOutputStream:75 - [STDERR_REDIRECT] 
2026-10-02 10:55:34,450 [ERROR] LogOutputStream:75 - [STDERR_REDIRECT] [Fatal Error] :1:1: Premature end of file.
2026-10-02 10:55:34,450 [ERROR] LogOutputStream:75 - [STDERR_REDIRECT] 
2026-10-02 10:55:34,474 [ERROR] LogOutputStream:75 - [STDERR_REDIRECT] [Fatal Error] :1:1: Premature end of file.
2026-10-02 10:55:34,474 [ERROR] LogOutputStream:75 - [STDERR_REDIRECT] 
2026-10-02 10:55:34,501 [ERROR] LogOutputStream:75 - [STDERR_REDIRECT] [Fatal Error] :1:1: Premature end of file.
2026-10-02 10:55:34,501 [ERROR] LogOutputStream:75 - [STDERR_REDIRECT] 
2026-10-02 10:55:34,525 [ERROR] LogOutputStream:75 - [STDERR_REDIRECT] [Fatal Error] :1:1: Premature end of file.
2026-10-02 10:55:34,525 [ERROR] LogOutputStream:75 - [STDERR_REDIRECT] 
2026-10-02 10:55:34,554 [ERROR] LogOutputStream:75 - [STDERR_REDIRECT] [Fatal Error] :1:1: Premature end of file.
2026-10-02 10:55:34,554 [ERROR] LogOutputStream:75 - [STDERR_REDIRECT] 
2026-10-02 10:55:34,585 [ERROR] LogOutputStream:75 - [STDERR_REDIRECT] [Fatal Error] :1:1: Premature end of file.
2026-10-02 10:55:34,585 [ERROR] LogOutputStream:75 - [STDERR_REDIRECT] 
2026-10-02 10:55:34,611 [ERROR] LogOutputStream:75 - [STDERR_REDIRECT] [Fatal Error] :1:1: Premature end of file.
2026-10-02 10:55:34,611 [ERROR] LogOutputStream:75 - [STDERR_REDIRECT] 
2026-10-02 10:55:34,637 [ERROR] LogOutputStream:75 - [STDERR_REDIRECT] [Fatal Error] :1:1: Premature end of file.
2026-10-02 10:55:34,637 [ERROR] LogOutputStream:75 - [STDERR_REDIRECT] 
2026-10-02 10:55:34,666 [ERROR] LogOutputStream:75 - [STDERR_REDIRECT] [Fatal Error] :1:1: Premature end of file.
2026-10-02 10:55:34,666 [ERROR] LogOutputStream:75 - [STDERR_REDIRECT] 
2026-10-02 10:55:34,689 [ERROR] LogOutputStream:75 - [STDERR_REDIRECT] [Fatal Error] :1:1: Premature end of file.
2026-10-02 10:55:34,689 [ERROR] LogOutputStream:75 - [STDERR_REDIRECT] 
2026-10-02 10:55:34,708 [ERROR] LogOutputStream:75 - [STDERR_REDIRECT] [Fatal Error] :1:1: Premature end of file.
2026-10-02 10:55:34,708 [ERROR] LogOutputStream:75 - [STDERR_REDIRECT] 
2026-10-02 10:55:34,739 [ERROR] LogOutputStream:75 - [STDERR_REDIRECT] [Fatal Error] :1:1: Premature end of file.
2026-10-02 10:55:34,739 [ERROR] LogOutputStream:75 - [STDERR_REDIRECT] 
2026-10-02 10:55:34,764 [ERROR] LogOutputStream:75 - [STDERR_REDIRECT] [Fatal Error] :1:1: Premature end of file.
2026-10-02 10:55:34,764 [ERROR] LogOutputStream:75 - [STDERR_REDIRECT] 
2026-10-02 10:55:34,789 [ERROR] LogOutputStream:75 - [STDERR_REDIRECT] [Fatal Error] :1:1: Premature end of file.
2026-10-02 10:55:34,789 [ERROR] LogOutputStream:75 - [STDERR_REDIRECT] 
2026-10-02 10:55:34,812 [ERROR] LogOutputStream:75 - [STDERR_REDIRECT] [Fatal Error] :1:1: Premature end of file.
2026-10-02 10:55:34,812 [ERROR] LogOutputStream:75 - [STDERR_REDIRECT] 
2026-10-02 10:55:34,836 [ERROR] LogOutputStream:75 - [STDERR_REDIRECT] [Fatal Error] :1:1: Premature end of file.
2026-10-02 10:55:34,836 [ERROR] LogOutputStream:75 - [STDERR_REDIRECT] 
2026-10-02 10:55:34,860 [ERROR] LogOutputStream:75 - [STDERR_REDIRECT] [Fatal Error] :1:1: Premature end of file.
2026-10-02 10:55:34,860 [ERROR] LogOutputStream:75 - [STDERR_REDIRECT] 
2026-10-02 10:55:34,880 [ERROR] LogOutputStream:75 - [STDERR_REDIRECT] [Fatal Error] :1:1: Premature end of file.
2026-10-02 10:55:34,880 [ERROR] LogOutputStream:75 - [STDERR_REDIRECT] 
2026-10-02 10:55:34,911 [ERROR] LogOutputStream:75 - [STDERR_REDIRECT] [Fatal Error] :1:1: Premature end of file.
2026-10-02 10:55:34,911 [ERROR] LogOutputStream:75 - [STDERR_REDIRECT] 
2026-10-02 10:55:34,935 [ERROR] LogOutputStream:75 - [STDERR_REDIRECT] [Fatal Error] :1:1: Premature end of file.
2026-10-02 10:55:34,935 [ERROR] LogOutputStream:75 - [STDERR_REDIRECT] 
2026-10-02 10:55:34,960 [ERROR] LogOutputStream:75 - [STDERR_REDIRECT] [Fatal Error] :1:1: Premature end of file.
2026-10-02 10:55:34,960 [ERROR] LogOutputStream:75 - [STDERR_REDIRECT] 
2026-10-02 10:55:34,983 [ERROR] LogOutputStream:75 - [STDERR_REDIRECT] [Fatal Error] :1:1: Premature end of file.
2026-10-02 10:55:34,983 [ERROR] LogOutputStream:75 - [STDERR_REDIRECT] 
2026-10-02 10:55:35,008 [ERROR] LogOutputStream:75 - [STDERR_REDIRECT] [Fatal Error] :1:1: Premature end of file.
2026-10-02 10:55:35,008 [ERROR] LogOutputStream:75 - [STDERR_REDIRECT] 
2026-10-02 10:55:35,032 [ERROR] LogOutputStream:75 - [STDERR_REDIRECT] [Fatal Error] :1:1: Premature end of file.
2026-10-02 10:55:35,032 [ERROR] LogOutputStream:75 - [STDERR_REDIRECT] 
2026-10-02 10:55:35,057 [ERROR] LogOutputStream:75 - [STDERR_REDIRECT] [Fatal Error] :1:1: Premature end of file.
2026-10-02 10:55:35,057 [ERROR] LogOutputStream:75 - [STDERR_REDIRECT] 
2026-10-02 10:55:35,080 [ERROR] LogOutputStream:75 - [STDERR_REDIRECT] [Fatal Error] :1:1: Premature end of file.
2026-10-02 10:55:35,080 [ERROR] LogOutputStream:75 - [STDERR_REDIRECT] 
2026-10-02 10:55:35,104 [ERROR] LogOutputStream:75 - [STDERR_REDIRECT] [Fatal Error] :1:1: Premature end of file.
2026-10-02 10:55:35,104 [ERROR] LogOutputStream:75 - [STDERR_REDIRECT] 
2026-10-02 10:55:35,129 [ERROR] LogOutputStream:75 - [STDERR_REDIRECT] [Fatal Error] :1:1: Premature end of file.
2026-10-02 10:55:35,129 [ERROR] LogOutputStream:75 - [STDERR_REDIRECT] 
2026-10-02 10:55:35,149 [ERROR] LogOutputStream:75 - [STDERR_REDIRECT] [Fatal Error] :1:1: Premature end of file.
2026-10-02 10:55:35,149 [ERROR] LogOutputStream:75 - [STDERR_REDIRECT] 
2026-10-02 10:55:35,181 [ERROR] LogOutputStream:75 - [STDERR_REDIRECT] [Fatal Error] :1:1: Premature end of file.
2026-10-02 10:55:35,181 [ERROR] LogOutputStream:75 - [STDERR_REDIRECT] 
2026-10-02 10:55:35,218 [ERROR] LogOutputStream:75 - [STDERR_REDIRECT] [Fatal Error] :1:1: Premature end of file.
2026-10-02 10:55:35,218 [ERROR] LogOutputStream:75 - [STDERR_REDIRECT] 
2026-10-02 10:55:35,243 [ERROR] LogOutputStream:75 - [STDERR_REDIRECT] [Fatal Error] :1:1: Premature end of file.
2026-10-02 10:55:35,243 [ERROR] LogOutputStream:75 - [STDERR_REDIRECT] 
2026-10-02 10:55:35,268 [ERROR] LogOutputStream:75 - [STDERR_REDIRECT] [Fatal Error] :1:1: Premature end of file.
2026-10-02 10:55:35,268 [ERROR] LogOutputStream:75 - [STDERR_REDIRECT] 
2026-10-02 10:55:35,292 [ERROR] LogOutputStream:75 - [STDERR_REDIRECT] [Fatal Error] :1:1: Premature end of file.
2026-10-02 10:55:35,292 [ERROR] LogOutputStream:75 - [STDERR_REDIRECT] 
2026-10-02 10:55:35,317 [ERROR] LogOutputStream:75 - [STDERR_REDIRECT] [Fatal Error] :1:1: Premature end of file.
2026-10-02 10:55:35,317 [ERROR] LogOutputStream:75 - [STDERR_REDIRECT] 
2026-10-02 10:55:35,343 [ERROR] LogOutputStream:75 - [STDERR_REDIRECT] [Fatal Error] :1:1: Premature end of file.
2026-10-02 10:55:35,343 [ERROR] LogOutputStream:75 - [STDERR_REDIRECT] 
2026-10-02 10:55:35,372 [ERROR] LogOutputStream:75 - [STDERR_REDIRECT] [Fatal Error] :1:1: Premature end of file.
2026-10-02 10:55:35,372 [ERROR] LogOutputStream:75 - [STDERR_REDIRECT] 
2026-10-02 10:55:35,395 [ERROR] LogOutputStream:75 - [STDERR_REDIRECT] [Fatal Error] :1:1: Premature end of file.
2026-10-02 10:55:35,395 [ERROR] LogOutputStream:75 - [STDERR_REDIRECT] 
2026-10-02 10:55:35,428 [ERROR] LogOutputStream:75 - [STDERR_REDIRECT] [Fatal Error] :1:1: Premature end of file.
2026-10-02 10:55:35,428 [ERROR] LogOutputStream:75 - [STDERR_REDIRECT] 
2026-10-02 10:55:35,453 [ERROR] LogOutputStream:75 - [STDERR_REDIRECT] [Fatal Error] :1:1: Premature end of file.
2026-10-02 10:55:35,453 [ERROR] LogOutputStream:75 - [STDERR_REDIRECT] 
2026-10-02 10:55:35,483 [ERROR] LogOutputStream:75 - [STDERR_REDIRECT] [Fatal Error] :1:1: Premature end of file.
2026-10-02 10:55:35,483 [ERROR] LogOutputStream:75 - [STDERR_REDIRECT] 
2026-10-02 10:55:35,511 [ERROR] LogOutputStream:75 - [STDERR_REDIRECT] [Fatal Error] :1:1: Premature end of file.
2026-10-02 10:55:35,511 [ERROR] LogOutputStream:75 - [STDERR_REDIRECT] 
2026-10-02 10:55:35,536 [ERROR] LogOutputStream:75 - [STDERR_REDIRECT] [Fatal Error] :1:1: Premature end of file.
2026-10-02 10:55:35,536 [ERROR] LogOutputStream:75 - [STDERR_REDIRECT] 
2026-10-02 10:55:35,562 [ERROR] LogOutputStream:75 - [STDERR_REDIRECT] [Fatal Error] :1:1: Premature end of file.
2026-10-02 10:55:35,562 [ERROR] LogOutputStream:75 - [STDERR_REDIRECT] 
2026-10-02 10:55:35,595 [ERROR] LogOutputStream:75 - [STDERR_REDIRECT] [Fatal Error] :1:1: Premature end of file.
2026-10-02 10:55:35,595 [ERROR] LogOutputStream:75 - [STDERR_REDIRECT] 
2026-10-02 10:55:35,621 [ERROR] LogOutputStream:75 - [STDERR_REDIRECT] [Fatal Error] :1:1: Premature end of file.
2026-10-02 10:55:35,621 [ERROR] LogOutputStream:75 - [STDERR_REDIRECT] 
2026-10-02 10:55:35,649 [ERROR] LogOutputStream:75 - [STDERR_REDIRECT] [Fatal Error] :1:1: Premature end of file.
2026-10-02 10:55:35,649 [ERROR] LogOutputStream:75 - [STDERR_REDIRECT] 
2026-10-02 10:55:35,672 [ERROR] LogOutputStream:75 - [STDERR_REDIRECT] [Fatal Error] :1:1: Premature end of file.
2026-10-02 10:55:35,672 [ERROR] LogOutputStream:75 - [STDERR_REDIRECT] 
2026-10-02 10:55:35,696 [ERROR] LogOutputStream:75 - [STDERR_REDIRECT] [Fatal Error] :1:1: Premature end of file.
2026-10-02 10:55:35,696 [ERROR] LogOutputStream:75 - [STDERR_REDIRECT] 
2026-10-02 10:55:35,721 [ERROR] LogOutputStream:75 - [STDERR_REDIRECT] [Fatal Error] :1:1: Premature end of file.
2026-10-02 10:55:35,721 [ERROR] LogOutputStream:75 - [STDERR_REDIRECT] 
2026-10-02 10:55:35,745 [ERROR] LogOutputStream:75 - [STDERR_REDIRECT] [Fatal Error] :1:1: Premature end of file.
2026-10-02 10:55:35,745 [ERROR] LogOutputStream:75 - [STDERR_REDIRECT] 
2026-10-02 10:55:35,770 [ERROR] LogOutputStream:75 - [STDERR_REDIRECT] [Fatal Error] :1:1: Premature end of file.
2026-10-02 10:55:35,770 [ERROR] LogOutputStream:75 - [STDERR_REDIRECT] 
2026-10-02 10:55:35,791 [ERROR] LogOutputStream:75 - [STDERR_REDIRECT] [Fatal Error] :1:1: Premature end of file.
2026-10-02 10:55:35,791 [ERROR] LogOutputStream:75 - [STDERR_REDIRECT] 
2026-10-02 10:55:35,820 [ERROR] LogOutputStream:75 - [STDERR_REDIRECT] [Fatal Error] :1:1: Premature end of file.
2026-10-02 10:55:35,820 [ERROR] LogOutputStream:75 - [STDERR_REDIRECT] 
2026-10-02 10:55:35,841 [ERROR] LogOutputStream:75 - [STDERR_REDIRECT] [Fatal Error] :1:1: Premature end of file.
2026-10-02 10:55:35,841 [ERROR] LogOutputStream:75 - [STDERR_REDIRECT] 
2026-10-02 10:55:35,866 [ERROR] LogOutputStream:75 - [STDERR_REDIRECT] [Fatal Error] :1:1: Premature end of file.
2026-10-02 10:55:35,866 [ERROR] LogOutputStream:75 - [STDERR_REDIRECT] 
2026-10-02 10:55:35,893 [ERROR] LogOutputStream:75 - [STDERR_REDIRECT] [Fatal Error] :1:1: Premature end of file.
2026-10-02 10:55:35,893 [ERROR] LogOutputStream:75 - [STDERR_REDIRECT] 
2026-10-02 10:55:35,914 [ERROR] LogOutputStream:75 - [STDERR_REDIRECT] [Fatal Error] :1:1: Premature end of file.
2026-10-02 10:55:35,914 [ERROR] LogOutputStream:75 - [STDERR_REDIRECT] 
2026-10-02 10:55:35,944 [ERROR] LogOutputStream:75 - [STDERR_REDIRECT] [Fatal Error] :1:1: Premature end of file.
2026-10-02 10:55:35,944 [ERROR] LogOutputStream:75 - [STDERR_REDIRECT] 
2026-10-02 10:55:35,969 [ERROR] LogOutputStream:75 - [STDERR_REDIRECT] [Fatal Error] :1:1: Premature end of file.
2026-10-02 10:55:35,969 [ERROR] LogOutputStream:75 - [STDERR_REDIRECT] 
2026-10-02 10:55:35,999 [ERROR] LogOutputStream:75 - [STDERR_REDIRECT] [Fatal Error] :1:1: Premature end of file.
2026-10-02 10:55:35,999 [ERROR] LogOutputStream:75 - [STDERR_REDIRECT] 
2026-10-02 10:55:36,032 [ERROR] LogOutputStream:75 - [STDERR_REDIRECT] [Fatal Error] :1:1: Premature end of file.
2026-10-02 10:55:36,032 [ERROR] LogOutputStream:75 - [STDERR_REDIRECT] 
2026-10-02 10:55:36,057 [ERROR] LogOutputStream:75 - [STDERR_REDIRECT] [Fatal Error] :1:1: Premature end of file.
2026-10-02 10:55:36,057 [ERROR] LogOutputStream:75 - [STDERR_REDIRECT] 
2026-10-02 10:55:36,084 [ERROR] LogOutputStream:75 - [STDERR_REDIRECT] [Fatal Error] :1:1: Premature end of file.
2026-10-02 10:55:36,084 [ERROR] LogOutputStream:75 - [STDERR_REDIRECT] 
2026-10-02 10:55:36,109 [ERROR] LogOutputStream:75 - [STDERR_REDIRECT] [Fatal Error] :1:1: Premature end of file.
2026-10-02 10:55:36,109 [ERROR] LogOutputStream:75 - [STDERR_REDIRECT] 
2026-10-02 10:55:36,137 [ERROR] LogOutputStream:75 - [STDERR_REDIRECT] [Fatal Error] :1:1: Premature end of file.
2026-10-02 10:55:36,137 [ERROR] LogOutputStream:75 - [STDERR_REDIRECT] 
2026-10-02 10:55:36,161 [ERROR] LogOutputStream:75 - [STDERR_REDIRECT] [Fatal Error] :1:1: Premature end of file.
2026-10-02 10:55:36,161 [ERROR] LogOutputStream:75 - [STDERR_REDIRECT] 
2026-10-02 10:55:36,189 [ERROR] LogOutputStream:75 - [STDERR_REDIRECT] [Fatal Error] :1:1: Premature end of file.
2026-10-02 10:55:36,189 [ERROR] LogOutputStream:75 - [STDERR_REDIRECT] 
2026-10-02 10:55:36,212 [ERROR] LogOutputStream:75 - [STDERR_REDIRECT] [Fatal Error] :1:1: Premature end of file.
2026-10-02 10:55:36,212 [ERROR] LogOutputStream:75 - [STDERR_REDIRECT] 
2026-10-02 10:55:36,239 [ERROR] LogOutputStream:75 - [STDERR_REDIRECT] [Fatal Error] :1:1: Premature end of file.
2026-10-02 10:55:36,239 [ERROR] LogOutputStream:75 - [STDERR_REDIRECT] 
2026-10-02 10:55:36,265 [ERROR] LogOutputStream:75 - [STDERR_REDIRECT] [Fatal Error] :1:1: Premature end of file.
2026-10-02 10:55:36,265 [ERROR] LogOutputStream:75 - [STDERR_REDIRECT] 
2026-10-02 10:55:36,288 [ERROR] LogOutputStream:75 - [STDERR_REDIRECT] [Fatal Error] :1:1: Premature end of file.
2026-10-02 10:55:36,289 [ERROR] LogOutputStream:75 - [STDERR_REDIRECT] 
2026-10-02 10:55:36,311 [ERROR] LogOutputStream:75 - [STDERR_REDIRECT] [Fatal Error] :1:1: Premature end of file.
2026-10-02 10:55:36,311 [ERROR] LogOutputStream:75 - [STDERR_REDIRECT] 
2026-10-02 10:55:36,337 [ERROR] LogOutputStream:75 - [STDERR_REDIRECT] [Fatal Error] :1:1: Premature end of file.
2026-10-02 10:55:36,337 [ERROR] LogOutputStream:75 - [STDERR_REDIRECT] 
2026-10-02 10:55:36,361 [ERROR] LogOutputStream:75 - [STDERR_REDIRECT] [Fatal Error] :1:1: Premature end of file.
2026-10-02 10:55:36,361 [ERROR] LogOutputStream:75 - [STDERR_REDIRECT] 
2026-10-02 10:55:36,383 [ERROR] LogOutputStream:75 - [STDERR_REDIRECT] [Fatal Error] :1:1: Premature end of file.
2026-10-02 10:55:36,383 [ERROR] LogOutputStream:75 - [STDERR_REDIRECT] 
2026-10-02 10:55:36,408 [ERROR] LogOutputStream:75 - [STDERR_REDIRECT] [Fatal Error] :1:1: Premature end of file.
2026-10-02 10:55:36,408 [ERROR] LogOutputStream:75 - [STDERR_REDIRECT] 
2026-10-02 10:55:36,432 [ERROR] LogOutputStream:75 - [STDERR_REDIRECT] [Fatal Error] :1:1: Premature end of file.
2026-10-02 10:55:36,434 [ERROR] LogOutputStream:75 - [STDERR_REDIRECT] 
2026-10-02 10:55:36,457 [ERROR] LogOutputStream:75 - [STDERR_REDIRECT] [Fatal Error] :1:1: Premature end of file.
2026-10-02 10:55:36,457 [ERROR] LogOutputStream:75 - [STDERR_REDIRECT] 
2026-10-02 10:55:36,480 [ERROR] LogOutputStream:75 - [STDERR_REDIRECT] [Fatal Error] :1:1: Premature end of file.
2026-10-02 10:55:36,480 [ERROR] LogOutputStream:75 - [STDERR_REDIRECT] 
2026-10-02 10:55:36,504 [ERROR] LogOutputStream:75 - [STDERR_REDIRECT] [Fatal Error] :1:1: Premature end of file.
2026-10-02 10:55:36,504 [ERROR] LogOutputStream:75 - [STDERR_REDIRECT] 
2026-10-02 10:55:36,529 [ERROR] LogOutputStream:75 - [STDERR_REDIRECT] [Fatal Error] :1:1: Premature end of file.
2026-10-02 10:55:36,529 [ERROR] LogOutputStream:75 - [STDERR_REDIRECT] 
2026-10-02 10:55:36,554 [ERROR] LogOutputStream:75 - [STDERR_REDIRECT] [Fatal Error] :1:1: Premature end of file.
2026-10-02 10:55:36,554 [ERROR] LogOutputStream:75 - [STDERR_REDIRECT] 
2026-10-02 10:55:36,581 [ERROR] LogOutputStream:75 - [STDERR_REDIRECT] [Fatal Error] :1:1: Premature end of file.
2026-10-02 10:55:36,581 [ERROR] LogOutputStream:75 - [STDERR_REDIRECT] 
2026-10-02 10:55:36,606 [ERROR] LogOutputStream:75 - [STDERR_REDIRECT] [Fatal Error] :1:1: Premature end of file.
2026-10-02 10:55:36,606 [ERROR] LogOutputStream:75 - [STDERR_REDIRECT] 
2026-10-02 10:55:36,632 [ERROR] LogOutputStream:75 - [STDERR_REDIRECT] [Fatal Error] :1:1: Premature end of file.
2026-10-02 10:55:36,632 [ERROR] LogOutputStream:75 - [STDERR_REDIRECT] 
2026-10-02 10:55:36,655 [ERROR] LogOutputStream:75 - [STDERR_REDIRECT] [Fatal Error] :1:1: Premature end of file.
2026-10-02 10:55:36,655 [ERROR] LogOutputStream:75 - [STDERR_REDIRECT] 
2026-10-02 10:55:36,680 [ERROR] LogOutputStream:75 - [STDERR_REDIRECT] [Fatal Error] :1:1: Premature end of file.
2026-10-02 10:55:36,680 [ERROR] LogOutputStream:75 - [STDERR_REDIRECT] 
2026-10-02 10:55:36,703 [ERROR] LogOutputStream:75 - [STDERR_REDIRECT] [Fatal Error] :1:1: Premature end of file.
2026-10-02 10:55:36,703 [ERROR] LogOutputStream:75 - [STDERR_REDIRECT] 
2026-10-02 10:55:36,729 [ERROR] LogOutputStream:75 - [STDERR_REDIRECT] [Fatal Error] :1:1: Premature end of file.
2026-10-02 10:55:36,729 [ERROR] LogOutputStream:75 - [STDERR_REDIRECT] 
2026-10-02 10:55:36,752 [ERROR] LogOutputStream:75 - [STDERR_REDIRECT] [Fatal Error] :1:1: Premature end of file.
2026-10-02 10:55:36,752 [ERROR] LogOutputStream:75 - [STDERR_REDIRECT] 
2026-10-02 10:55:36,775 [ERROR] LogOutputStream:75 - [STDERR_REDIRECT] [Fatal Error] :1:1: Premature end of file.
2026-10-02 10:55:36,775 [ERROR] LogOutputStream:75 - [STDERR_REDIRECT] 
2026-10-02 10:55:36,798 [ERROR] LogOutputStream:75 - [STDERR_REDIRECT] [Fatal Error] :1:1: Premature end of file.
2026-10-02 10:55:36,798 [ERROR] LogOutputStream:75 - [STDERR_REDIRECT] 
2026-10-02 10:55:36,824 [ERROR] LogOutputStream:75 - [STDERR_REDIRECT] [Fatal Error] :1:1: Premature end of file.
2026-10-02 10:55:36,824 [ERROR] LogOutputStream:75 - [STDERR_REDIRECT] 
2026-10-02 10:55:36,849 [ERROR] LogOutputStream:75 - [STDERR_REDIRECT] [Fatal Error] :1:1: Premature end of file.
2026-10-02 10:55:36,849 [ERROR] LogOutputStream:75 - [STDERR_REDIRECT] 
2026-10-02 10:55:36,876 [ERROR] LogOutputStream:75 - [STDERR_REDIRECT] [Fatal Error] :1:1: Premature end of file.
2026-10-02 10:55:36,876 [ERROR] LogOutputStream:75 - [STDERR_REDIRECT] 
2026-10-02 10:55:36,899 [ERROR] LogOutputStream:75 - [STDERR_REDIRECT] [Fatal Error] :1:1: Premature end of file.
2026-10-02 10:55:36,899 [ERROR] LogOutputStream:75 - [STDERR_REDIRECT] 
2026-10-02 10:55:36,923 [ERROR] LogOutputStream:75 - [STDERR_REDIRECT] [Fatal Error] :1:1: Premature end of file.
2026-10-02 10:55:36,923 [ERROR] LogOutputStream:75 - [STDERR_REDIRECT] 
2026-10-02 10:55:36,951 [ERROR] LogOutputStream:75 - [STDERR_REDIRECT] [Fatal Error] :1:1: Premature end of file.
2026-10-02 10:55:36,951 [ERROR] LogOutputStream:75 - [STDERR_REDIRECT] 
2026-10-02 10:55:36,975 [ERROR] LogOutputStream:75 - [STDERR_REDIRECT] [Fatal Error] :1:1: Premature end of file.
2026-10-02 10:55:36,975 [ERROR] LogOutputStream:75 - [STDERR_REDIRECT] 
2026-10-02 10:55:37,000 [ERROR] LogOutputStream:75 - [STDERR_REDIRECT] [Fatal Error] :1:1: Premature end of file.
2026-10-02 10:55:37,000 [ERROR] LogOutputStream:75 - [STDERR_REDIRECT] 
2026-10-02 10:55:37,025 [ERROR] LogOutputStream:75 - [STDERR_REDIRECT] [Fatal Error] :1:1: Premature end of file.
2026-10-02 10:55:37,025 [ERROR] LogOutputStream:75 - [STDERR_REDIRECT] 
2026-10-02 10:55:37,052 [ERROR] LogOutputStream:75 - [STDERR_REDIRECT] [Fatal Error] :1:1: Premature end of file.
2026-10-02 10:55:37,052 [ERROR] LogOutputStream:75 - [STDERR_REDIRECT] 
2026-10-02 10:55:37,075 [ERROR] LogOutputStream:75 - [STDERR_REDIRECT] [Fatal Error] :1:1: Premature end of file.
2026-10-02 10:55:37,075 [ERROR] LogOutputStream:75 - [STDERR_REDIRECT] 
2026-10-02 10:55:37,104 [ERROR] LogOutputStream:75 - [STDERR_REDIRECT] [Fatal Error] :1:1: Premature end of file.
2026-10-02 10:55:37,104 [ERROR] LogOutputStream:75 - [STDERR_REDIRECT] 
2026-10-02 10:55:37,125 [ERROR] LogOutputStream:75 - [STDERR_REDIRECT] [Fatal Error] :1:1: Premature end of file.
2026-10-02 10:55:37,125 [ERROR] LogOutputStream:75 - [STDERR_REDIRECT] 
2026-10-02 10:55:37,153 [ERROR] LogOutputStream:75 - [STDERR_REDIRECT] [Fatal Error] :1:1: Premature end of file.
2026-10-02 10:55:37,153 [ERROR] LogOutputStream:75 - [STDERR_REDIRECT] 
2026-10-02 10:55:37,177 [ERROR] LogOutputStream:75 - [STDERR_REDIRECT] [Fatal Error] :1:1: Premature end of file.
2026-10-02 10:55:37,177 [ERROR] LogOutputStream:75 - [STDERR_REDIRECT] 
2026-10-02 10:55:37,202 [ERROR] LogOutputStream:75 - [STDERR_REDIRECT] [Fatal Error] :1:1: Premature end of file.
2026-10-02 10:55:37,202 [ERROR] LogOutputStream:75 - [STDERR_REDIRECT] 
2026-10-02 10:55:37,225 [ERROR] LogOutputStream:75 - [STDERR_REDIRECT] [Fatal Error] :1:1: Premature end of file.
2026-10-02 10:55:37,225 [ERROR] LogOutputStream:75 - [STDERR_REDIRECT] 
2026-10-02 10:55:37,248 [ERROR] LogOutputStream:75 - [STDERR_REDIRECT] [Fatal Error] :1:1: Premature end of file.
2026-10-02 10:55:37,248 [ERROR] LogOutputStream:75 - [STDERR_REDIRECT] 
2026-10-02 10:55:37,272 [ERROR] LogOutputStream:75 - [STDERR_REDIRECT] [Fatal Error] :1:1: Premature end of file.
2026-10-02 10:55:37,272 [ERROR] LogOutputStream:75 - [STDERR_REDIRECT] 
2026-10-02 10:55:37,295 [ERROR] LogOutputStream:75 - [STDERR_REDIRECT] [Fatal Error] :1:1: Premature end of file.
2026-10-02 10:55:37,295 [ERROR] LogOutputStream:75 - [STDERR_REDIRECT] 
2026-10-02 10:55:37,312 [ERROR] LogOutputStream:75 - [STDERR_REDIRECT] [Fatal Error] :1:1: Premature end of file.
2026-10-02 10:55:37,312 [ERROR] LogOutputStream:75 - [STDERR_REDIRECT] 
2026-10-02 10:55:37,344 [ERROR] LogOutputStream:75 - [STDERR_REDIRECT] [Fatal Error] :1:1: Premature end of file.
2026-10-02 10:55:37,344 [ERROR] LogOutputStream:75 - [STDERR_REDIRECT] 
2026-10-02 10:55:37,365 [ERROR] LogOutputStream:75 - [STDERR_REDIRECT] [Fatal Error] :1:1: Premature end of file.
2026-10-02 10:55:37,365 [ERROR] LogOutputStream:75 - [STDERR_REDIRECT] 
2026-10-02 10:55:37,391 [ERROR] LogOutputStream:75 - [STDERR_REDIRECT] [Fatal Error] :1:1: Premature end of file.
2026-10-02 10:55:37,391 [ERROR] LogOutputStream:75 - [STDERR_REDIRECT] 
2026-10-02 10:55:37,416 [ERROR] LogOutputStream:75 - [STDERR_REDIRECT] [Fatal Error] :1:1: Premature end of file.
2026-10-02 10:55:37,416 [ERROR] LogOutputStream:75 - [STDERR_REDIRECT] 
2026-10-02 10:55:37,439 [ERROR] LogOutputStream:75 - [STDERR_REDIRECT] [Fatal Error] :1:1: Premature end of file.
2026-10-02 10:55:37,439 [ERROR] LogOutputStream:75 - [STDERR_REDIRECT] 
2026-10-02 10:55:37,462 [ERROR] LogOutputStream:75 - [STDERR_REDIRECT] [Fatal Error] :1:1: Premature end of file.
2026-10-02 10:55:37,466 [ERROR] LogOutputStream:75 - [STDERR_REDIRECT] 
2026-10-02 10:55:37,489 [ERROR] LogOutputStream:75 - [STDERR_REDIRECT] [Fatal Error] :1:1: Premature end of file.
2026-10-02 10:55:37,489 [ERROR] LogOutputStream:75 - [STDERR_REDIRECT] 
2026-10-02 10:55:37,515 [ERROR] LogOutputStream:75 - [STDERR_REDIRECT] [Fatal Error] :1:1: Premature end of file.
2026-10-02 10:55:37,515 [ERROR] LogOutputStream:75 - [STDERR_REDIRECT] 
2026-10-02 10:55:37,538 [ERROR] LogOutputStream:75 - [STDERR_REDIRECT] [Fatal Error] :1:1: Premature end of file.
2026-10-02 10:55:37,538 [ERROR] LogOutputStream:75 - [STDERR_REDIRECT] 
2026-10-02 10:55:37,562 [ERROR] LogOutputStream:75 - [STDERR_REDIRECT] [Fatal Error] :1:1: Premature end of file.
2026-10-02 10:55:37,562 [ERROR] LogOutputStream:75 - [STDERR_REDIRECT] 
2026-10-02 10:55:37,586 [ERROR] LogOutputStream:75 - [STDERR_REDIRECT] [Fatal Error] :1:1: Premature end of file.
2026-10-02 10:55:37,586 [ERROR] LogOutputStream:75 - [STDERR_REDIRECT] 
2026-10-02 10:55:37,612 [ERROR] LogOutputStream:75 - [STDERR_REDIRECT] [Fatal Error] :1:1: Premature end of file.
2026-10-02 10:55:37,612 [ERROR] LogOutputStream:75 - [STDERR_REDIRECT] 
2026-10-02 10:55:37,638 [ERROR] LogOutputStream:75 - [STDERR_REDIRECT] [Fatal Error] :1:1: Premature end of file.
2026-10-02 10:55:37,638 [ERROR] LogOutputStream:75 - [STDERR_REDIRECT] 
2026-10-02 10:55:37,663 [ERROR] LogOutputStream:75 - [STDERR_REDIRECT] [Fatal Error] :1:1: Premature end of file.
2026-10-02 10:55:37,663 [ERROR] LogOutputStream:75 - [STDERR_REDIRECT] 
2026-10-02 10:55:37,688 [ERROR] LogOutputStream:75 - [STDERR_REDIRECT] [Fatal Error] :1:1: Premature end of file.
2026-10-02 10:55:37,688 [ERROR] LogOutputStream:75 - [STDERR_REDIRECT] 
2026-10-02 10:55:37,714 [ERROR] LogOutputStream:75 - [STDERR_REDIRECT] [Fatal Error] :1:1: Premature end of file.
2026-10-02 10:55:37,714 [ERROR] LogOutputStream:75 - [STDERR_REDIRECT] 
2026-10-02 10:55:37,741 [ERROR] LogOutputStream:75 - [STDERR_REDIRECT] [Fatal Error] :1:1: Premature end of file.
2026-10-02 10:55:37,741 [ERROR] LogOutputStream:75 - [STDERR_REDIRECT] 
2026-10-02 10:55:37,764 [ERROR] LogOutputStream:75 - [STDERR_REDIRECT] [Fatal Error] :1:1: Premature end of file.
2026-10-02 10:55:37,764 [ERROR] LogOutputStream:75 - [STDERR_REDIRECT] 
2026-10-02 10:55:37,791 [ERROR] LogOutputStream:75 - [STDERR_REDIRECT] [Fatal Error] :1:1: Premature end of file.
2026-10-02 10:55:37,791 [ERROR] LogOutputStream:75 - [STDERR_REDIRECT] 
2026-10-02 10:55:37,819 [ERROR] LogOutputStream:75 - [STDERR_REDIRECT] [Fatal Error] :1:1: Premature end of file.
2026-10-02 10:55:37,819 [ERROR] LogOutputStream:75 - [STDERR_REDIRECT] 
2026-10-02 10:55:37,847 [ERROR] LogOutputStream:75 - [STDERR_REDIRECT] [Fatal Error] :1:1: Premature end of file.
2026-10-02 10:55:37,847 [ERROR] LogOutputStream:75 - [STDERR_REDIRECT] 
2026-10-02 10:55:37,872 [ERROR] LogOutputStream:75 - [STDERR_REDIRECT] [Fatal Error] :1:1: Premature end of file.
2026-10-02 10:55:37,872 [ERROR] LogOutputStream:75 - [STDERR_REDIRECT] 
2026-10-02 10:55:37,895 [ERROR] LogOutputStream:75 - [STDERR_REDIRECT] [Fatal Error] :1:1: Premature end of file.
2026-10-02 10:55:37,895 [ERROR] LogOutputStream:75 - [STDERR_REDIRECT] 
2026-10-02 10:55:37,918 [ERROR] LogOutputStream:75 - [STDERR_REDIRECT] [Fatal Error] :1:1: Premature end of file.
2026-10-02 10:55:37,918 [ERROR] LogOutputStream:75 - [STDERR_REDIRECT] 
2026-10-02 10:55:37,941 [ERROR] LogOutputStream:75 - [STDERR_REDIRECT] [Fatal Error] :1:1: Premature end of file.
2026-10-02 10:55:37,941 [ERROR] LogOutputStream:75 - [STDERR_REDIRECT] 
2026-10-02 10:55:37,968 [ERROR] LogOutputStream:75 - [STDERR_REDIRECT] [Fatal Error] :1:1: Premature end of file.
2026-10-02 10:55:37,968 [ERROR] LogOutputStream:75 - [STDERR_REDIRECT] 
2026-10-02 10:55:37,996 [ERROR] LogOutputStream:75 - [STDERR_REDIRECT] [Fatal Error] :1:1: Premature end of file.
2026-10-02 10:55:37,996 [ERROR] LogOutputStream:75 - [STDERR_REDIRECT] 
2026-10-02 10:55:38,039 [ERROR] LogOutputStream:75 - [STDERR_REDIRECT] [Fatal Error] :1:1: Premature end of file.
2026-10-02 10:55:38,039 [ERROR] LogOutputStream:75 - [STDERR_REDIRECT] 
2026-10-02 10:55:38,068 [ERROR] LogOutputStream:75 - [STDERR_REDIRECT] [Fatal Error] :1:1: Premature end of file.
2026-10-02 10:55:38,068 [ERROR] LogOutputStream:75 - [STDERR_REDIRECT] 
2026-10-02 10:55:38,097 [ERROR] LogOutputStream:75 - [STDERR_REDIRECT] [Fatal Error] :1:1: Premature end of file.
2026-10-02 10:55:38,097 [ERROR] LogOutputStream:75 - [STDERR_REDIRECT] 
2026-10-02 10:55:38,126 [ERROR] LogOutputStream:75 - [STDERR_REDIRECT] [Fatal Error] :1:1: Premature end of file.
2026-10-02 10:55:38,127 [ERROR] LogOutputStream:75 - [STDERR_REDIRECT] 
2026-10-02 10:55:38,151 [ERROR] LogOutputStream:75 - [STDERR_REDIRECT] [Fatal Error] :1:1: Premature end of file.
2026-10-02 10:55:38,151 [ERROR] LogOutputStream:75 - [STDERR_REDIRECT] 
2026-10-02 10:55:38,175 [ERROR] LogOutputStream:75 - [STDERR_REDIRECT] [Fatal Error] :1:1: Premature end of file.
2026-10-02 10:55:38,175 [ERROR] LogOutputStream:75 - [STDERR_REDIRECT] 
2026-10-02 10:55:38,204 [ERROR] LogOutputStream:75 - [STDERR_REDIRECT] [Fatal Error] :1:1: Premature end of file.
2026-10-02 10:55:38,204 [ERROR] LogOutputStream:75 - [STDERR_REDIRECT] 
2026-10-02 10:55:38,226 [ERROR] LogOutputStream:75 - [STDERR_REDIRECT] [Fatal Error] :1:1: Premature end of file.
2026-10-02 10:55:38,226 [ERROR] LogOutputStream:75 - [STDERR_REDIRECT] 
2026-10-02 10:55:38,252 [ERROR] LogOutputStream:75 - [STDERR_REDIRECT] [Fatal Error] :1:1: Premature end of file.
2026-10-02 10:55:38,252 [ERROR] LogOutputStream:75 - [STDERR_REDIRECT] 
2026-10-02 10:55:38,278 [ERROR] LogOutputStream:75 - [STDERR_REDIRECT] [Fatal Error] :1:1: Premature end of file.
2026-10-02 10:55:38,278 [ERROR] LogOutputStream:75 - [STDERR_REDIRECT] 
2026-10-02 10:55:38,303 [ERROR] LogOutputStream:75 - [STDERR_REDIRECT] [Fatal Error] :1:1: Premature end of file.
2026-10-02 10:55:38,303 [ERROR] LogOutputStream:75 - [STDERR_REDIRECT] 
2026-10-02 10:55:38,333 [ERROR] LogOutputStream:75 - [STDERR_REDIRECT] [Fatal Error] :1:1: Premature end of file.
2026-10-02 10:55:38,333 [ERROR] LogOutputStream:75 - [STDERR_REDIRECT] 
2026-10-02 10:55:38,356 [ERROR] LogOutputStream:75 - [STDERR_REDIRECT] [Fatal Error] :1:1: Premature end of file.
2026-10-02 10:55:38,356 [ERROR] LogOutputStream:75 - [STDERR_REDIRECT] 
2026-10-02 10:55:38,380 [ERROR] LogOutputStream:75 - [STDERR_REDIRECT] [Fatal Error] :1:1: Premature end of file.
2026-10-02 10:55:38,380 [ERROR] LogOutputStream:75 - [STDERR_REDIRECT] 
2026-10-02 10:55:38,406 [ERROR] LogOutputStream:75 - [STDERR_REDIRECT] [Fatal Error] :1:1: Premature end of file.
2026-10-02 10:55:38,406 [ERROR] LogOutputStream:75 - [STDERR_REDIRECT] 
2026-10-02 10:55:38,428 [ERROR] LogOutputStream:75 - [STDERR_REDIRECT] [Fatal Error] :1:1: Premature end of file.
2026-10-02 10:55:38,428 [ERROR] LogOutputStream:75 - [STDERR_REDIRECT] 
2026-10-02 10:55:38,452 [ERROR] LogOutputStream:75 - [STDERR_REDIRECT] [Fatal Error] :1:1: Premature end of file.
2026-10-02 10:55:38,452 [ERROR] LogOutputStream:75 - [STDERR_REDIRECT] 
2026-10-02 10:55:38,476 [ERROR] LogOutputStream:75 - [STDERR_REDIRECT] [Fatal Error] :1:1: Premature end of file.
2026-10-02 10:55:38,476 [ERROR] LogOutputStream:75 - [STDERR_REDIRECT] 
2026-10-02 10:55:38,501 [ERROR] LogOutputStream:75 - [STDERR_REDIRECT] [Fatal Error] :1:1: Premature end of file.
2026-10-02 10:55:38,501 [ERROR] LogOutputStream:75 - [STDERR_REDIRECT] 
2026-10-02 10:55:38,525 [ERROR] LogOutputStream:75 - [STDERR_REDIRECT] [Fatal Error] :1:1: Premature end of file.
2026-10-02 10:55:38,525 [ERROR] LogOutputStream:75 - [STDERR_REDIRECT] 
2026-10-02 10:55:38,549 [ERROR] LogOutputStream:75 - [STDERR_REDIRECT] [Fatal Error] :1:1: Premature end of file.
2026-10-02 10:55:38,549 [ERROR] LogOutputStream:75 - [STDERR_REDIRECT] 
2026-10-02 10:55:38,572 [ERROR] LogOutputStream:75 - [STDERR_REDIRECT] [Fatal Error] :1:1: Premature end of file.
2026-10-02 10:55:38,572 [ERROR] LogOutputStream:75 - [STDERR_REDIRECT] 
2026-10-02 10:55:38,599 [ERROR] LogOutputStream:75 - [STDERR_REDIRECT] [Fatal Error] :1:1: Premature end of file.
2026-10-02 10:55:38,599 [ERROR] LogOutputStream:75 - [STDERR_REDIRECT] 
2026-10-02 10:55:38,625 [ERROR] LogOutputStream:75 - [STDERR_REDIRECT] [Fatal Error] :1:1: Premature end of file.
2026-10-02 10:55:38,625 [ERROR] LogOutputStream:75 - [STDERR_REDIRECT] 
2026-10-02 10:55:38,650 [ERROR] LogOutputStream:75 - [STDERR_REDIRECT] [Fatal Error] :1:1: Premature end of file.
2026-10-02 10:55:38,650 [ERROR] LogOutputStream:75 - [STDERR_REDIRECT] 
2026-10-02 10:55:38,676 [ERROR] LogOutputStream:75 - [STDERR_REDIRECT] [Fatal Error] :1:1: Premature end of file.
2026-10-02 10:55:38,676 [ERROR] LogOutputStream:75 - [STDERR_REDIRECT] 
2026-10-02 10:55:38,711 [ERROR] LogOutputStream:75 - [STDERR_REDIRECT] [Fatal Error] :1:1: Premature end of file.
2026-10-02 10:55:38,711 [ERROR] LogOutputStream:75 - [STDERR_REDIRECT] 
2026-10-02 10:55:38,742 [ERROR] LogOutputStream:75 - [STDERR_REDIRECT] [Fatal Error] :1:1: Premature end of file.
2026-10-02 10:55:38,742 [ERROR] LogOutputStream:75 - [STDERR_REDIRECT] 
2026-10-02 10:55:38,770 [ERROR] LogOutputStream:75 - [STDERR_REDIRECT] [Fatal Error] :1:1: Premature end of file.
2026-10-02 10:55:38,770 [ERROR] LogOutputStream:75 - [STDERR_REDIRECT] 
2026-10-02 10:55:38,795 [ERROR] LogOutputStream:75 - [STDERR_REDIRECT] [Fatal Error] :1:1: Premature end of file.
2026-10-02 10:55:38,795 [ERROR] LogOutputStream:75 - [STDERR_REDIRECT] 
2026-10-02 10:55:38,818 [ERROR] LogOutputStream:75 - [STDERR_REDIRECT] [Fatal Error] :1:1: Premature end of file.
2026-10-02 10:55:38,818 [ERROR] LogOutputStream:75 - [STDERR_REDIRECT] 
2026-10-02 10:55:38,845 [ERROR] LogOutputStream:75 - [STDERR_REDIRECT] [Fatal Error] :1:1: Premature end of file.
2026-10-02 10:55:38,845 [ERROR] LogOutputStream:75 - [STDERR_REDIRECT] 
2026-10-02 10:55:38,871 [ERROR] LogOutputStream:75 - [STDERR_REDIRECT] [Fatal Error] :1:1: Premature end of file.
2026-10-02 10:55:38,871 [ERROR] LogOutputStream:75 - [STDERR_REDIRECT] 
2026-10-02 10:55:38,896 [ERROR] LogOutputStream:75 - [STDERR_REDIRECT] [Fatal Error] :1:1: Premature end of file.
2026-10-02 10:55:38,896 [ERROR] LogOutputStream:75 - [STDERR_REDIRECT] 
2026-10-02 10:55:38,919 [ERROR] LogOutputStream:75 - [STDERR_REDIRECT] [Fatal Error] :1:1: Premature end of file.
2026-10-02 10:55:38,919 [ERROR] LogOutputStream:75 - [STDERR_REDIRECT] 
2026-10-02 10:55:38,945 [ERROR] LogOutputStream:75 - [STDERR_REDIRECT] [Fatal Error] :1:1: Premature end of file.
2026-10-02 10:55:38,945 [ERROR] LogOutputStream:75 - [STDERR_REDIRECT] 
2026-10-02 10:55:38,969 [ERROR] LogOutputStream:75 - [STDERR_REDIRECT] [Fatal Error] :1:1: Premature end of file.
2026-10-02 10:55:38,969 [ERROR] LogOutputStream:75 - [STDERR_REDIRECT] 
2026-10-02 10:55:38,993 [ERROR] LogOutputStream:75 - [STDERR_REDIRECT] [Fatal Error] :1:1: Premature end of file.
2026-10-02 10:55:38,993 [ERROR] LogOutputStream:75 - [STDERR_REDIRECT] 
2026-10-02 10:55:39,018 [ERROR] LogOutputStream:75 - [STDERR_REDIRECT] [Fatal Error] :1:1: Premature end of file.
2026-10-02 10:55:39,018 [ERROR] LogOutputStream:75 - [STDERR_REDIRECT] 
2026-10-02 10:55:39,051 [ERROR] LogOutputStream:75 - [STDERR_REDIRECT] [Fatal Error] :1:1: Premature end of file.
2026-10-02 10:55:39,051 [ERROR] LogOutputStream:75 - [STDERR_REDIRECT] 
2026-10-02 10:55:39,079 [ERROR] LogOutputStream:75 - [STDERR_REDIRECT] [Fatal Error] :1:1: Premature end of file.
2026-10-02 10:55:39,079 [ERROR] LogOutputStream:75 - [STDERR_REDIRECT] 
2026-10-02 10:55:39,106 [ERROR] LogOutputStream:75 - [STDERR_REDIRECT] [Fatal Error] :1:1: Premature end of file.
2026-10-02 10:55:39,106 [ERROR] LogOutputStream:75 - [STDERR_REDIRECT] 
2026-10-02 10:55:39,135 [ERROR] LogOutputStream:75 - [STDERR_REDIRECT] [Fatal Error] :1:1: Premature end of file.
2026-10-02 10:55:39,135 [ERROR] LogOutputStream:75 - [STDERR_REDIRECT] 
2026-10-02 10:55:39,162 [ERROR] LogOutputStream:75 - [STDERR_REDIRECT] [Fatal Error] :1:1: Premature end of file.
2026-10-02 10:55:39,162 [ERROR] LogOutputStream:75 - [STDERR_REDIRECT] 
2026-10-02 10:55:39,188 [ERROR] LogOutputStream:75 - [STDERR_REDIRECT] [Fatal Error] :1:1: Premature end of file.
2026-10-02 10:55:39,188 [ERROR] LogOutputStream:75 - [STDERR_REDIRECT] 
2026-10-02 10:55:39,213 [ERROR] LogOutputStream:75 - [STDERR_REDIRECT] [Fatal Error] :1:1: Premature end of file.
2026-10-02 10:55:39,213 [ERROR] LogOutputStream:75 - [STDERR_REDIRECT] 
2026-10-02 10:55:39,241 [ERROR] LogOutputStream:75 - [STDERR_REDIRECT] [Fatal Error] :1:1: Premature end of file.
2026-10-02 10:55:39,241 [ERROR] LogOutputStream:75 - [STDERR_REDIRECT] 
2026-10-02 10:55:39,267 [ERROR] LogOutputStream:75 - [STDERR_REDIRECT] [Fatal Error] :1:1: Premature end of file.
2026-10-02 10:55:39,267 [ERROR] LogOutputStream:75 - [STDERR_REDIRECT] 
2026-10-02 10:55:39,293 [ERROR] LogOutputStream:75 - [STDERR_REDIRECT] [Fatal Error] :1:1: Premature end of file.
2026-10-02 10:55:39,293 [ERROR] LogOutputStream:75 - [STDERR_REDIRECT] 
2026-10-02 10:55:39,320 [ERROR] LogOutputStream:75 - [STDERR_REDIRECT] [Fatal Error] :1:1: Premature end of file.
2026-10-02 10:55:39,320 [ERROR] LogOutputStream:75 - [STDERR_REDIRECT] 
2026-10-02 10:55:39,346 [ERROR] LogOutputStream:75 - [STDERR_REDIRECT] [Fatal Error] :1:1: Premature end of file.
2026-10-02 10:55:39,346 [ERROR] LogOutputStream:75 - [STDERR_REDIRECT] 
2026-10-02 10:55:39,371 [ERROR] LogOutputStream:75 - [STDERR_REDIRECT] [Fatal Error] :1:1: Premature end of file.
2026-10-02 10:55:39,371 [ERROR] LogOutputStream:75 - [STDERR_REDIRECT] 
2026-10-02 10:55:39,398 [ERROR] LogOutputStream:75 - [STDERR_REDIRECT] [Fatal Error] :1:1: Premature end of file.
2026-10-02 10:55:39,398 [ERROR] LogOutputStream:75 - [STDERR_REDIRECT] 
2026-10-02 10:55:39,424 [ERROR] LogOutputStream:75 - [STDERR_REDIRECT] [Fatal Error] :1:1: Premature end of file.
2026-10-02 10:55:39,424 [ERROR] LogOutputStream:75 - [STDERR_REDIRECT] 
2026-10-02 10:55:39,447 [ERROR] LogOutputStream:75 - [STDERR_REDIRECT] [Fatal Error] :1:1: Premature end of file.
2026-10-02 10:55:39,447 [ERROR] LogOutputStream:75 - [STDERR_REDIRECT] 
2026-10-02 10:55:39,469 [ERROR] LogOutputStream:75 - [STDERR_REDIRECT] [Fatal Error] :1:1: Premature end of file.
2026-10-02 10:55:39,469 [ERROR] LogOutputStream:75 - [STDERR_REDIRECT] 
2026-10-02 10:55:39,497 [ERROR] LogOutputStream:75 - [STDERR_REDIRECT] [Fatal Error] :1:1: Premature end of file.
2026-10-02 10:55:39,497 [ERROR] LogOutputStream:75 - [STDERR_REDIRECT] 
2026-10-02 10:55:39,522 [ERROR] LogOutputStream:75 - [STDERR_REDIRECT] [Fatal Error] :1:1: Premature end of file.
2026-10-02 10:55:39,522 [ERROR] LogOutputStream:75 - [STDERR_REDIRECT] 
2026-10-02 10:55:39,547 [ERROR] LogOutputStream:75 - [STDERR_REDIRECT] [Fatal Error] :1:1: Premature end of file.
2026-10-02 10:55:39,547 [ERROR] LogOutputStream:75 - [STDERR_REDIRECT] 
2026-10-02 10:55:39,574 [ERROR] LogOutputStream:75 - [STDERR_REDIRECT] [Fatal Error] :1:1: Premature end of file.
2026-10-02 10:55:39,574 [ERROR] LogOutputStream:75 - [STDERR_REDIRECT] 
2026-10-02 10:55:39,600 [ERROR] LogOutputStream:75 - [STDERR_REDIRECT] [Fatal Error] :1:1: Premature end of file.
2026-10-02 10:55:39,600 [ERROR] LogOutputStream:75 - [STDERR_REDIRECT] 
2026-10-02 10:55:39,626 [ERROR] LogOutputStream:75 - [STDERR_REDIRECT] [Fatal Error] :1:1: Premature end of file.
2026-10-02 10:55:39,626 [ERROR] LogOutputStream:75 - [STDERR_REDIRECT] 
2026-10-02 10:55:39,653 [ERROR] LogOutputStream:75 - [STDERR_REDIRECT] [Fatal Error] :1:1: Premature end of file.
2026-10-02 10:55:39,653 [ERROR] LogOutputStream:75 - [STDERR_REDIRECT] 
2026-10-02 10:55:39,682 [ERROR] LogOutputStream:75 - [STDERR_REDIRECT] [Fatal Error] :1:1: Premature end of file.
2026-10-02 10:55:39,682 [ERROR] LogOutputStream:75 - [STDERR_REDIRECT] 
2026-10-02 10:55:39,709 [ERROR] LogOutputStream:75 - [STDERR_REDIRECT] [Fatal Error] :1:1: Premature end of file.
2026-10-02 10:55:39,709 [ERROR] LogOutputStream:75 - [STDERR_REDIRECT] 
2026-10-02 10:55:39,734 [ERROR] LogOutputStream:75 - [STDERR_REDIRECT] [Fatal Error] :1:1: Premature end of file.
2026-10-02 10:55:39,734 [ERROR] LogOutputStream:75 - [STDERR_REDIRECT] 
2026-10-02 10:55:39,758 [ERROR] LogOutputStream:75 - [STDERR_REDIRECT] [Fatal Error] :1:1: Premature end of file.
2026-10-02 10:55:39,758 [ERROR] LogOutputStream:75 - [STDERR_REDIRECT] 
2026-10-02 10:55:39,781 [ERROR] LogOutputStream:75 - [STDERR_REDIRECT] [Fatal Error] :1:1: Premature end of file.
2026-10-02 10:55:39,781 [ERROR] LogOutputStream:75 - [STDERR_REDIRECT] 
2026-10-02 10:55:39,809 [ERROR] LogOutputStream:75 - [STDERR_REDIRECT] [Fatal Error] :1:1: Premature end of file.
2026-10-02 10:55:39,809 [ERROR] LogOutputStream:75 - [STDERR_REDIRECT] 
2026-10-02 10:55:39,834 [ERROR] LogOutputStream:75 - [STDERR_REDIRECT] [Fatal Error] :1:1: Premature end of file.
2026-10-02 10:55:39,834 [ERROR] LogOutputStream:75 - [STDERR_REDIRECT] 
2026-10-02 10:55:39,860 [ERROR] LogOutputStream:75 - [STDERR_REDIRECT] [Fatal Error] :1:1: Premature end of file.
2026-10-02 10:55:39,860 [ERROR] LogOutputStream:75 - [STDERR_REDIRECT] 
2026-10-02 10:55:39,884 [ERROR] LogOutputStream:75 - [STDERR_REDIRECT] [Fatal Error] :1:1: Premature end of file.
2026-10-02 10:55:39,884 [ERROR] LogOutputStream:75 - [STDERR_REDIRECT] 
2026-10-02 10:55:39,910 [ERROR] LogOutputStream:75 - [STDERR_REDIRECT] [Fatal Error] :1:1: Premature end of file.
2026-10-02 10:55:39,910 [ERROR] LogOutputStream:75 - [STDERR_REDIRECT] 
2026-10-02 10:55:39,934 [ERROR] LogOutputStream:75 - [STDERR_REDIRECT] [Fatal Error] :1:1: Premature end of file.
2026-10-02 10:55:39,934 [ERROR] LogOutputStream:75 - [STDERR_REDIRECT] 
2026-10-02 10:55:39,957 [ERROR] LogOutputStream:75 - [STDERR_REDIRECT] [Fatal Error] :1:1: Premature end of file.
2026-10-02 10:55:39,957 [ERROR] LogOutputStream:75 - [STDERR_REDIRECT] 
2026-10-02 10:55:39,985 [ERROR] LogOutputStream:75 - [STDERR_REDIRECT] [Fatal Error] :1:1: Premature end of file.
2026-10-02 10:55:39,985 [ERROR] LogOutputStream:75 - [STDERR_REDIRECT] 
2026-10-02 10:55:40,011 [ERROR] LogOutputStream:75 - [STDERR_REDIRECT] [Fatal Error] :1:1: Premature end of file.
2026-10-02 10:55:40,011 [ERROR] LogOutputStream:75 - [STDERR_REDIRECT] 
2026-10-02 10:55:40,035 [ERROR] LogOutputStream:75 - [STDERR_REDIRECT] [Fatal Error] :1:1: Premature end of file.
2026-10-02 10:55:40,035 [ERROR] LogOutputStream:75 - [STDERR_REDIRECT] 
2026-10-02 10:55:40,064 [ERROR] LogOutputStream:75 - [STDERR_REDIRECT] [Fatal Error] :1:1: Premature end of file.
2026-10-02 10:55:40,064 [ERROR] LogOutputStream:75 - [STDERR_REDIRECT] 
2026-10-02 10:55:40,088 [ERROR] LogOutputStream:75 - [STDERR_REDIRECT] [Fatal Error] :1:1: Premature end of file.
2026-10-02 10:55:40,088 [ERROR] LogOutputStream:75 - [STDERR_REDIRECT] 
2026-10-02 10:55:40,115 [ERROR] LogOutputStream:75 - [STDERR_REDIRECT] [Fatal Error] :1:1: Premature end of file.
2026-10-02 10:55:40,115 [ERROR] LogOutputStream:75 - [STDERR_REDIRECT] 
2026-10-02 10:55:40,142 [ERROR] LogOutputStream:75 - [STDERR_REDIRECT] [Fatal Error] :1:1: Premature end of file.
2026-10-02 10:55:40,142 [ERROR] LogOutputStream:75 - [STDERR_REDIRECT] 
2026-10-02 10:55:40,171 [ERROR] LogOutputStream:75 - [STDERR_REDIRECT] [Fatal Error] :1:1: Premature end of file.
2026-10-02 10:55:40,171 [ERROR] LogOutputStream:75 - [STDERR_REDIRECT] 
2026-10-02 10:55:40,199 [ERROR] LogOutputStream:75 - [STDERR_REDIRECT] [Fatal Error] :1:1: Premature end of file.
2026-10-02 10:55:40,199 [ERROR] LogOutputStream:75 - [STDERR_REDIRECT] 
2026-10-02 10:55:40,226 [ERROR] LogOutputStream:75 - [STDERR_REDIRECT] [Fatal Error] :1:1: Premature end of file.
2026-10-02 10:55:40,226 [ERROR] LogOutputStream:75 - [STDERR_REDIRECT] 
2026-10-02 10:55:40,251 [ERROR] LogOutputStream:75 - [STDERR_REDIRECT] [Fatal Error] :1:1: Premature end of file.
2026-10-02 10:55:40,251 [ERROR] LogOutputStream:75 - [STDERR_REDIRECT] 
2026-10-02 10:55:40,276 [ERROR] LogOutputStream:75 - [STDERR_REDIRECT] [Fatal Error] :1:1: Premature end of file.
2026-10-02 10:55:40,276 [ERROR] LogOutputStream:75 - [STDERR_REDIRECT] 
2026-10-02 10:55:40,303 [ERROR] LogOutputStream:75 - [STDERR_REDIRECT] [Fatal Error] :1:1: Premature end of file.
2026-10-02 10:55:40,303 [ERROR] LogOutputStream:75 - [STDERR_REDIRECT] 
2026-10-02 10:55:40,327 [ERROR] LogOutputStream:75 - [STDERR_REDIRECT] [Fatal Error] :1:1: Premature end of file.
2026-10-02 10:55:40,327 [ERROR] LogOutputStream:75 - [STDERR_REDIRECT] 
2026-10-02 10:55:40,354 [ERROR] LogOutputStream:75 - [STDERR_REDIRECT] [Fatal Error] :1:1: Premature end of file.
2026-10-02 10:55:40,354 [ERROR] LogOutputStream:75 - [STDERR_REDIRECT] 
2026-10-02 10:55:40,378 [ERROR] LogOutputStream:75 - [STDERR_REDIRECT] [Fatal Error] :1:1: Premature end of file.
2026-10-02 10:55:40,378 [ERROR] LogOutputStream:75 - [STDERR_REDIRECT] 
2026-10-02 10:55:40,401 [ERROR] LogOutputStream:75 - [STDERR_REDIRECT] [Fatal Error] :1:1: Premature end of file.
2026-10-02 10:55:40,401 [ERROR] LogOutputStream:75 - [STDERR_REDIRECT] 
2026-10-02 10:55:40,430 [ERROR] LogOutputStream:75 - [STDERR_REDIRECT] [Fatal Error] :1:1: Premature end of file.
2026-10-02 10:55:40,430 [ERROR] LogOutputStream:75 - [STDERR_REDIRECT] 
2026-10-02 10:55:40,453 [ERROR] LogOutputStream:75 - [STDERR_REDIRECT] [Fatal Error] :1:1: Premature end of file.
2026-10-02 10:55:40,453 [ERROR] LogOutputStream:75 - [STDERR_REDIRECT] 
2026-10-02 10:55:40,478 [ERROR] LogOutputStream:75 - [STDERR_REDIRECT] [Fatal Error] :1:1: Premature end of file.
2026-10-02 10:55:40,479 [ERROR] LogOutputStream:75 - [STDERR_REDIRECT] 
2026-10-02 10:55:40,502 [ERROR] LogOutputStream:75 - [STDERR_REDIRECT] [Fatal Error] :1:1: Premature end of file.
2026-10-02 10:55:40,502 [ERROR] LogOutputStream:75 - [STDERR_REDIRECT] 
2026-10-02 10:55:40,527 [ERROR] LogOutputStream:75 - [STDERR_REDIRECT] [Fatal Error] :1:1: Premature end of file.
2026-10-02 10:55:40,527 [ERROR] LogOutputStream:75 - [STDERR_REDIRECT] 
2026-10-02 10:55:40,553 [ERROR] LogOutputStream:75 - [STDERR_REDIRECT] [Fatal Error] :1:1: Premature end of file.
2026-10-02 10:55:40,553 [ERROR] LogOutputStream:75 - [STDERR_REDIRECT] 
2026-10-02 10:55:40,579 [ERROR] LogOutputStream:75 - [STDERR_REDIRECT] [Fatal Error] :1:1: Premature end of file.
2026-10-02 10:55:40,579 [ERROR] LogOutputStream:75 - [STDERR_REDIRECT] 
2026-10-02 10:55:40,602 [ERROR] LogOutputStream:75 - [STDERR_REDIRECT] [Fatal Error] :1:1: Premature end of file.
2026-10-02 10:55:40,602 [ERROR] LogOutputStream:75 - [STDERR_REDIRECT] 
2026-10-02 10:55:40,631 [ERROR] LogOutputStream:75 - [STDERR_REDIRECT] [Fatal Error] :1:1: Premature end of file.
2026-10-02 10:55:40,631 [ERROR] LogOutputStream:75 - [STDERR_REDIRECT] 
2026-10-02 10:55:40,657 [ERROR] LogOutputStream:75 - [STDERR_REDIRECT] [Fatal Error] :1:1: Premature end of file.
2026-10-02 10:55:40,657 [ERROR] LogOutputStream:75 - [STDERR_REDIRECT] 
2026-10-02 10:55:40,686 [ERROR] LogOutputStream:75 - [STDERR_REDIRECT] [Fatal Error] :1:1: Premature end of file.
2026-10-02 10:55:40,686 [ERROR] LogOutputStream:75 - [STDERR_REDIRECT] 
2026-10-02 10:55:40,719 [ERROR] LogOutputStream:75 - [STDERR_REDIRECT] [Fatal Error] :1:1: Premature end of file.
2026-10-02 10:55:40,719 [ERROR] LogOutputStream:75 - [STDERR_REDIRECT] 
2026-10-02 10:55:40,745 [ERROR] LogOutputStream:75 - [STDERR_REDIRECT] [Fatal Error] :1:1: Premature end of file.
2026-10-02 10:55:40,745 [ERROR] LogOutputStream:75 - [STDERR_REDIRECT] 
2026-10-02 10:55:40,769 [ERROR] LogOutputStream:75 - [STDERR_REDIRECT] [Fatal Error] :1:1: Premature end of file.
2026-10-02 10:55:40,769 [ERROR] LogOutputStream:75 - [STDERR_REDIRECT] 
2026-10-02 10:55:40,791 [ERROR] LogOutputStream:75 - [STDERR_REDIRECT] [Fatal Error] :1:1: Premature end of file.
2026-10-02 10:55:40,791 [ERROR] LogOutputStream:75 - [STDERR_REDIRECT] 
2026-10-02 10:55:40,820 [ERROR] LogOutputStream:75 - [STDERR_REDIRECT] [Fatal Error] :1:1: Premature end of file.
2026-10-02 10:55:40,820 [ERROR] LogOutputStream:75 - [STDERR_REDIRECT] 
2026-10-02 10:55:40,846 [ERROR] LogOutputStream:75 - [STDERR_REDIRECT] [Fatal Error] :1:1: Premature end of file.
2026-10-02 10:55:40,846 [ERROR] LogOutputStream:75 - [STDERR_REDIRECT] 
2026-10-02 10:55:40,869 [ERROR] LogOutputStream:75 - [STDERR_REDIRECT] [Fatal Error] :1:1: Premature end of file.
2026-10-02 10:55:40,869 [ERROR] LogOutputStream:75 - [STDERR_REDIRECT] 
2026-10-02 10:55:40,893 [ERROR] LogOutputStream:75 - [STDERR_REDIRECT] [Fatal Error] :1:1: Premature end of file.
2026-10-02 10:55:40,893 [ERROR] LogOutputStream:75 - [STDERR_REDIRECT] 
2026-10-02 10:55:40,920 [ERROR] LogOutputStream:75 - [STDERR_REDIRECT] [Fatal Error] :1:1: Premature end of file.
2026-10-02 10:55:40,920 [ERROR] LogOutputStream:75 - [STDERR_REDIRECT] 
2026-10-02 10:55:40,945 [ERROR] LogOutputStream:75 - [STDERR_REDIRECT] [Fatal Error] :1:1: Premature end of file.
2026-10-02 10:55:40,945 [ERROR] LogOutputStream:75 - [STDERR_REDIRECT] 
2026-10-02 10:55:40,970 [ERROR] LogOutputStream:75 - [STDERR_REDIRECT] [Fatal Error] :1:1: Premature end of file.
2026-10-02 10:55:40,970 [ERROR] LogOutputStream:75 - [STDERR_REDIRECT] 
2026-10-02 10:55:40,993 [ERROR] LogOutputStream:75 - [STDERR_REDIRECT] [Fatal Error] :1:1: Premature end of file.
2026-10-02 10:55:40,993 [ERROR] LogOutputStream:75 - [STDERR_REDIRECT] 
2026-10-02 10:55:41,022 [ERROR] LogOutputStream:75 - [STDERR_REDIRECT] [Fatal Error] :1:1: Premature end of file.
2026-10-02 10:55:41,022 [ERROR] LogOutputStream:75 - [STDERR_REDIRECT] 
2026-10-02 10:55:41,041 [ERROR] LogOutputStream:75 - [STDERR_REDIRECT] [Fatal Error] :1:1: Premature end of file.
2026-10-02 10:55:41,041 [ERROR] LogOutputStream:75 - [STDERR_REDIRECT] 
2026-10-02 10:55:41,070 [ERROR] LogOutputStream:75 - [STDERR_REDIRECT] [Fatal Error] :1:1: Premature end of file.
2026-10-02 10:55:41,070 [ERROR] LogOutputStream:75 - [STDERR_REDIRECT] 
2026-10-02 10:55:41,093 [ERROR] LogOutputStream:75 - [STDERR_REDIRECT] [Fatal Error] :1:1: Premature end of file.
2026-10-02 10:55:41,093 [ERROR] LogOutputStream:75 - [STDERR_REDIRECT] 
2026-10-02 10:55:41,113 [ERROR] LogOutputStream:75 - [STDERR_REDIRECT] [Fatal Error] :1:1: Premature end of file.
2026-10-02 10:55:41,113 [ERROR] LogOutputStream:75 - [STDERR_REDIRECT] 
2026-10-02 10:55:41,141 [ERROR] LogOutputStream:75 - [STDERR_REDIRECT] [Fatal Error] :1:1: Premature end of file.
2026-10-02 10:55:41,141 [ERROR] LogOutputStream:75 - [STDERR_REDIRECT] 
2026-10-02 10:55:41,167 [ERROR] LogOutputStream:75 - [STDERR_REDIRECT] [Fatal Error] :1:1: Premature end of file.
2026-10-02 10:55:41,167 [ERROR] LogOutputStream:75 - [STDERR_REDIRECT] 
2026-10-02 10:55:41,191 [ERROR] LogOutputStream:75 - [STDERR_REDIRECT] [Fatal Error] :1:1: Premature end of file.
2026-10-02 10:55:41,191 [ERROR] LogOutputStream:75 - [STDERR_REDIRECT] 
2026-10-02 10:55:41,218 [ERROR] LogOutputStream:75 - [STDERR_REDIRECT] [Fatal Error] :1:1: Premature end of file.
2026-10-02 10:55:41,218 [ERROR] LogOutputStream:75 - [STDERR_REDIRECT] 
2026-10-02 10:55:41,242 [ERROR] LogOutputStream:75 - [STDERR_REDIRECT] [Fatal Error] :1:1: Premature end of file.
2026-10-02 10:55:41,242 [ERROR] LogOutputStream:75 - [STDERR_REDIRECT] 
2026-10-02 10:55:41,268 [ERROR] LogOutputStream:75 - [STDERR_REDIRECT] [Fatal Error] :1:1: Premature end of file.
2026-10-02 10:55:41,268 [ERROR] LogOutputStream:75 - [STDERR_REDIRECT] 
2026-10-02 10:55:41,294 [ERROR] LogOutputStream:75 - [STDERR_REDIRECT] [Fatal Error] :1:1: Premature end of file.
2026-10-02 10:55:41,294 [ERROR] LogOutputStream:75 - [STDERR_REDIRECT] 
2026-10-02 10:55:41,320 [ERROR] LogOutputStream:75 - [STDERR_REDIRECT] [Fatal Error] :1:1: Premature end of file.
2026-10-02 10:55:41,320 [ERROR] LogOutputStream:75 - [STDERR_REDIRECT] 
2026-10-02 10:55:41,344 [ERROR] LogOutputStream:75 - [STDERR_REDIRECT] [Fatal Error] :1:1: Premature end of file.
2026-10-02 10:55:41,344 [ERROR] LogOutputStream:75 - [STDERR_REDIRECT] 
2026-10-02 10:55:41,365 [ERROR] LogOutputStream:75 - [STDERR_REDIRECT] [Fatal Error] :1:1: Premature end of file.
2026-10-02 10:55:41,365 [ERROR] LogOutputStream:75 - [STDERR_REDIRECT] 
2026-10-02 10:55:41,393 [ERROR] LogOutputStream:75 - [STDERR_REDIRECT] [Fatal Error] :1:1: Premature end of file.
2026-10-02 10:55:41,393 [ERROR] LogOutputStream:75 - [STDERR_REDIRECT] 
2026-10-02 10:55:41,418 [ERROR] LogOutputStream:75 - [STDERR_REDIRECT] [Fatal Error] :1:1: Premature end of file.
2026-10-02 10:55:41,418 [ERROR] LogOutputStream:75 - [STDERR_REDIRECT] 
2026-10-02 10:55:41,445 [ERROR] LogOutputStream:75 - [STDERR_REDIRECT] [Fatal Error] :1:1: Premature end of file.
2026-10-02 10:55:41,445 [ERROR] LogOutputStream:75 - [STDERR_REDIRECT] 
2026-10-02 10:55:41,469 [ERROR] LogOutputStream:75 - [STDERR_REDIRECT] [Fatal Error] :1:1: Premature end of file.
2026-10-02 10:55:41,469 [ERROR] LogOutputStream:75 - [STDERR_REDIRECT] 
2026-10-02 10:55:41,493 [ERROR] LogOutputStream:75 - [STDERR_REDIRECT] [Fatal Error] :1:1: Premature end of file.
2026-10-02 10:55:41,493 [ERROR] LogOutputStream:75 - [STDERR_REDIRECT] 
2026-10-02 10:55:41,520 [ERROR] LogOutputStream:75 - [STDERR_REDIRECT] [Fatal Error] :1:1: Premature end of file.
2026-10-02 10:55:41,520 [ERROR] LogOutputStream:75 - [STDERR_REDIRECT] 
2026-10-02 10:55:41,546 [ERROR] LogOutputStream:75 - [STDERR_REDIRECT] [Fatal Error] :1:1: Premature end of file.
2026-10-02 10:55:41,546 [ERROR] LogOutputStream:75 - [STDERR_REDIRECT] 
2026-10-02 10:55:41,566 [ERROR] LogOutputStream:75 - [STDERR_REDIRECT] [Fatal Error] :1:1: Premature end of file.
2026-10-02 10:55:41,566 [ERROR] LogOutputStream:75 - [STDERR_REDIRECT] 
2026-10-02 10:55:41,597 [ERROR] LogOutputStream:75 - [STDERR_REDIRECT] [Fatal Error] :1:1: Premature end of file.
2026-10-02 10:55:41,597 [ERROR] LogOutputStream:75 - [STDERR_REDIRECT] 
2026-10-02 10:55:41,620 [ERROR] LogOutputStream:75 - [STDERR_REDIRECT] [Fatal Error] :1:1: Premature end of file.
2026-10-02 10:55:41,620 [ERROR] LogOutputStream:75 - [STDERR_REDIRECT] 
2026-10-02 10:55:41,649 [ERROR] LogOutputStream:75 - [STDERR_REDIRECT] [Fatal Error] :1:1: Premature end of file.
2026-10-02 10:55:41,649 [ERROR] LogOutputStream:75 - [STDERR_REDIRECT] 
2026-10-02 10:55:41,675 [ERROR] LogOutputStream:75 - [STDERR_REDIRECT] [Fatal Error] :1:1: Premature end of file.
2026-10-02 10:55:41,675 [ERROR] LogOutputStream:75 - [STDERR_REDIRECT] 
2026-10-02 10:55:41,703 [ERROR] LogOutputStream:75 - [STDERR_REDIRECT] [Fatal Error] :1:1: Premature end of file.
2026-10-02 10:55:41,703 [ERROR] LogOutputStream:75 - [STDERR_REDIRECT] 
2026-10-02 10:55:41,727 [ERROR] LogOutputStream:75 - [STDERR_REDIRECT] [Fatal Error] :1:1: Premature end of file.
2026-10-02 10:55:41,727 [ERROR] LogOutputStream:75 - [STDERR_REDIRECT] 
2026-10-02 10:55:41,752 [ERROR] LogOutputStream:75 - [STDERR_REDIRECT] [Fatal Error] :1:1: Premature end of file.
2026-10-02 10:55:41,752 [ERROR] LogOutputStream:75 - [STDERR_REDIRECT] 
2026-10-02 10:55:41,776 [ERROR] LogOutputStream:75 - [STDERR_REDIRECT] [Fatal Error] :1:1: Premature end of file.
2026-10-02 10:55:41,776 [ERROR] LogOutputStream:75 - [STDERR_REDIRECT] 
2026-10-02 10:55:41,804 [ERROR] LogOutputStream:75 - [STDERR_REDIRECT] [Fatal Error] :1:1: Premature end of file.
2026-10-02 10:55:41,804 [ERROR] LogOutputStream:75 - [STDERR_REDIRECT] 
2026-10-02 10:55:41,829 [ERROR] LogOutputStream:75 - [STDERR_REDIRECT] [Fatal Error] :1:1: Premature end of file.
2026-10-02 10:55:41,829 [ERROR] LogOutputStream:75 - [STDERR_REDIRECT] 
2026-10-02 10:55:41,853 [ERROR] LogOutputStream:75 - [STDERR_REDIRECT] [Fatal Error] :1:1: Premature end of file.
2026-10-02 10:55:41,853 [ERROR] LogOutputStream:75 - [STDERR_REDIRECT] 
2026-10-02 10:55:41,878 [ERROR] LogOutputStream:75 - [STDERR_REDIRECT] [Fatal Error] :1:1: Premature end of file.
2026-10-02 10:55:41,878 [ERROR] LogOutputStream:75 - [STDERR_REDIRECT] 
2026-10-02 10:55:41,900 [ERROR] LogOutputStream:75 - [STDERR_REDIRECT] [Fatal Error] :1:1: Premature end of file.
2026-10-02 10:55:41,900 [ERROR] LogOutputStream:75 - [STDERR_REDIRECT] 
2026-10-02 10:55:41,929 [ERROR] LogOutputStream:75 - [STDERR_REDIRECT] [Fatal Error] :1:1: Premature end of file.
2026-10-02 10:55:41,929 [ERROR] LogOutputStream:75 - [STDERR_REDIRECT] 
2026-10-02 10:55:41,955 [ERROR] LogOutputStream:75 - [STDERR_REDIRECT] [Fatal Error] :1:1: Premature end of file.
2026-10-02 10:55:41,955 [ERROR] LogOutputStream:75 - [STDERR_REDIRECT] 
2026-10-02 10:55:41,979 [ERROR] LogOutputStream:75 - [STDERR_REDIRECT] [Fatal Error] :1:1: Premature end of file.
2026-10-02 10:55:41,979 [ERROR] LogOutputStream:75 - [STDERR_REDIRECT] 
2026-10-02 10:55:41,995 [ERROR] LogOutputStream:75 - [STDERR_REDIRECT] [Fatal Error] :1:1: Premature end of file.
2026-10-02 10:55:41,995 [ERROR] LogOutputStream:75 - [STDERR_REDIRECT] 
2026-10-02 10:55:42,029 [ERROR] LogOutputStream:75 - [STDERR_REDIRECT] [Fatal Error] :1:1: Premature end of file.
2026-10-02 10:55:42,029 [ERROR] LogOutputStream:75 - [STDERR_REDIRECT] 
2026-10-02 10:55:42,053 [ERROR] LogOutputStream:75 - [STDERR_REDIRECT] [Fatal Error] :1:1: Premature end of file.
2026-10-02 10:55:42,053 [ERROR] LogOutputStream:75 - [STDERR_REDIRECT] 
2026-10-02 10:55:42,076 [ERROR] LogOutputStream:75 - [STDERR_REDIRECT] [Fatal Error] :1:1: Premature end of file.
2026-10-02 10:55:42,076 [ERROR] LogOutputStream:75 - [STDERR_REDIRECT] 
2026-10-02 10:55:42,103 [ERROR] LogOutputStream:75 - [STDERR_REDIRECT] [Fatal Error] :1:1: Premature end of file.
2026-10-02 10:55:42,103 [ERROR] LogOutputStream:75 - [STDERR_REDIRECT] 
2026-10-02 10:55:42,127 [ERROR] LogOutputStream:75 - [STDERR_REDIRECT] [Fatal Error] :1:1: Premature end of file.
2026-10-02 10:55:42,127 [ERROR] LogOutputStream:75 - [STDERR_REDIRECT] 
2026-10-02 10:55:42,152 [ERROR] LogOutputStream:75 - [STDERR_REDIRECT] [Fatal Error] :1:1: Premature end of file.
2026-10-02 10:55:42,152 [ERROR] LogOutputStream:75 - [STDERR_REDIRECT] 
2026-10-02 10:55:42,177 [ERROR] LogOutputStream:75 - [STDERR_REDIRECT] [Fatal Error] :1:1: Premature end of file.
2026-10-02 10:55:42,177 [ERROR] LogOutputStream:75 - [STDERR_REDIRECT] 
2026-10-02 10:55:42,202 [ERROR] LogOutputStream:75 - [STDERR_REDIRECT] [Fatal Error] :1:1: Premature end of file.
2026-10-02 10:55:42,202 [ERROR] LogOutputStream:75 - [STDERR_REDIRECT] 
2026-10-02 10:55:42,227 [ERROR] LogOutputStream:75 - [STDERR_REDIRECT] [Fatal Error] :1:1: Premature end of file.
2026-10-02 10:55:42,227 [ERROR] LogOutputStream:75 - [STDERR_REDIRECT] 
2026-10-02 10:55:42,247 [ERROR] LogOutputStream:75 - [STDERR_REDIRECT] [Fatal Error] :1:1: Premature end of file.
2026-10-02 10:55:42,247 [ERROR] LogOutputStream:75 - [STDERR_REDIRECT] 
2026-10-02 10:55:42,278 [ERROR] LogOutputStream:75 - [STDERR_REDIRECT] [Fatal Error] :1:1: Premature end of file.
2026-10-02 10:55:42,278 [ERROR] LogOutputStream:75 - [STDERR_REDIRECT] 
2026-10-02 10:55:42,302 [ERROR] LogOutputStream:75 - [STDERR_REDIRECT] [Fatal Error] :1:1: Premature end of file.
2026-10-02 10:55:42,302 [ERROR] LogOutputStream:75 - [STDERR_REDIRECT] 
2026-10-02 10:55:42,325 [ERROR] LogOutputStream:75 - [STDERR_REDIRECT] [Fatal Error] :1:1: Premature end of file.
2026-10-02 10:55:42,325 [ERROR] LogOutputStream:75 - [STDERR_REDIRECT] 
2026-10-02 10:55:42,352 [ERROR] LogOutputStream:75 - [STDERR_REDIRECT] [Fatal Error] :1:1: Premature end of file.
2026-10-02 10:55:42,352 [ERROR] LogOutputStream:75 - [STDERR_REDIRECT] 
2026-10-02 10:55:42,377 [ERROR] LogOutputStream:75 - [STDERR_REDIRECT] [Fatal Error] :1:1: Premature end of file.
2026-10-02 10:55:42,377 [ERROR] LogOutputStream:75 - [STDERR_REDIRECT] 
2026-10-02 10:55:42,395 [ERROR] LogOutputStream:75 - [STDERR_REDIRECT] [Fatal Error] :1:1: Premature end of file.
2026-10-02 10:55:42,395 [ERROR] LogOutputStream:75 - [STDERR_REDIRECT] 
2026-10-02 10:55:42,432 [ERROR] LogOutputStream:75 - [STDERR_REDIRECT] [Fatal Error] :1:1: Premature end of file.
2026-10-02 10:55:42,432 [ERROR] LogOutputStream:75 - [STDERR_REDIRECT] 
2026-10-02 10:55:42,459 [ERROR] LogOutputStream:75 - [STDERR_REDIRECT] [Fatal Error] :1:1: Premature end of file.
2026-10-02 10:55:42,459 [ERROR] LogOutputStream:75 - [STDERR_REDIRECT] 
2026-10-02 10:55:42,485 [ERROR] LogOutputStream:75 - [STDERR_REDIRECT] [Fatal Error] :1:1: Premature end of file.
2026-10-02 10:55:42,485 [ERROR] LogOutputStream:75 - [STDERR_REDIRECT] 
2026-10-02 10:55:42,511 [ERROR] LogOutputStream:75 - [STDERR_REDIRECT] [Fatal Error] :1:1: Premature end of file.
2026-10-02 10:55:42,511 [ERROR] LogOutputStream:75 - [STDERR_REDIRECT] 
2026-10-02 10:55:42,537 [ERROR] LogOutputStream:75 - [STDERR_REDIRECT] [Fatal Error] :1:1: Premature end of file.
2026-10-02 10:55:42,537 [ERROR] LogOutputStream:75 - [STDERR_REDIRECT] 
2026-10-02 10:55:42,566 [ERROR] LogOutputStream:75 - [STDERR_REDIRECT] [Fatal Error] :1:1: Premature end of file.
2026-10-02 10:55:42,566 [ERROR] LogOutputStream:75 - [STDERR_REDIRECT] 
2026-10-02 10:55:42,593 [ERROR] LogOutputStream:75 - [STDERR_REDIRECT] [Fatal Error] :1:1: Premature end of file.
2026-10-02 10:55:42,593 [ERROR] LogOutputStream:75 - [STDERR_REDIRECT] 
2026-10-02 10:55:42,620 [ERROR] LogOutputStream:75 - [STDERR_REDIRECT] [Fatal Error] :1:1: Premature end of file.
2026-10-02 10:55:42,620 [ERROR] LogOutputStream:75 - [STDERR_REDIRECT] 
2026-10-02 10:55:42,641 [ERROR] LogOutputStream:75 - [STDERR_REDIRECT] [Fatal Error] :1:1: Premature end of file.
2026-10-02 10:55:42,641 [ERROR] LogOutputStream:75 - [STDERR_REDIRECT] 
2026-10-02 10:55:42,675 [ERROR] LogOutputStream:75 - [STDERR_REDIRECT] [Fatal Error] :1:1: Premature end of file.
2026-10-02 10:55:42,675 [ERROR] LogOutputStream:75 - [STDERR_REDIRECT] 
2026-10-02 10:55:42,700 [ERROR] LogOutputStream:75 - [STDERR_REDIRECT] [Fatal Error] :1:1: Premature end of file.
2026-10-02 10:55:42,700 [ERROR] LogOutputStream:75 - [STDERR_REDIRECT] 
2026-10-02 10:55:42,730 [ERROR] LogOutputStream:75 - [STDERR_REDIRECT] [Fatal Error] :1:1: Premature end of file.
2026-10-02 10:55:42,730 [ERROR] LogOutputStream:75 - [STDERR_REDIRECT] 
2026-10-02 10:55:42,753 [ERROR] LogOutputStream:75 - [STDERR_REDIRECT] [Fatal Error] :1:1: Premature end of file.
2026-10-02 10:55:42,753 [ERROR] LogOutputStream:75 - [STDERR_REDIRECT] 
2026-10-02 10:55:42,793 [ERROR] LogOutputStream:75 - [STDERR_REDIRECT] [Fatal Error] :1:1: Premature end of file.
2026-10-02 10:55:42,795 [ERROR] LogOutputStream:75 - [STDERR_REDIRECT] 
2026-10-02 10:55:42,854 [ERROR] LogOutputStream:75 - [STDERR_REDIRECT] [Fatal Error] :1:1: Premature end of file.
2026-10-02 10:55:42,854 [ERROR] LogOutputStream:75 - [STDERR_REDIRECT] 
2026-10-02 10:55:42,891 [ERROR] LogOutputStream:75 - [STDERR_REDIRECT] [Fatal Error] :1:1: Premature end of file.
2026-10-02 10:55:42,891 [ERROR] LogOutputStream:75 - [STDERR_REDIRECT] 
2026-10-02 10:55:42,912 [ERROR] LogOutputStream:75 - [STDERR_REDIRECT] [Fatal Error] :1:1: Premature end of file.
2026-10-02 10:55:42,912 [ERROR] LogOutputStream:75 - [STDERR_REDIRECT] 
2026-10-02 10:55:42,936 [ERROR] LogOutputStream:75 - [STDERR_REDIRECT] [Fatal Error] :1:1: Premature end of file.
2026-10-02 10:55:42,936 [ERROR] LogOutputStream:75 - [STDERR_REDIRECT] 
2026-10-02 10:55:42,961 [ERROR] LogOutputStream:75 - [STDERR_REDIRECT] [Fatal Error] :1:1: Premature end of file.
2026-10-02 10:55:42,961 [ERROR] LogOutputStream:75 - [STDERR_REDIRECT] 
2026-10-02 10:55:42,983 [ERROR] LogOutputStream:75 - [STDERR_REDIRECT] [Fatal Error] :1:1: Premature end of file.
2026-10-02 10:55:42,985 [ERROR] LogOutputStream:75 - [STDERR_REDIRECT] 
2026-10-02 10:55:43,010 [ERROR] LogOutputStream:75 - [STDERR_REDIRECT] [Fatal Error] :1:1: Premature end of file.
2026-10-02 10:55:43,010 [ERROR] LogOutputStream:75 - [STDERR_REDIRECT] 
2026-10-02 10:55:43,027 [ERROR] LogOutputStream:75 - [STDERR_REDIRECT] [Fatal Error] :1:1: Premature end of file.
2026-10-02 10:55:43,027 [ERROR] LogOutputStream:75 - [STDERR_REDIRECT] 
2026-10-02 10:55:43,059 [ERROR] LogOutputStream:75 - [STDERR_REDIRECT] [Fatal Error] :1:1: Premature end of file.
2026-10-02 10:55:43,059 [ERROR] LogOutputStream:75 - [STDERR_REDIRECT] 
2026-10-02 10:55:43,083 [ERROR] LogOutputStream:75 - [STDERR_REDIRECT] [Fatal Error] :1:1: Premature end of file.
2026-10-02 10:55:43,083 [ERROR] LogOutputStream:75 - [STDERR_REDIRECT] 
2026-10-02 10:55:43,108 [ERROR] LogOutputStream:75 - [STDERR_REDIRECT] [Fatal Error] :1:1: Premature end of file.
2026-10-02 10:55:43,108 [ERROR] LogOutputStream:75 - [STDERR_REDIRECT] 
2026-10-02 10:55:43,133 [ERROR] LogOutputStream:75 - [STDERR_REDIRECT] [Fatal Error] :1:1: Premature end of file.
2026-10-02 10:55:43,133 [ERROR] LogOutputStream:75 - [STDERR_REDIRECT] 
2026-10-02 10:55:43,158 [ERROR] LogOutputStream:75 - [STDERR_REDIRECT] [Fatal Error] :1:1: Premature end of file.
2026-10-02 10:55:43,158 [ERROR] LogOutputStream:75 - [STDERR_REDIRECT] 
2026-10-02 10:55:43,176 [ERROR] LogOutputStream:75 - [STDERR_REDIRECT] [Fatal Error] :1:1: Premature end of file.
2026-10-02 10:55:43,176 [ERROR] LogOutputStream:75 - [STDERR_REDIRECT] 
2026-10-02 10:55:43,209 [ERROR] LogOutputStream:75 - [STDERR_REDIRECT] [Fatal Error] :1:1: Premature end of file.
2026-10-02 10:55:43,209 [ERROR] LogOutputStream:75 - [STDERR_REDIRECT] 
2026-10-02 10:55:43,237 [ERROR] LogOutputStream:75 - [STDERR_REDIRECT] [Fatal Error] :1:1: Premature end of file.
2026-10-02 10:55:43,237 [ERROR] LogOutputStream:75 - [STDERR_REDIRECT] 
2026-10-02 10:55:43,259 [ERROR] LogOutputStream:75 - [STDERR_REDIRECT] [Fatal Error] :1:1: Premature end of file.
2026-10-02 10:55:43,264 [ERROR] LogOutputStream:75 - [STDERR_REDIRECT] 
2026-10-02 10:55:43,294 [ERROR] LogOutputStream:75 - [STDERR_REDIRECT] [Fatal Error] :1:1: Premature end of file.
2026-10-02 10:55:43,294 [ERROR] LogOutputStream:75 - [STDERR_REDIRECT] 
2026-10-02 10:55:43,317 [ERROR] LogOutputStream:75 - [STDERR_REDIRECT] [Fatal Error] :1:1: Premature end of file.
2026-10-02 10:55:43,317 [ERROR] LogOutputStream:75 - [STDERR_REDIRECT] 
2026-10-02 10:55:43,344 [ERROR] LogOutputStream:75 - [STDERR_REDIRECT] [Fatal Error] :1:1: Premature end of file.
2026-10-02 10:55:43,344 [ERROR] LogOutputStream:75 - [STDERR_REDIRECT] 
2026-10-02 10:55:43,366 [ERROR] LogOutputStream:75 - [STDERR_REDIRECT] [Fatal Error] :1:1: Premature end of file.
2026-10-02 10:55:43,366 [ERROR] LogOutputStream:75 - [STDERR_REDIRECT] 
2026-10-02 10:55:43,394 [ERROR] LogOutputStream:75 - [STDERR_REDIRECT] [Fatal Error] :1:1: Premature end of file.
2026-10-02 10:55:43,394 [ERROR] LogOutputStream:75 - [STDERR_REDIRECT] 
2026-10-02 10:55:43,424 [ERROR] LogOutputStream:75 - [STDERR_REDIRECT] [Fatal Error] :1:1: Premature end of file.
2026-10-02 10:55:43,424 [ERROR] LogOutputStream:75 - [STDERR_REDIRECT] 
2026-10-02 10:55:43,453 [ERROR] LogOutputStream:75 - [STDERR_REDIRECT] [Fatal Error] :1:1: Premature end of file.
2026-10-02 10:55:43,453 [ERROR] LogOutputStream:75 - [STDERR_REDIRECT] 
2026-10-02 10:55:43,475 [ERROR] LogOutputStream:75 - [STDERR_REDIRECT] [Fatal Error] :1:1: Premature end of file.
2026-10-02 10:55:43,475 [ERROR] LogOutputStream:75 - [STDERR_REDIRECT] 
2026-10-02 10:55:43,506 [ERROR] LogOutputStream:75 - [STDERR_REDIRECT] [Fatal Error] :1:1: Premature end of file.
2026-10-02 10:55:43,506 [ERROR] LogOutputStream:75 - [STDERR_REDIRECT] 
2026-10-02 10:55:43,535 [ERROR] LogOutputStream:75 - [STDERR_REDIRECT] [Fatal Error] :1:1: Premature end of file.
2026-10-02 10:55:43,535 [ERROR] LogOutputStream:75 - [STDERR_REDIRECT] 
2026-10-02 10:55:43,561 [ERROR] LogOutputStream:75 - [STDERR_REDIRECT] [Fatal Error] :1:1: Premature end of file.
2026-10-02 10:55:43,561 [ERROR] LogOutputStream:75 - [STDERR_REDIRECT] 
2026-10-02 10:55:43,587 [ERROR] LogOutputStream:75 - [STDERR_REDIRECT] [Fatal Error] :1:1: Premature end of file.
2026-10-02 10:55:43,587 [ERROR] LogOutputStream:75 - [STDERR_REDIRECT] 
2026-10-02 10:55:43,616 [ERROR] LogOutputStream:75 - [STDERR_REDIRECT] [Fatal Error] :1:1: Premature end of file.
2026-10-02 10:55:43,616 [ERROR] LogOutputStream:75 - [STDERR_REDIRECT] 
2026-10-02 10:55:43,641 [ERROR] LogOutputStream:75 - [STDERR_REDIRECT] [Fatal Error] :1:1: Premature end of file.
2026-10-02 10:55:43,641 [ERROR] LogOutputStream:75 - [STDERR_REDIRECT] 
2026-10-02 10:55:43,668 [ERROR] LogOutputStream:75 - [STDERR_REDIRECT] [Fatal Error] :1:1: Premature end of file.
2026-10-02 10:55:43,668 [ERROR] LogOutputStream:75 - [STDERR_REDIRECT] 
2026-10-02 10:55:43,701 [ERROR] LogOutputStream:75 - [STDERR_REDIRECT] [Fatal Error] :1:1: Premature end of file.
2026-10-02 10:55:43,701 [ERROR] LogOutputStream:75 - [STDERR_REDIRECT] 
2026-10-02 10:55:43,727 [ERROR] LogOutputStream:75 - [STDERR_REDIRECT] [Fatal Error] :1:1: Premature end of file.
2026-10-02 10:55:43,727 [ERROR] LogOutputStream:75 - [STDERR_REDIRECT] 
2026-10-02 10:55:43,756 [ERROR] LogOutputStream:75 - [STDERR_REDIRECT] [Fatal Error] :1:1: Premature end of file.
2026-10-02 10:55:43,756 [ERROR] LogOutputStream:75 - [STDERR_REDIRECT] 
2026-10-02 10:55:43,782 [ERROR] LogOutputStream:75 - [STDERR_REDIRECT] [Fatal Error] :1:1: Premature end of file.
2026-10-02 10:55:43,782 [ERROR] LogOutputStream:75 - [STDERR_REDIRECT] 
2026-10-02 10:55:43,808 [ERROR] LogOutputStream:75 - [STDERR_REDIRECT] [Fatal Error] :1:1: Premature end of file.
2026-10-02 10:55:43,808 [ERROR] LogOutputStream:75 - [STDERR_REDIRECT] 
2026-10-02 10:55:43,837 [ERROR] LogOutputStream:75 - [STDERR_REDIRECT] [Fatal Error] :1:1: Premature end of file.
2026-10-02 10:55:43,837 [ERROR] LogOutputStream:75 - [STDERR_REDIRECT] 
2026-10-02 10:55:43,865 [ERROR] LogOutputStream:75 - [STDERR_REDIRECT] [Fatal Error] :1:1: Premature end of file.
2026-10-02 10:55:43,865 [ERROR] LogOutputStream:75 - [STDERR_REDIRECT] 
2026-10-02 10:55:43,889 [ERROR] LogOutputStream:75 - [STDERR_REDIRECT] [Fatal Error] :1:1: Premature end of file.
2026-10-02 10:55:43,889 [ERROR] LogOutputStream:75 - [STDERR_REDIRECT] 
2026-10-02 10:55:43,915 [ERROR] LogOutputStream:75 - [STDERR_REDIRECT] [Fatal Error] :1:1: Premature end of file.
2026-10-02 10:55:43,915 [ERROR] LogOutputStream:75 - [STDERR_REDIRECT] 
2026-10-02 10:55:43,939 [ERROR] LogOutputStream:75 - [STDERR_REDIRECT] [Fatal Error] :1:1: Premature end of file.
2026-10-02 10:55:43,939 [ERROR] LogOutputStream:75 - [STDERR_REDIRECT] 
2026-10-02 10:55:43,964 [ERROR] LogOutputStream:75 - [STDERR_REDIRECT] [Fatal Error] :1:1: Premature end of file.
2026-10-02 10:55:43,964 [ERROR] LogOutputStream:75 - [STDERR_REDIRECT] 
2026-10-02 10:55:43,990 [ERROR] LogOutputStream:75 - [STDERR_REDIRECT] [Fatal Error] :1:1: Premature end of file.
2026-10-02 10:55:43,990 [ERROR] LogOutputStream:75 - [STDERR_REDIRECT] 
2026-10-02 10:55:44,017 [ERROR] LogOutputStream:75 - [STDERR_REDIRECT] [Fatal Error] :1:1: Premature end of file.
2026-10-02 10:55:44,017 [ERROR] LogOutputStream:75 - [STDERR_REDIRECT] 
2026-10-02 10:55:44,044 [ERROR] LogOutputStream:75 - [STDERR_REDIRECT] [Fatal Error] :1:1: Premature end of file.
2026-10-02 10:55:44,044 [ERROR] LogOutputStream:75 - [STDERR_REDIRECT] 
2026-10-02 10:55:44,067 [ERROR] LogOutputStream:75 - [STDERR_REDIRECT] [Fatal Error] :1:1: Premature end of file.
2026-10-02 10:55:44,067 [ERROR] LogOutputStream:75 - [STDERR_REDIRECT] 
2026-10-02 10:55:44,101 [ERROR] LogOutputStream:75 - [STDERR_REDIRECT] [Fatal Error] :1:1: Premature end of file.
2026-10-02 10:55:44,101 [ERROR] LogOutputStream:75 - [STDERR_REDIRECT] 
2026-10-02 10:55:44,138 [ERROR] LogOutputStream:75 - [STDERR_REDIRECT] [Fatal Error] :1:1: Premature end of file.
2026-10-02 10:55:44,138 [ERROR] LogOutputStream:75 - [STDERR_REDIRECT] 
2026-10-02 10:55:44,179 [ERROR] LogOutputStream:75 - [STDERR_REDIRECT] [Fatal Error] :1:1: Premature end of file.
2026-10-02 10:55:44,179 [ERROR] LogOutputStream:75 - [STDERR_REDIRECT] 
2026-10-02 10:55:44,211 [ERROR] LogOutputStream:75 - [STDERR_REDIRECT] [Fatal Error] :1:1: Premature end of file.
2026-10-02 10:55:44,211 [ERROR] LogOutputStream:75 - [STDERR_REDIRECT] 
2026-10-02 10:55:44,237 [ERROR] LogOutputStream:75 - [STDERR_REDIRECT] [Fatal Error] :1:1: Premature end of file.
2026-10-02 10:55:44,237 [ERROR] LogOutputStream:75 - [STDERR_REDIRECT] 
2026-10-02 10:55:44,284 [ERROR] LogOutputStream:75 - [STDERR_REDIRECT] [Fatal Error] :1:1: Premature end of file.
2026-10-02 10:55:44,284 [ERROR] LogOutputStream:75 - [STDERR_REDIRECT] 
2026-10-02 10:55:44,312 [ERROR] LogOutputStream:75 - [STDERR_REDIRECT] [Fatal Error] :1:1: Premature end of file.
2026-10-02 10:55:44,314 [ERROR] LogOutputStream:75 - [STDERR_REDIRECT] 
2026-10-02 10:55:44,338 [ERROR] LogOutputStream:75 - [STDERR_REDIRECT] [Fatal Error] :1:1: Premature end of file.
2026-10-02 10:55:44,338 [ERROR] LogOutputStream:75 - [STDERR_REDIRECT] 
2026-10-02 10:55:44,364 [ERROR] LogOutputStream:75 - [STDERR_REDIRECT] [Fatal Error] :1:1: Premature end of file.
2026-10-02 10:55:44,364 [ERROR] LogOutputStream:75 - [STDERR_REDIRECT] 
2026-10-02 10:55:44,392 [ERROR] LogOutputStream:75 - [STDERR_REDIRECT] [Fatal Error] :1:1: Premature end of file.
2026-10-02 10:55:44,392 [ERROR] LogOutputStream:75 - [STDERR_REDIRECT] 
2026-10-02 10:55:44,421 [ERROR] LogOutputStream:75 - [STDERR_REDIRECT] [Fatal Error] :1:1: Premature end of file.
2026-10-02 10:55:44,421 [ERROR] LogOutputStream:75 - [STDERR_REDIRECT] 
2026-10-02 10:55:44,446 [ERROR] LogOutputStream:75 - [STDERR_REDIRECT] [Fatal Error] :1:1: Premature end of file.
2026-10-02 10:55:44,446 [ERROR] LogOutputStream:75 - [STDERR_REDIRECT] 
2026-10-02 10:55:44,476 [ERROR] LogOutputStream:75 - [STDERR_REDIRECT] [Fatal Error] :1:1: Premature end of file.
2026-10-02 10:55:44,477 [ERROR] LogOutputStream:75 - [STDERR_REDIRECT] 
2026-10-02 10:55:44,501 [ERROR] LogOutputStream:75 - [STDERR_REDIRECT] [Fatal Error] :1:1: Premature end of file.
2026-10-02 10:55:44,503 [ERROR] LogOutputStream:75 - [STDERR_REDIRECT] 
2026-10-02 10:55:44,526 [ERROR] LogOutputStream:75 - [STDERR_REDIRECT] [Fatal Error] :1:1: Premature end of file.
2026-10-02 10:55:44,526 [ERROR] LogOutputStream:75 - [STDERR_REDIRECT] 
2026-10-02 10:55:44,552 [ERROR] LogOutputStream:75 - [STDERR_REDIRECT] [Fatal Error] :1:1: Premature end of file.
2026-10-02 10:55:44,554 [ERROR] LogOutputStream:75 - [STDERR_REDIRECT] 
2026-10-02 10:55:44,582 [ERROR] LogOutputStream:75 - [STDERR_REDIRECT] [Fatal Error] :1:1: Premature end of file.
2026-10-02 10:55:44,582 [ERROR] LogOutputStream:75 - [STDERR_REDIRECT] 
2026-10-02 10:55:44,607 [ERROR] LogOutputStream:75 - [STDERR_REDIRECT] [Fatal Error] :1:1: Premature end of file.
2026-10-02 10:55:44,607 [ERROR] LogOutputStream:75 - [STDERR_REDIRECT] 
2026-10-02 10:55:44,631 [ERROR] LogOutputStream:75 - [STDERR_REDIRECT] [Fatal Error] :1:1: Premature end of file.
2026-10-02 10:55:44,631 [ERROR] LogOutputStream:75 - [STDERR_REDIRECT] 
2026-10-02 10:55:44,657 [ERROR] LogOutputStream:75 - [STDERR_REDIRECT] [Fatal Error] :1:1: Premature end of file.
2026-10-02 10:55:44,657 [ERROR] LogOutputStream:75 - [STDERR_REDIRECT] 
2026-10-02 10:55:44,682 [ERROR] LogOutputStream:75 - [STDERR_REDIRECT] [Fatal Error] :1:1: Premature end of file.
2026-10-02 10:55:44,682 [ERROR] LogOutputStream:75 - [STDERR_REDIRECT] 
2026-10-02 10:55:44,709 [ERROR] LogOutputStream:75 - [STDERR_REDIRECT] [Fatal Error] :1:1: Premature end of file.
2026-10-02 10:55:44,709 [ERROR] LogOutputStream:75 - [STDERR_REDIRECT] 
2026-10-02 10:55:44,737 [ERROR] LogOutputStream:75 - [STDERR_REDIRECT] [Fatal Error] :1:1: Premature end of file.
2026-10-02 10:55:44,737 [ERROR] LogOutputStream:75 - [STDERR_REDIRECT] 
2026-10-02 10:55:44,765 [ERROR] LogOutputStream:75 - [STDERR_REDIRECT] [Fatal Error] :1:1: Premature end of file.
2026-10-02 10:55:44,766 [ERROR] LogOutputStream:75 - [STDERR_REDIRECT] 
2026-10-02 10:55:44,791 [ERROR] LogOutputStream:75 - [STDERR_REDIRECT] [Fatal Error] :1:1: Premature end of file.
2026-10-02 10:55:44,791 [ERROR] LogOutputStream:75 - [STDERR_REDIRECT] 
2026-10-02 10:55:44,809 [ERROR] LogOutputStream:75 - [STDERR_REDIRECT] [Fatal Error] :1:1: Premature end of file.
2026-10-02 10:55:44,809 [ERROR] LogOutputStream:75 - [STDERR_REDIRECT] 
2026-10-02 10:55:44,839 [ERROR] LogOutputStream:75 - [STDERR_REDIRECT] [Fatal Error] :1:1: Premature end of file.
2026-10-02 10:55:44,839 [ERROR] LogOutputStream:75 - [STDERR_REDIRECT] 
2026-10-02 10:55:44,864 [ERROR] LogOutputStream:75 - [STDERR_REDIRECT] [Fatal Error] :1:1: Premature end of file.
2026-10-02 10:55:44,864 [ERROR] LogOutputStream:75 - [STDERR_REDIRECT] 
2026-10-02 10:55:44,891 [ERROR] LogOutputStream:75 - [STDERR_REDIRECT] [Fatal Error] :1:1: Premature end of file.
2026-10-02 10:55:44,891 [ERROR] LogOutputStream:75 - [STDERR_REDIRECT] 
2026-10-02 10:55:44,916 [ERROR] LogOutputStream:75 - [STDERR_REDIRECT] [Fatal Error] :1:1: Premature end of file.
2026-10-02 10:55:44,916 [ERROR] LogOutputStream:75 - [STDERR_REDIRECT] 
2026-10-02 10:55:44,941 [ERROR] LogOutputStream:75 - [STDERR_REDIRECT] [Fatal Error] :1:1: Premature end of file.
2026-10-02 10:55:44,941 [ERROR] LogOutputStream:75 - [STDERR_REDIRECT] 
2026-10-02 10:55:44,965 [ERROR] LogOutputStream:75 - [STDERR_REDIRECT] [Fatal Error] :1:1: Premature end of file.
2026-10-02 10:55:44,965 [ERROR] LogOutputStream:75 - [STDERR_REDIRECT] 
2026-10-02 10:55:44,995 [ERROR] LogOutputStream:75 - [STDERR_REDIRECT] [Fatal Error] :1:1: Premature end of file.
2026-10-02 10:55:44,995 [ERROR] LogOutputStream:75 - [STDERR_REDIRECT] 
2026-10-02 10:55:45,027 [ERROR] LogOutputStream:75 - [STDERR_REDIRECT] [Fatal Error] :1:1: Premature end of file.
2026-10-02 10:55:45,027 [ERROR] LogOutputStream:75 - [STDERR_REDIRECT] 
2026-10-02 10:55:45,052 [ERROR] LogOutputStream:75 - [STDERR_REDIRECT] [Fatal Error] :1:1: Premature end of file.
2026-10-02 10:55:45,052 [ERROR] LogOutputStream:75 - [STDERR_REDIRECT] 
2026-10-02 10:55:45,080 [ERROR] LogOutputStream:75 - [STDERR_REDIRECT] [Fatal Error] :1:1: Premature end of file.
2026-10-02 10:55:45,080 [ERROR] LogOutputStream:75 - [STDERR_REDIRECT] 
2026-10-02 10:55:45,106 [ERROR] LogOutputStream:75 - [STDERR_REDIRECT] [Fatal Error] :1:1: Premature end of file.
2026-10-02 10:55:45,106 [ERROR] LogOutputStream:75 - [STDERR_REDIRECT] 
2026-10-02 10:55:45,133 [ERROR] LogOutputStream:75 - [STDERR_REDIRECT] [Fatal Error] :1:1: Premature end of file.
2026-10-02 10:55:45,133 [ERROR] LogOutputStream:75 - [STDERR_REDIRECT] 
2026-10-02 10:55:45,208 [ERROR] LogOutputStream:75 - [STDERR_REDIRECT] [Fatal Error] :1:1: Premature end of file.
2026-10-02 10:55:45,208 [ERROR] LogOutputStream:75 - [STDERR_REDIRECT] 
2026-10-02 10:55:45,237 [ERROR] LogOutputStream:75 - [STDERR_REDIRECT] [Fatal Error] :1:1: Premature end of file.
2026-10-02 10:55:45,237 [ERROR] LogOutputStream:75 - [STDERR_REDIRECT] 
2026-10-02 10:55:45,263 [ERROR] LogOutputStream:75 - [STDERR_REDIRECT] [Fatal Error] :1:1: Premature end of file.
2026-10-02 10:55:45,263 [ERROR] LogOutputStream:75 - [STDERR_REDIRECT] 
2026-10-02 10:55:45,290 [ERROR] LogOutputStream:75 - [STDERR_REDIRECT] [Fatal Error] :1:1: Premature end of file.
2026-10-02 10:55:45,291 [ERROR] LogOutputStream:75 - [STDERR_REDIRECT] 
2026-10-02 10:55:45,318 [ERROR] LogOutputStream:75 - [STDERR_REDIRECT] [Fatal Error] :1:1: Premature end of file.
2026-10-02 10:55:45,318 [ERROR] LogOutputStream:75 - [STDERR_REDIRECT] 
2026-10-02 10:55:45,343 [ERROR] LogOutputStream:75 - [STDERR_REDIRECT] [Fatal Error] :1:1: Premature end of file.
2026-10-02 10:55:45,343 [ERROR] LogOutputStream:75 - [STDERR_REDIRECT] 
2026-10-02 10:55:45,360 [ERROR] LogOutputStream:75 - [STDERR_REDIRECT] [Fatal Error] :1:1: Premature end of file.
2026-10-02 10:55:45,360 [ERROR] LogOutputStream:75 - [STDERR_REDIRECT] 
2026-10-02 10:55:45,400 [ERROR] LogOutputStream:75 - [STDERR_REDIRECT] [Fatal Error] :1:1: Premature end of file.
2026-10-02 10:55:45,400 [ERROR] LogOutputStream:75 - [STDERR_REDIRECT] 
2026-10-02 10:55:45,430 [ERROR] LogOutputStream:75 - [STDERR_REDIRECT] [Fatal Error] :1:1: Premature end of file.
2026-10-02 10:55:45,430 [ERROR] LogOutputStream:75 - [STDERR_REDIRECT] 
2026-10-02 10:55:45,456 [ERROR] LogOutputStream:75 - [STDERR_REDIRECT] [Fatal Error] :1:1: Premature end of file.
2026-10-02 10:55:45,456 [ERROR] LogOutputStream:75 - [STDERR_REDIRECT] 
2026-10-02 10:55:45,486 [ERROR] LogOutputStream:75 - [STDERR_REDIRECT] [Fatal Error] :1:1: Premature end of file.
2026-10-02 10:55:45,486 [ERROR] LogOutputStream:75 - [STDERR_REDIRECT] 
2026-10-02 10:55:45,514 [ERROR] LogOutputStream:75 - [STDERR_REDIRECT] [Fatal Error] :1:1: Premature end of file.
2026-10-02 10:55:45,514 [ERROR] LogOutputStream:75 - [STDERR_REDIRECT] 
2026-10-02 10:55:45,539 [ERROR] LogOutputStream:75 - [STDERR_REDIRECT] [Fatal Error] :1:1: Premature end of file.
2026-10-02 10:55:45,541 [ERROR] LogOutputStream:75 - [STDERR_REDIRECT] 
2026-10-02 10:55:45,567 [ERROR] LogOutputStream:75 - [STDERR_REDIRECT] [Fatal Error] :1:1: Premature end of file.
2026-10-02 10:55:45,567 [ERROR] LogOutputStream:75 - [STDERR_REDIRECT] 
2026-10-02 10:55:45,593 [ERROR] LogOutputStream:75 - [STDERR_REDIRECT] [Fatal Error] :1:1: Premature end of file.
2026-10-02 10:55:45,593 [ERROR] LogOutputStream:75 - [STDERR_REDIRECT] 
2026-10-02 10:55:45,621 [ERROR] LogOutputStream:75 - [STDERR_REDIRECT] [Fatal Error] :1:1: Premature end of file.
2026-10-02 10:55:45,621 [ERROR] LogOutputStream:75 - [STDERR_REDIRECT] 
2026-10-02 10:55:45,651 [ERROR] LogOutputStream:75 - [STDERR_REDIRECT] [Fatal Error] :1:1: Premature end of file.
2026-10-02 10:55:45,651 [ERROR] LogOutputStream:75 - [STDERR_REDIRECT] 
2026-10-02 10:55:45,677 [ERROR] LogOutputStream:75 - [STDERR_REDIRECT] [Fatal Error] :1:1: Premature end of file.
2026-10-02 10:55:45,677 [ERROR] LogOutputStream:75 - [STDERR_REDIRECT] 
2026-10-02 10:55:45,704 [ERROR] LogOutputStream:75 - [STDERR_REDIRECT] [Fatal Error] :1:1: Premature end of file.
2026-10-02 10:55:45,704 [ERROR] LogOutputStream:75 - [STDERR_REDIRECT] 
2026-10-02 10:55:45,730 [ERROR] LogOutputStream:75 - [STDERR_REDIRECT] [Fatal Error] :1:1: Premature end of file.
2026-10-02 10:55:45,730 [ERROR] LogOutputStream:75 - [STDERR_REDIRECT] 
2026-10-02 10:55:45,760 [ERROR] LogOutputStream:75 - [STDERR_REDIRECT] [Fatal Error] :1:1: Premature end of file.
2026-10-02 10:55:45,760 [ERROR] LogOutputStream:75 - [STDERR_REDIRECT] 
2026-10-02 10:55:45,787 [ERROR] LogOutputStream:75 - [STDERR_REDIRECT] [Fatal Error] :1:1: Premature end of file.
2026-10-02 10:55:45,788 [ERROR] LogOutputStream:75 - [STDERR_REDIRECT] 
2026-10-02 10:55:45,814 [ERROR] LogOutputStream:75 - [STDERR_REDIRECT] [Fatal Error] :1:1: Premature end of file.
2026-10-02 10:55:45,814 [ERROR] LogOutputStream:75 - [STDERR_REDIRECT] 
2026-10-02 10:55:45,841 [ERROR] LogOutputStream:75 - [STDERR_REDIRECT] [Fatal Error] :1:1: Premature end of file.
2026-10-02 10:55:45,841 [ERROR] LogOutputStream:75 - [STDERR_REDIRECT] 
2026-10-02 10:55:45,868 [ERROR] LogOutputStream:75 - [STDERR_REDIRECT] [Fatal Error] :1:1: Premature end of file.
2026-10-02 10:55:45,868 [ERROR] LogOutputStream:75 - [STDERR_REDIRECT] 
2026-10-02 10:55:45,897 [ERROR] LogOutputStream:75 - [STDERR_REDIRECT] [Fatal Error] :1:1: Premature end of file.
2026-10-02 10:55:45,897 [ERROR] LogOutputStream:75 - [STDERR_REDIRECT] 
2026-10-02 10:55:45,924 [ERROR] LogOutputStream:75 - [STDERR_REDIRECT] [Fatal Error] :1:1: Premature end of file.
2026-10-02 10:55:45,924 [ERROR] LogOutputStream:75 - [STDERR_REDIRECT] 
2026-10-02 10:55:45,951 [ERROR] LogOutputStream:75 - [STDERR_REDIRECT] [Fatal Error] :1:1: Premature end of file.
2026-10-02 10:55:45,951 [ERROR] LogOutputStream:75 - [STDERR_REDIRECT] 
2026-10-02 10:55:45,977 [ERROR] LogOutputStream:75 - [STDERR_REDIRECT] [Fatal Error] :1:1: Premature end of file.
2026-10-02 10:55:45,979 [ERROR] LogOutputStream:75 - [STDERR_REDIRECT] 
2026-10-02 10:55:46,005 [ERROR] LogOutputStream:75 - [STDERR_REDIRECT] [Fatal Error] :1:1: Premature end of file.
2026-10-02 10:55:46,005 [ERROR] LogOutputStream:75 - [STDERR_REDIRECT] 
2026-10-02 10:55:46,031 [ERROR] LogOutputStream:75 - [STDERR_REDIRECT] [Fatal Error] :1:1: Premature end of file.
2026-10-02 10:55:46,031 [ERROR] LogOutputStream:75 - [STDERR_REDIRECT] 
2026-10-02 10:55:46,056 [ERROR] LogOutputStream:75 - [STDERR_REDIRECT] [Fatal Error] :1:1: Premature end of file.
2026-10-02 10:55:46,056 [ERROR] LogOutputStream:75 - [STDERR_REDIRECT] 
2026-10-02 10:55:46,081 [ERROR] LogOutputStream:75 - [STDERR_REDIRECT] [Fatal Error] :1:1: Premature end of file.
2026-10-02 10:55:46,081 [ERROR] LogOutputStream:75 - [STDERR_REDIRECT] 
2026-10-02 10:55:46,106 [ERROR] LogOutputStream:75 - [STDERR_REDIRECT] [Fatal Error] :1:1: Premature end of file.
2026-10-02 10:55:46,108 [ERROR] LogOutputStream:75 - [STDERR_REDIRECT] 
2026-10-02 10:55:46,134 [ERROR] LogOutputStream:75 - [STDERR_REDIRECT] [Fatal Error] :1:1: Premature end of file.
2026-10-02 10:55:46,134 [ERROR] LogOutputStream:75 - [STDERR_REDIRECT] 
2026-10-02 10:55:46,169 [ERROR] LogOutputStream:75 - [STDERR_REDIRECT] [Fatal Error] :1:1: Premature end of file.
2026-10-02 10:55:46,169 [ERROR] LogOutputStream:75 - [STDERR_REDIRECT] 
2026-10-02 10:55:46,195 [ERROR] LogOutputStream:75 - [STDERR_REDIRECT] [Fatal Error] :1:1: Premature end of file.
2026-10-02 10:55:46,196 [ERROR] LogOutputStream:75 - [STDERR_REDIRECT] 
2026-10-02 10:55:46,221 [ERROR] LogOutputStream:75 - [STDERR_REDIRECT] [Fatal Error] :1:1: Premature end of file.
2026-10-02 10:55:46,221 [ERROR] LogOutputStream:75 - [STDERR_REDIRECT] 
2026-10-02 10:55:46,243 [ERROR] LogOutputStream:75 - [STDERR_REDIRECT] [Fatal Error] :1:1: Premature end of file.
2026-10-02 10:55:46,243 [ERROR] LogOutputStream:75 - [STDERR_REDIRECT] 
2026-10-02 10:55:46,276 [ERROR] LogOutputStream:75 - [STDERR_REDIRECT] [Fatal Error] :1:1: Premature end of file.
2026-10-02 10:55:46,276 [ERROR] LogOutputStream:75 - [STDERR_REDIRECT] 
2026-10-02 10:55:46,302 [ERROR] LogOutputStream:75 - [STDERR_REDIRECT] [Fatal Error] :1:1: Premature end of file.
2026-10-02 10:55:46,302 [ERROR] LogOutputStream:75 - [STDERR_REDIRECT] 
2026-10-02 10:55:46,331 [ERROR] LogOutputStream:75 - [STDERR_REDIRECT] [Fatal Error] :1:1: Premature end of file.
2026-10-02 10:55:46,331 [ERROR] LogOutputStream:75 - [STDERR_REDIRECT] 
2026-10-02 10:55:46,357 [ERROR] LogOutputStream:75 - [STDERR_REDIRECT] [Fatal Error] :1:1: Premature end of file.
2026-10-02 10:55:46,357 [ERROR] LogOutputStream:75 - [STDERR_REDIRECT] 
2026-10-02 10:55:46,380 [ERROR] LogOutputStream:75 - [STDERR_REDIRECT] [Fatal Error] :1:1: Premature end of file.
2026-10-02 10:55:46,380 [ERROR] LogOutputStream:75 - [STDERR_REDIRECT] 
2026-10-02 10:55:46,407 [ERROR] LogOutputStream:75 - [STDERR_REDIRECT] [Fatal Error] :1:1: Premature end of file.
2026-10-02 10:55:46,407 [ERROR] LogOutputStream:75 - [STDERR_REDIRECT] 
2026-10-02 10:55:46,433 [ERROR] LogOutputStream:75 - [STDERR_REDIRECT] [Fatal Error] :1:1: Premature end of file.
2026-10-02 10:55:46,433 [ERROR] LogOutputStream:75 - [STDERR_REDIRECT] 
2026-10-02 10:55:46,459 [ERROR] LogOutputStream:75 - [STDERR_REDIRECT] [Fatal Error] :1:1: Premature end of file.
2026-10-02 10:55:46,459 [ERROR] LogOutputStream:75 - [STDERR_REDIRECT] 
2026-10-02 10:55:46,484 [ERROR] LogOutputStream:75 - [STDERR_REDIRECT] [Fatal Error] :1:1: Premature end of file.
2026-10-02 10:55:46,484 [ERROR] LogOutputStream:75 - [STDERR_REDIRECT] 
2026-10-02 10:55:46,508 [ERROR] LogOutputStream:75 - [STDERR_REDIRECT] [Fatal Error] :1:1: Premature end of file.
2026-10-02 10:55:46,513 [ERROR] LogOutputStream:75 - [STDERR_REDIRECT] 
2026-10-02 10:55:46,538 [ERROR] LogOutputStream:75 - [STDERR_REDIRECT] [Fatal Error] :1:1: Premature end of file.
2026-10-02 10:55:46,538 [ERROR] LogOutputStream:75 - [STDERR_REDIRECT] 
2026-10-02 10:55:46,564 [ERROR] LogOutputStream:75 - [STDERR_REDIRECT] [Fatal Error] :1:1: Premature end of file.
2026-10-02 10:55:46,564 [ERROR] LogOutputStream:75 - [STDERR_REDIRECT] 
2026-10-02 10:55:46,587 [ERROR] LogOutputStream:75 - [STDERR_REDIRECT] [Fatal Error] :1:1: Premature end of file.
2026-10-02 10:55:46,587 [ERROR] LogOutputStream:75 - [STDERR_REDIRECT] 
2026-10-02 10:55:46,616 [ERROR] LogOutputStream:75 - [STDERR_REDIRECT] [Fatal Error] :1:1: Premature end of file.
2026-10-02 10:55:46,616 [ERROR] LogOutputStream:75 - [STDERR_REDIRECT] 
2026-10-02 10:55:47,831 [ERROR] LogOutputStream:75 - [STDERR_REDIRECT] [Fatal Error] :1:1: Premature end of file.
2026-10-02 10:55:47,831 [ERROR] LogOutputStream:75 - [STDERR_REDIRECT] 
2026-10-02 10:55:47,859 [ERROR] LogOutputStream:75 - [STDERR_REDIRECT] [Fatal Error] :1:1: Premature end of file.
2026-10-02 10:55:47,859 [ERROR] LogOutputStream:75 - [STDERR_REDIRECT] 
2026-10-02 10:55:47,897 [ERROR] LogOutputStream:75 - [STDERR_REDIRECT] [Fatal Error] :1:1: Premature end of file.
2026-10-02 10:55:47,897 [ERROR] LogOutputStream:75 - [STDERR_REDIRECT] 
2026-10-02 10:55:47,931 [ERROR] LogOutputStream:75 - [STDERR_REDIRECT] [Fatal Error] :1:1: Premature end of file.
2026-10-02 10:55:47,931 [ERROR] LogOutputStream:75 - [STDERR_REDIRECT] 
2026-10-02 10:55:47,978 [ERROR] LogOutputStream:75 - [STDERR_REDIRECT] [Fatal Error] :1:1: Premature end of file.
2026-10-02 10:55:47,978 [ERROR] LogOutputStream:75 - [STDERR_REDIRECT] 
2026-10-02 10:55:48,004 [ERROR] LogOutputStream:75 - [STDERR_REDIRECT] [Fatal Error] :1:1: Premature end of file.
2026-10-02 10:55:48,004 [ERROR] LogOutputStream:75 - [STDERR_REDIRECT] 
2026-10-02 10:55:48,031 [ERROR] LogOutputStream:75 - [STDERR_REDIRECT] [Fatal Error] :1:1: Premature end of file.
2026-10-02 10:55:48,031 [ERROR] LogOutputStream:75 - [STDERR_REDIRECT] 
2026-10-02 10:55:48,049 [ERROR] LogOutputStream:75 - [STDERR_REDIRECT] [Fatal Error] :1:1: Premature end of file.
2026-10-02 10:55:48,049 [ERROR] LogOutputStream:75 - [STDERR_REDIRECT] 
2026-10-02 10:55:48,081 [ERROR] LogOutputStream:75 - [STDERR_REDIRECT] [Fatal Error] :1:1: Premature end of file.
2026-10-02 10:55:48,081 [ERROR] LogOutputStream:75 - [STDERR_REDIRECT] 
2026-10-02 10:55:48,105 [ERROR] LogOutputStream:75 - [STDERR_REDIRECT] [Fatal Error] :1:1: Premature end of file.
2026-10-02 10:55:48,105 [ERROR] LogOutputStream:75 - [STDERR_REDIRECT] 
2026-10-02 10:55:48,134 [ERROR] LogOutputStream:75 - [STDERR_REDIRECT] [Fatal Error] :1:1: Premature end of file.
2026-10-02 10:55:48,134 [ERROR] LogOutputStream:75 - [STDERR_REDIRECT] 
2026-10-02 10:55:48,160 [ERROR] LogOutputStream:75 - [STDERR_REDIRECT] [Fatal Error] :1:1: Premature end of file.
2026-10-02 10:55:48,160 [ERROR] LogOutputStream:75 - [STDERR_REDIRECT] 
2026-10-02 10:55:48,191 [ERROR] LogOutputStream:75 - [STDERR_REDIRECT] [Fatal Error] :1:1: Premature end of file.
2026-10-02 10:55:48,191 [ERROR] LogOutputStream:75 - [STDERR_REDIRECT] 
2026-10-02 10:55:48,216 [ERROR] LogOutputStream:75 - [STDERR_REDIRECT] [Fatal Error] :1:1: Premature end of file.
2026-10-02 10:55:48,243 [ERROR] LogOutputStream:75 - [STDERR_REDIRECT] 
2026-10-02 10:55:48,295 [ERROR] LogOutputStream:75 - [STDERR_REDIRECT] [Fatal Error] :1:1: Premature end of file.
2026-10-02 10:55:48,295 [ERROR] LogOutputStream:75 - [STDERR_REDIRECT] 
2026-10-02 10:55:48,407 [ERROR] LogOutputStream:75 - [STDERR_REDIRECT] [Fatal Error] :1:1: Premature end of file.
2026-10-02 10:55:48,407 [ERROR] LogOutputStream:75 - [STDERR_REDIRECT] 
2026-10-02 10:55:48,438 [ERROR] LogOutputStream:75 - [STDERR_REDIRECT] [Fatal Error] :1:1: Premature end of file.
2026-10-02 10:55:48,438 [ERROR] LogOutputStream:75 - [STDERR_REDIRECT] 
2026-10-02 10:55:48,467 [ERROR] LogOutputStream:75 - [STDERR_REDIRECT] [Fatal Error] :1:1: Premature end of file.
2026-10-02 10:55:48,467 [ERROR] LogOutputStream:75 - [STDERR_REDIRECT] 
2026-10-02 10:55:48,495 [ERROR] LogOutputStream:75 - [STDERR_REDIRECT] [Fatal Error] :1:1: Premature end of file.
2026-10-02 10:55:48,495 [ERROR] LogOutputStream:75 - [STDERR_REDIRECT] 
2026-10-02 10:55:48,561 [ERROR] LogOutputStream:75 - [STDERR_REDIRECT] [Fatal Error] :1:1: Premature end of file.
2026-10-02 10:55:48,561 [ERROR] LogOutputStream:75 - [STDERR_REDIRECT] 
2026-10-02 10:55:48,584 [ERROR] LogOutputStream:75 - [STDERR_REDIRECT] [Fatal Error] :1:1: Premature end of file.
2026-10-02 10:55:48,584 [ERROR] LogOutputStream:75 - [STDERR_REDIRECT] 
2026-10-02 10:55:48,618 [ERROR] LogOutputStream:75 - [STDERR_REDIRECT] [Fatal Error] :1:1: Premature end of file.
2026-10-02 10:55:48,618 [ERROR] LogOutputStream:75 - [STDERR_REDIRECT] 
2026-10-02 10:55:48,643 [ERROR] LogOutputStream:75 - [STDERR_REDIRECT] [Fatal Error] :1:1: Premature end of file.
2026-10-02 10:55:48,643 [ERROR] LogOutputStream:75 - [STDERR_REDIRECT] 
2026-10-02 10:55:48,706 [ERROR] LogOutputStream:75 - [STDERR_REDIRECT] [Fatal Error] :1:1: Premature end of file.
2026-10-02 10:55:48,706 [ERROR] LogOutputStream:75 - [STDERR_REDIRECT] 
2026-10-02 10:55:48,728 [ERROR] LogOutputStream:75 - [STDERR_REDIRECT] [Fatal Error] :1:1: Premature end of file.
2026-10-02 10:55:48,728 [ERROR] LogOutputStream:75 - [STDERR_REDIRECT] 
2026-10-02 10:55:48,944 [ERROR] LogOutputStream:75 - [STDERR_REDIRECT] [Fatal Error] :1:1: Premature end of file.
2026-10-02 10:55:48,944 [ERROR] LogOutputStream:75 - [STDERR_REDIRECT] 
2026-10-02 10:55:48,976 [ERROR] LogOutputStream:75 - [STDERR_REDIRECT] [Fatal Error] :1:1: Premature end of file.
2026-10-02 10:55:48,976 [ERROR] LogOutputStream:75 - [STDERR_REDIRECT] 
2026-10-02 10:55:49,010 [ERROR] LogOutputStream:75 - [STDERR_REDIRECT] [Fatal Error] :1:1: Premature end of file.
2026-10-02 10:55:49,010 [ERROR] LogOutputStream:75 - [STDERR_REDIRECT] 
2026-10-02 10:55:49,315 [ERROR] LogOutputStream:75 - [STDERR_REDIRECT] [Fatal Error] :1:1: Premature end of file.
2026-10-02 10:55:49,315 [ERROR] LogOutputStream:75 - [STDERR_REDIRECT] 
2026-10-02 10:55:49,343 [ERROR] LogOutputStream:75 - [STDERR_REDIRECT] [Fatal Error] :1:1: Premature end of file.
2026-10-02 10:55:49,343 [ERROR] LogOutputStream:75 - [STDERR_REDIRECT] 
2026-10-02 10:55:49,368 [ERROR] LogOutputStream:75 - [STDERR_REDIRECT] [Fatal Error] :1:1: Premature end of file.
2026-10-02 10:55:49,368 [ERROR] LogOutputStream:75 - [STDERR_REDIRECT] 
2026-10-02 10:55:49,395 [ERROR] LogOutputStream:75 - [STDERR_REDIRECT] [Fatal Error] :1:1: Premature end of file.
2026-10-02 10:55:49,395 [ERROR] LogOutputStream:75 - [STDERR_REDIRECT] 
2026-10-02 10:55:49,422 [ERROR] LogOutputStream:75 - [STDERR_REDIRECT] [Fatal Error] :1:1: Premature end of file.
2026-10-02 10:55:49,422 [ERROR] LogOutputStream:75 - [STDERR_REDIRECT] 
2026-10-02 10:55:49,448 [ERROR] LogOutputStream:75 - [STDERR_REDIRECT] [Fatal Error] :1:1: Premature end of file.
2026-10-02 10:55:49,448 [ERROR] LogOutputStream:75 - [STDERR_REDIRECT] 
2026-10-02 10:55:49,471 [ERROR] LogOutputStream:75 - [STDERR_REDIRECT] [Fatal Error] :1:1: Premature end of file.
2026-10-02 10:55:49,471 [ERROR] LogOutputStream:75 - [STDERR_REDIRECT] 
2026-10-02 10:55:49,494 [ERROR] LogOutputStream:75 - [STDERR_REDIRECT] [Fatal Error] :1:1: Premature end of file.
2026-10-02 10:55:49,494 [ERROR] LogOutputStream:75 - [STDERR_REDIRECT] 
2026-10-02 10:55:49,528 [ERROR] LogOutputStream:75 - [STDERR_REDIRECT] [Fatal Error] :1:1: Premature end of file.
2026-10-02 10:55:49,528 [ERROR] LogOutputStream:75 - [STDERR_REDIRECT] 
2026-10-02 10:55:49,552 [ERROR] LogOutputStream:75 - [STDERR_REDIRECT] [Fatal Error] :1:1: Premature end of file.
2026-10-02 10:55:49,552 [ERROR] LogOutputStream:75 - [STDERR_REDIRECT] 
2026-10-02 10:55:49,577 [ERROR] LogOutputStream:75 - [STDERR_REDIRECT] [Fatal Error] :1:1: Premature end of file.
2026-10-02 10:55:49,583 [ERROR] LogOutputStream:75 - [STDERR_REDIRECT] 
2026-10-02 10:55:49,626 [ERROR] LogOutputStream:75 - [STDERR_REDIRECT] [Fatal Error] :1:1: Premature end of file.
2026-10-02 10:55:49,626 [ERROR] LogOutputStream:75 - [STDERR_REDIRECT] 
2026-10-02 10:55:49,643 [ERROR] LogOutputStream:75 - [STDERR_REDIRECT] [Fatal Error] :1:1: Premature end of file.
2026-10-02 10:55:49,643 [ERROR] LogOutputStream:75 - [STDERR_REDIRECT] 
2026-10-02 10:55:49,670 [ERROR] LogOutputStream:75 - [STDERR_REDIRECT] [Fatal Error] :1:1: Premature end of file.
2026-10-02 10:55:49,670 [ERROR] LogOutputStream:75 - [STDERR_REDIRECT] 
2026-10-02 10:55:49,696 [ERROR] LogOutputStream:75 - [STDERR_REDIRECT] [Fatal Error] :1:1: Premature end of file.
2026-10-02 10:55:49,698 [ERROR] LogOutputStream:75 - [STDERR_REDIRECT] 
2026-10-02 10:55:49,765 [ERROR] LogOutputStream:75 - [STDERR_REDIRECT] [Fatal Error] :1:1: Premature end of file.
2026-10-02 10:55:49,765 [ERROR] LogOutputStream:75 - [STDERR_REDIRECT] 
2026-10-02 10:55:49,797 [ERROR] LogOutputStream:75 - [STDERR_REDIRECT] [Fatal Error] :1:1: Premature end of file.
2026-10-02 10:55:49,797 [ERROR] LogOutputStream:75 - [STDERR_REDIRECT] 
2026-10-02 10:55:49,816 [ERROR] LogOutputStream:75 - [STDERR_REDIRECT] [Fatal Error] :1:1: Premature end of file.
2026-10-02 10:55:49,816 [ERROR] LogOutputStream:75 - [STDERR_REDIRECT] 
2026-10-02 10:55:49,846 [ERROR] LogOutputStream:75 - [STDERR_REDIRECT] [Fatal Error] :1:1: Premature end of file.
2026-10-02 10:55:49,846 [ERROR] LogOutputStream:75 - [STDERR_REDIRECT] 
2026-10-02 10:55:49,859 [ERROR] LogOutputStream:75 - [STDERR_REDIRECT] [Fatal Error] :1:1: Premature end of file.
2026-10-02 10:55:49,859 [ERROR] LogOutputStream:75 - [STDERR_REDIRECT] 
2026-10-02 10:55:49,891 [ERROR] LogOutputStream:75 - [STDERR_REDIRECT] [Fatal Error] :1:1: Premature end of file.
2026-10-02 10:55:49,891 [ERROR] LogOutputStream:75 - [STDERR_REDIRECT] 
2026-10-02 10:55:49,909 [ERROR] LogOutputStream:75 - [STDERR_REDIRECT] [Fatal Error] :1:1: Premature end of file.
2026-10-02 10:55:49,909 [ERROR] LogOutputStream:75 - [STDERR_REDIRECT] 
2026-10-02 10:55:49,943 [ERROR] LogOutputStream:75 - [STDERR_REDIRECT] [Fatal Error] :1:1: Premature end of file.
2026-10-02 10:55:49,943 [ERROR] LogOutputStream:75 - [STDERR_REDIRECT] 
2026-10-02 10:55:49,966 [ERROR] LogOutputStream:75 - [STDERR_REDIRECT] [Fatal Error] :1:1: Premature end of file.
2026-10-02 10:55:49,966 [ERROR] LogOutputStream:75 - [STDERR_REDIRECT] 
2026-10-02 10:55:49,991 [ERROR] LogOutputStream:75 - [STDERR_REDIRECT] [Fatal Error] :1:1: Premature end of file.
2026-10-02 10:55:49,991 [ERROR] LogOutputStream:75 - [STDERR_REDIRECT] 
2026-10-02 10:55:50,017 [ERROR] LogOutputStream:75 - [STDERR_REDIRECT] [Fatal Error] :1:1: Premature end of file.
2026-10-02 10:55:50,017 [ERROR] LogOutputStream:75 - [STDERR_REDIRECT] 
2026-10-02 10:55:50,049 [ERROR] LogOutputStream:75 - [STDERR_REDIRECT] [Fatal Error] :1:1: Premature end of file.
2026-10-02 10:55:50,053 [ERROR] LogOutputStream:75 - [STDERR_REDIRECT] 
2026-10-02 10:55:50,078 [ERROR] LogOutputStream:75 - [STDERR_REDIRECT] [Fatal Error] :1:1: Premature end of file.
2026-10-02 10:55:50,078 [ERROR] LogOutputStream:75 - [STDERR_REDIRECT] 
2026-10-02 10:55:50,177 [ERROR] LogOutputStream:75 - [STDERR_REDIRECT] [Fatal Error] :1:1: Premature end of file.
2026-10-02 10:55:50,177 [ERROR] LogOutputStream:75 - [STDERR_REDIRECT] 
2026-10-02 10:55:50,205 [ERROR] LogOutputStream:75 - [STDERR_REDIRECT] [Fatal Error] :1:1: Premature end of file.
2026-10-02 10:55:50,205 [ERROR] LogOutputStream:75 - [STDERR_REDIRECT] 
2026-10-02 10:55:50,224 [ERROR] LogOutputStream:75 - [STDERR_REDIRECT] [Fatal Error] :1:1: Premature end of file.
2026-10-02 10:55:50,224 [ERROR] LogOutputStream:75 - [STDERR_REDIRECT] 
2026-10-02 10:55:50,244 [ERROR] LogOutputStream:75 - [STDERR_REDIRECT] [Fatal Error] :1:1: Premature end of file.
2026-10-02 10:55:50,244 [ERROR] LogOutputStream:75 - [STDERR_REDIRECT] 
2026-10-02 10:55:50,279 [ERROR] LogOutputStream:75 - [STDERR_REDIRECT] [Fatal Error] :1:1: Premature end of file.
2026-10-02 10:55:50,279 [ERROR] LogOutputStream:75 - [STDERR_REDIRECT] 
2026-10-02 10:55:50,305 [ERROR] LogOutputStream:75 - [STDERR_REDIRECT] [Fatal Error] :1:1: Premature end of file.
2026-10-02 10:55:50,305 [ERROR] LogOutputStream:75 - [STDERR_REDIRECT] 
2026-10-02 10:55:50,324 [ERROR] LogOutputStream:75 - [STDERR_REDIRECT] [Fatal Error] :1:1: Premature end of file.
2026-10-02 10:55:50,324 [ERROR] LogOutputStream:75 - [STDERR_REDIRECT] 
2026-10-02 10:55:50,354 [ERROR] LogOutputStream:75 - [STDERR_REDIRECT] [Fatal Error] :1:1: Premature end of file.
2026-10-02 10:55:50,354 [ERROR] LogOutputStream:75 - [STDERR_REDIRECT] 
2026-10-02 10:55:50,382 [ERROR] LogOutputStream:75 - [STDERR_REDIRECT] [Fatal Error] :1:1: Premature end of file.
2026-10-02 10:55:50,382 [ERROR] LogOutputStream:75 - [STDERR_REDIRECT] 
2026-10-02 10:55:50,408 [ERROR] LogOutputStream:75 - [STDERR_REDIRECT] [Fatal Error] :1:1: Premature end of file.
2026-10-02 10:55:50,408 [ERROR] LogOutputStream:75 - [STDERR_REDIRECT] 
2026-10-02 10:55:50,435 [ERROR] LogOutputStream:75 - [STDERR_REDIRECT] [Fatal Error] :1:1: Premature end of file.
2026-10-02 10:55:50,435 [ERROR] LogOutputStream:75 - [STDERR_REDIRECT] 
2026-10-02 10:55:50,455 [ERROR] LogOutputStream:75 - [STDERR_REDIRECT] [Fatal Error] :1:1: Premature end of file.
2026-10-02 10:55:50,455 [ERROR] LogOutputStream:75 - [STDERR_REDIRECT] 
2026-10-02 10:55:50,484 [ERROR] LogOutputStream:75 - [STDERR_REDIRECT] [Fatal Error] :1:1: Premature end of file.
2026-10-02 10:55:50,484 [ERROR] LogOutputStream:75 - [STDERR_REDIRECT] 
2026-10-02 10:55:50,508 [ERROR] LogOutputStream:75 - [STDERR_REDIRECT] [Fatal Error] :1:1: Premature end of file.
2026-10-02 10:55:50,508 [ERROR] LogOutputStream:75 - [STDERR_REDIRECT] 
2026-10-02 10:55:50,525 [ERROR] LogOutputStream:75 - [STDERR_REDIRECT] [Fatal Error] :1:1: Premature end of file.
2026-10-02 10:55:50,525 [ERROR] LogOutputStream:75 - [STDERR_REDIRECT] 
2026-10-02 10:55:50,560 [ERROR] LogOutputStream:75 - [STDERR_REDIRECT] [Fatal Error] :1:1: Premature end of file.
2026-10-02 10:55:50,560 [ERROR] LogOutputStream:75 - [STDERR_REDIRECT] 
2026-10-02 10:55:50,586 [ERROR] LogOutputStream:75 - [STDERR_REDIRECT] [Fatal Error] :1:1: Premature end of file.
2026-10-02 10:55:50,586 [ERROR] LogOutputStream:75 - [STDERR_REDIRECT] 
2026-10-02 10:55:50,609 [ERROR] LogOutputStream:75 - [STDERR_REDIRECT] [Fatal Error] :1:1: Premature end of file.
2026-10-02 10:55:50,609 [ERROR] LogOutputStream:75 - [STDERR_REDIRECT] 
2026-10-02 10:55:50,633 [ERROR] LogOutputStream:75 - [STDERR_REDIRECT] [Fatal Error] :1:1: Premature end of file.
2026-10-02 10:55:50,633 [ERROR] LogOutputStream:75 - [STDERR_REDIRECT] 
2026-10-02 10:55:50,656 [ERROR] LogOutputStream:75 - [STDERR_REDIRECT] [Fatal Error] :1:1: Premature end of file.
2026-10-02 10:55:50,656 [ERROR] LogOutputStream:75 - [STDERR_REDIRECT] 
2026-10-02 10:55:50,680 [ERROR] LogOutputStream:75 - [STDERR_REDIRECT] [Fatal Error] :1:1: Premature end of file.
2026-10-02 10:55:50,680 [ERROR] LogOutputStream:75 - [STDERR_REDIRECT] 
2026-10-02 10:55:50,704 [ERROR] LogOutputStream:75 - [STDERR_REDIRECT] [Fatal Error] :1:1: Premature end of file.
2026-10-02 10:55:50,704 [ERROR] LogOutputStream:75 - [STDERR_REDIRECT] 
2026-10-02 10:55:50,721 [ERROR] LogOutputStream:75 - [STDERR_REDIRECT] [Fatal Error] :1:1: Premature end of file.
2026-10-02 10:55:50,721 [ERROR] LogOutputStream:75 - [STDERR_REDIRECT] 
2026-10-02 10:55:50,751 [ERROR] LogOutputStream:75 - [STDERR_REDIRECT] [Fatal Error] :1:1: Premature end of file.
2026-10-02 10:55:50,751 [ERROR] LogOutputStream:75 - [STDERR_REDIRECT] 
2026-10-02 10:55:50,773 [ERROR] LogOutputStream:75 - [STDERR_REDIRECT] [Fatal Error] :1:1: Premature end of file.
2026-10-02 10:55:50,773 [ERROR] LogOutputStream:75 - [STDERR_REDIRECT] 
2026-10-02 10:55:50,799 [ERROR] LogOutputStream:75 - [STDERR_REDIRECT] [Fatal Error] :1:1: Premature end of file.
2026-10-02 10:55:50,799 [ERROR] LogOutputStream:75 - [STDERR_REDIRECT] 
2026-10-02 10:55:50,814 [ERROR] LogOutputStream:75 - [STDERR_REDIRECT] [Fatal Error] :1:1: Premature end of file.
2026-10-02 10:55:50,814 [ERROR] LogOutputStream:75 - [STDERR_REDIRECT] 
2026-10-02 10:55:50,844 [ERROR] LogOutputStream:75 - [STDERR_REDIRECT] [Fatal Error] :1:1: Premature end of file.
2026-10-02 10:55:50,844 [ERROR] LogOutputStream:75 - [STDERR_REDIRECT] 
2026-10-02 10:55:50,866 [ERROR] LogOutputStream:75 - [STDERR_REDIRECT] [Fatal Error] :1:1: Premature end of file.
2026-10-02 10:55:50,866 [ERROR] LogOutputStream:75 - [STDERR_REDIRECT] 
2026-10-02 10:55:50,891 [ERROR] LogOutputStream:75 - [STDERR_REDIRECT] [Fatal Error] :1:1: Premature end of file.
2026-10-02 10:55:50,893 [ERROR] LogOutputStream:75 - [STDERR_REDIRECT] 
2026-10-02 10:55:50,921 [ERROR] LogOutputStream:75 - [STDERR_REDIRECT] [Fatal Error] :1:1: Premature end of file.
2026-10-02 10:55:50,921 [ERROR] LogOutputStream:75 - [STDERR_REDIRECT] 
2026-10-02 10:55:50,945 [ERROR] LogOutputStream:75 - [STDERR_REDIRECT] [Fatal Error] :1:1: Premature end of file.
2026-10-02 10:55:50,951 [ERROR] LogOutputStream:75 - [STDERR_REDIRECT] 
2026-10-02 10:55:51,020 [ERROR] LogOutputStream:75 - [STDERR_REDIRECT] [Fatal Error] :1:1: Premature end of file.
2026-10-02 10:55:51,020 [ERROR] LogOutputStream:75 - [STDERR_REDIRECT] 
2026-10-02 10:55:51,043 [ERROR] LogOutputStream:75 - [STDERR_REDIRECT] [Fatal Error] :1:1: Premature end of file.
2026-10-02 10:55:51,043 [ERROR] LogOutputStream:75 - [STDERR_REDIRECT] 
2026-10-02 10:55:51,068 [ERROR] LogOutputStream:75 - [STDERR_REDIRECT] [Fatal Error] :1:1: Premature end of file.
2026-10-02 10:55:51,068 [ERROR] LogOutputStream:75 - [STDERR_REDIRECT] 
2026-10-02 10:55:51,091 [ERROR] LogOutputStream:75 - [STDERR_REDIRECT] [Fatal Error] :1:1: Premature end of file.
2026-10-02 10:55:51,091 [ERROR] LogOutputStream:75 - [STDERR_REDIRECT] 
2026-10-02 10:55:51,115 [ERROR] LogOutputStream:75 - [STDERR_REDIRECT] [Fatal Error] :1:1: Premature end of file.
2026-10-02 10:55:51,115 [ERROR] LogOutputStream:75 - [STDERR_REDIRECT] 
2026-10-02 10:55:51,131 [ERROR] LogOutputStream:75 - [STDERR_REDIRECT] [Fatal Error] :1:1: Premature end of file.
2026-10-02 10:55:51,131 [ERROR] LogOutputStream:75 - [STDERR_REDIRECT] 
2026-10-02 10:55:51,157 [ERROR] LogOutputStream:75 - [STDERR_REDIRECT] [Fatal Error] :1:1: Premature end of file.
2026-10-02 10:55:51,157 [ERROR] LogOutputStream:75 - [STDERR_REDIRECT] 
2026-10-02 10:55:51,185 [ERROR] LogOutputStream:75 - [STDERR_REDIRECT] [Fatal Error] :1:1: Premature end of file.
2026-10-02 10:55:51,185 [ERROR] LogOutputStream:75 - [STDERR_REDIRECT] 
2026-10-02 10:55:51,210 [ERROR] LogOutputStream:75 - [STDERR_REDIRECT] [Fatal Error] :1:1: Premature end of file.
2026-10-02 10:55:51,210 [ERROR] LogOutputStream:75 - [STDERR_REDIRECT] 
2026-10-02 10:55:51,226 [ERROR] LogOutputStream:75 - [STDERR_REDIRECT] [Fatal Error] :1:1: Premature end of file.
2026-10-02 10:55:51,226 [ERROR] LogOutputStream:75 - [STDERR_REDIRECT] 
2026-10-02 10:55:51,251 [ERROR] LogOutputStream:75 - [STDERR_REDIRECT] [Fatal Error] :1:1: Premature end of file.
2026-10-02 10:55:51,251 [ERROR] LogOutputStream:75 - [STDERR_REDIRECT] 
2026-10-02 10:55:51,281 [ERROR] LogOutputStream:75 - [STDERR_REDIRECT] [Fatal Error] :1:1: Premature end of file.
2026-10-02 10:55:51,281 [ERROR] LogOutputStream:75 - [STDERR_REDIRECT] 
2026-10-02 10:55:51,304 [ERROR] LogOutputStream:75 - [STDERR_REDIRECT] [Fatal Error] :1:1: Premature end of file.
2026-10-02 10:55:51,304 [ERROR] LogOutputStream:75 - [STDERR_REDIRECT] 
2026-10-02 10:55:51,333 [ERROR] LogOutputStream:75 - [STDERR_REDIRECT] [Fatal Error] :1:1: Premature end of file.
2026-10-02 10:55:51,333 [ERROR] LogOutputStream:75 - [STDERR_REDIRECT] 
2026-10-02 10:55:51,362 [ERROR] LogOutputStream:75 - [STDERR_REDIRECT] [Fatal Error] :1:1: Premature end of file.
2026-10-02 10:55:51,362 [ERROR] LogOutputStream:75 - [STDERR_REDIRECT] 
2026-10-02 10:55:51,385 [ERROR] LogOutputStream:75 - [STDERR_REDIRECT] [Fatal Error] :1:1: Premature end of file.
2026-10-02 10:55:51,385 [ERROR] LogOutputStream:75 - [STDERR_REDIRECT] 
2026-10-02 10:55:51,409 [ERROR] LogOutputStream:75 - [STDERR_REDIRECT] [Fatal Error] :1:1: Premature end of file.
2026-10-02 10:55:51,409 [ERROR] LogOutputStream:75 - [STDERR_REDIRECT] 
2026-10-02 10:55:51,432 [ERROR] LogOutputStream:75 - [STDERR_REDIRECT] [Fatal Error] :1:1: Premature end of file.
2026-10-02 10:55:51,432 [ERROR] LogOutputStream:75 - [STDERR_REDIRECT] 
2026-10-02 10:55:51,494 [ERROR] LogOutputStream:75 - [STDERR_REDIRECT] [Fatal Error] :1:1: Premature end of file.
2026-10-02 10:55:51,494 [ERROR] LogOutputStream:75 - [STDERR_REDIRECT] 
2026-10-02 10:55:51,524 [ERROR] LogOutputStream:75 - [STDERR_REDIRECT] [Fatal Error] :1:1: Premature end of file.
2026-10-02 10:55:51,524 [ERROR] LogOutputStream:75 - [STDERR_REDIRECT] 
2026-10-02 10:55:51,553 [ERROR] LogOutputStream:75 - [STDERR_REDIRECT] [Fatal Error] :1:1: Premature end of file.
2026-10-02 10:55:51,553 [ERROR] LogOutputStream:75 - [STDERR_REDIRECT] 
2026-10-02 10:55:51,576 [ERROR] LogOutputStream:75 - [STDERR_REDIRECT] [Fatal Error] :1:1: Premature end of file.
2026-10-02 10:55:51,576 [ERROR] LogOutputStream:75 - [STDERR_REDIRECT] 
2026-10-02 10:55:51,602 [ERROR] LogOutputStream:75 - [STDERR_REDIRECT] [Fatal Error] :1:1: Premature end of file.
2026-10-02 10:55:51,602 [ERROR] LogOutputStream:75 - [STDERR_REDIRECT] 
2026-10-02 10:55:51,649 [ERROR] LogOutputStream:75 - [STDERR_REDIRECT] [Fatal Error] :1:1: Premature end of file.
2026-10-02 10:55:51,649 [ERROR] LogOutputStream:75 - [STDERR_REDIRECT] 
2026-10-02 10:55:51,699 [ERROR] LogOutputStream:75 - [STDERR_REDIRECT] [Fatal Error] :1:1: Premature end of file.
2026-10-02 10:55:51,699 [ERROR] LogOutputStream:75 - [STDERR_REDIRECT] 
2026-10-02 10:55:51,743 [ERROR] LogOutputStream:75 - [STDERR_REDIRECT] [Fatal Error] :1:1: Premature end of file.
2026-10-02 10:55:51,743 [ERROR] LogOutputStream:75 - [STDERR_REDIRECT] 
2026-10-02 10:55:51,767 [ERROR] LogOutputStream:75 - [STDERR_REDIRECT] [Fatal Error] :1:1: Premature end of file.
2026-10-02 10:55:51,767 [ERROR] LogOutputStream:75 - [STDERR_REDIRECT] 
2026-10-02 10:55:51,790 [ERROR] LogOutputStream:75 - [STDERR_REDIRECT] [Fatal Error] :1:1: Premature end of file.
2026-10-02 10:55:51,790 [ERROR] LogOutputStream:75 - [STDERR_REDIRECT] 
2026-10-02 10:55:51,814 [ERROR] LogOutputStream:75 - [STDERR_REDIRECT] [Fatal Error] :1:1: Premature end of file.
2026-10-02 10:55:51,814 [ERROR] LogOutputStream:75 - [STDERR_REDIRECT] 
2026-10-02 10:55:51,831 [ERROR] LogOutputStream:75 - [STDERR_REDIRECT] [Fatal Error] :1:1: Premature end of file.
2026-10-02 10:55:51,831 [ERROR] LogOutputStream:75 - [STDERR_REDIRECT] 
2026-10-02 10:55:51,866 [ERROR] LogOutputStream:75 - [STDERR_REDIRECT] [Fatal Error] :1:1: Premature end of file.
2026-10-02 10:55:51,866 [ERROR] LogOutputStream:75 - [STDERR_REDIRECT] 
2026-10-02 10:55:51,878 [ERROR] LogOutputStream:75 - [STDERR_REDIRECT] [Fatal Error] :1:1: Premature end of file.
2026-10-02 10:55:51,878 [ERROR] LogOutputStream:75 - [STDERR_REDIRECT] 
2026-10-02 10:55:51,910 [ERROR] LogOutputStream:75 - [STDERR_REDIRECT] [Fatal Error] :1:1: Premature end of file.
2026-10-02 10:55:51,910 [ERROR] LogOutputStream:75 - [STDERR_REDIRECT] 
2026-10-02 10:55:51,941 [ERROR] LogOutputStream:75 - [STDERR_REDIRECT] [Fatal Error] :1:1: Premature end of file.
2026-10-02 10:55:51,941 [ERROR] LogOutputStream:75 - [STDERR_REDIRECT] 
2026-10-02 10:55:51,957 [ERROR] LogOutputStream:75 - [STDERR_REDIRECT] [Fatal Error] :1:1: Premature end of file.
2026-10-02 10:55:51,957 [ERROR] LogOutputStream:75 - [STDERR_REDIRECT] 
2026-10-02 10:55:51,989 [ERROR] LogOutputStream:75 - [STDERR_REDIRECT] [Fatal Error] :1:1: Premature end of file.
2026-10-02 10:55:51,989 [ERROR] LogOutputStream:75 - [STDERR_REDIRECT] 
2026-10-02 10:55:52,015 [ERROR] LogOutputStream:75 - [STDERR_REDIRECT] [Fatal Error] :1:1: Premature end of file.
2026-10-02 10:55:52,015 [ERROR] LogOutputStream:75 - [STDERR_REDIRECT] 
2026-10-02 10:55:52,043 [ERROR] LogOutputStream:75 - [STDERR_REDIRECT] [Fatal Error] :1:1: Premature end of file.
2026-10-02 10:55:52,043 [ERROR] LogOutputStream:75 - [STDERR_REDIRECT] 
2026-10-02 10:55:52,066 [ERROR] LogOutputStream:75 - [STDERR_REDIRECT] [Fatal Error] :1:1: Premature end of file.
2026-10-02 10:55:52,066 [ERROR] LogOutputStream:75 - [STDERR_REDIRECT] 
2026-10-02 10:55:52,091 [ERROR] LogOutputStream:75 - [STDERR_REDIRECT] [Fatal Error] :1:1: Premature end of file.
2026-10-02 10:55:52,091 [ERROR] LogOutputStream:75 - [STDERR_REDIRECT] 
2026-10-02 10:55:52,115 [ERROR] LogOutputStream:75 - [STDERR_REDIRECT] [Fatal Error] :1:1: Premature end of file.
2026-10-02 10:55:52,115 [ERROR] LogOutputStream:75 - [STDERR_REDIRECT] 
2026-10-02 10:55:52,163 [ERROR] LogOutputStream:75 - [STDERR_REDIRECT] [Fatal Error] :1:1: Premature end of file.
2026-10-02 10:55:52,163 [ERROR] LogOutputStream:75 - [STDERR_REDIRECT] 
2026-10-02 10:55:52,197 [ERROR] LogOutputStream:75 - [STDERR_REDIRECT] [Fatal Error] :1:1: Premature end of file.
2026-10-02 10:55:52,197 [ERROR] LogOutputStream:75 - [STDERR_REDIRECT] 
2026-10-02 10:55:52,228 [ERROR] LogOutputStream:75 - [STDERR_REDIRECT] [Fatal Error] :1:1: Premature end of file.
2026-10-02 10:55:52,228 [ERROR] LogOutputStream:75 - [STDERR_REDIRECT] 
2026-10-02 10:55:52,255 [ERROR] LogOutputStream:75 - [STDERR_REDIRECT] [Fatal Error] :1:1: Premature end of file.
2026-10-02 10:55:52,255 [ERROR] LogOutputStream:75 - [STDERR_REDIRECT] 
2026-10-02 10:55:52,310 [ERROR] LogOutputStream:75 - [STDERR_REDIRECT] [Fatal Error] :1:1: Premature end of file.
2026-10-02 10:55:52,337 [ERROR] LogOutputStream:75 - [STDERR_REDIRECT] 
2026-10-02 10:55:52,363 [ERROR] LogOutputStream:75 - [STDERR_REDIRECT] [Fatal Error] :1:1: Premature end of file.
2026-10-02 10:55:52,363 [ERROR] LogOutputStream:75 - [STDERR_REDIRECT] 
2026-10-02 10:55:52,384 [ERROR] LogOutputStream:75 - [STDERR_REDIRECT] [Fatal Error] :1:1: Premature end of file.
2026-10-02 10:55:52,384 [ERROR] LogOutputStream:75 - [STDERR_REDIRECT] 
2026-10-02 10:55:52,414 [ERROR] LogOutputStream:75 - [STDERR_REDIRECT] [Fatal Error] :1:1: Premature end of file.
2026-10-02 10:55:52,414 [ERROR] LogOutputStream:75 - [STDERR_REDIRECT] 
2026-10-02 10:55:52,438 [ERROR] LogOutputStream:75 - [STDERR_REDIRECT] [Fatal Error] :1:1: Premature end of file.
2026-10-02 10:55:52,438 [ERROR] LogOutputStream:75 - [STDERR_REDIRECT] 
2026-10-02 10:55:52,458 [ERROR] LogOutputStream:75 - [STDERR_REDIRECT] [Fatal Error] :1:1: Premature end of file.
2026-10-02 10:55:52,458 [ERROR] LogOutputStream:75 - [STDERR_REDIRECT] 
2026-10-02 10:55:52,483 [ERROR] LogOutputStream:75 - [STDERR_REDIRECT] [Fatal Error] :1:1: Premature end of file.
2026-10-02 10:55:52,483 [ERROR] LogOutputStream:75 - [STDERR_REDIRECT] 
2026-10-02 10:55:52,506 [ERROR] LogOutputStream:75 - [STDERR_REDIRECT] [Fatal Error] :1:1: Premature end of file.
2026-10-02 10:55:52,506 [ERROR] LogOutputStream:75 - [STDERR_REDIRECT] 
2026-10-02 10:55:52,527 [ERROR] LogOutputStream:75 - [STDERR_REDIRECT] [Fatal Error] :1:1: Premature end of file.
2026-10-02 10:55:52,527 [ERROR] LogOutputStream:75 - [STDERR_REDIRECT] 
2026-10-02 10:55:52,556 [ERROR] LogOutputStream:75 - [STDERR_REDIRECT] [Fatal Error] :1:1: Premature end of file.
2026-10-02 10:55:52,556 [ERROR] LogOutputStream:75 - [STDERR_REDIRECT] 
2026-10-02 10:55:53,055 [ERROR] LogOutputStream:75 - [STDERR_REDIRECT] [Fatal Error] :1:1: Premature end of file.
2026-10-02 10:55:53,055 [ERROR] LogOutputStream:75 - [STDERR_REDIRECT] 
2026-10-02 10:55:53,077 [ERROR] LogOutputStream:75 - [STDERR_REDIRECT] [Fatal Error] :1:1: Premature end of file.
2026-10-02 10:55:53,077 [ERROR] LogOutputStream:75 - [STDERR_REDIRECT] 
2026-10-02 10:55:53,102 [ERROR] LogOutputStream:75 - [STDERR_REDIRECT] [Fatal Error] :1:1: Premature end of file.
2026-10-02 10:55:53,102 [ERROR] LogOutputStream:75 - [STDERR_REDIRECT] 
2026-10-02 10:55:53,118 [ERROR] LogOutputStream:75 - [STDERR_REDIRECT] [Fatal Error] :1:1: Premature end of file.
2026-10-02 10:55:53,118 [ERROR] LogOutputStream:75 - [STDERR_REDIRECT] 
2026-10-02 10:55:53,150 [ERROR] LogOutputStream:75 - [STDERR_REDIRECT] [Fatal Error] :1:1: Premature end of file.
2026-10-02 10:55:53,150 [ERROR] LogOutputStream:75 - [STDERR_REDIRECT] 
2026-10-02 10:55:53,173 [ERROR] LogOutputStream:75 - [STDERR_REDIRECT] [Fatal Error] :1:1: Premature end of file.
2026-10-02 10:55:53,173 [ERROR] LogOutputStream:75 - [STDERR_REDIRECT] 
2026-10-02 10:55:53,197 [ERROR] LogOutputStream:75 - [STDERR_REDIRECT] [Fatal Error] :1:1: Premature end of file.
2026-10-02 10:55:53,197 [ERROR] LogOutputStream:75 - [STDERR_REDIRECT] 
2026-10-02 10:55:53,225 [ERROR] LogOutputStream:75 - [STDERR_REDIRECT] [Fatal Error] :1:1: Premature end of file.
2026-10-02 10:55:53,225 [ERROR] LogOutputStream:75 - [STDERR_REDIRECT] 
2026-10-02 10:55:53,322 [ERROR] LogOutputStream:75 - [STDERR_REDIRECT] [Fatal Error] :1:1: Premature end of file.
2026-10-02 10:55:53,322 [ERROR] LogOutputStream:75 - [STDERR_REDIRECT] 
2026-10-02 10:55:53,374 [ERROR] LogOutputStream:75 - [STDERR_REDIRECT] [Fatal Error] :1:1: Premature end of file.
2026-10-02 10:55:53,374 [ERROR] LogOutputStream:75 - [STDERR_REDIRECT] 
2026-10-02 10:55:53,402 [ERROR] LogOutputStream:75 - [STDERR_REDIRECT] [Fatal Error] :1:1: Premature end of file.
2026-10-02 10:55:53,402 [ERROR] LogOutputStream:75 - [STDERR_REDIRECT] 
2026-10-02 10:55:53,418 [ERROR] LogOutputStream:75 - [STDERR_REDIRECT] [Fatal Error] :1:1: Premature end of file.
2026-10-02 10:55:53,418 [ERROR] LogOutputStream:75 - [STDERR_REDIRECT] 
2026-10-02 10:55:53,451 [ERROR] LogOutputStream:75 - [STDERR_REDIRECT] [Fatal Error] :1:1: Premature end of file.
2026-10-02 10:55:53,451 [ERROR] LogOutputStream:75 - [STDERR_REDIRECT] 
2026-10-02 10:55:53,480 [ERROR] LogOutputStream:75 - [STDERR_REDIRECT] [Fatal Error] :1:1: Premature end of file.
2026-10-02 10:55:53,480 [ERROR] LogOutputStream:75 - [STDERR_REDIRECT] 
2026-10-02 10:55:53,512 [ERROR] LogOutputStream:75 - [STDERR_REDIRECT] [Fatal Error] :1:1: Premature end of file.
2026-10-02 10:55:53,512 [ERROR] LogOutputStream:75 - [STDERR_REDIRECT] 
2026-10-02 10:55:53,594 [ERROR] LogOutputStream:75 - [STDERR_REDIRECT] [Fatal Error] :1:1: Premature end of file.
2026-10-02 10:55:53,594 [ERROR] LogOutputStream:75 - [STDERR_REDIRECT] 
2026-10-02 10:55:53,665 [ERROR] LogOutputStream:75 - [STDERR_REDIRECT] [Fatal Error] :1:1: Premature end of file.
2026-10-02 10:55:53,727 [ERROR] LogOutputStream:75 - [STDERR_REDIRECT] 
2026-10-02 10:55:53,758 [ERROR] LogOutputStream:75 - [STDERR_REDIRECT] [Fatal Error] :1:1: Premature end of file.
2026-10-02 10:55:53,758 [ERROR] LogOutputStream:75 - [STDERR_REDIRECT] 
2026-10-02 10:55:53,786 [ERROR] LogOutputStream:75 - [STDERR_REDIRECT] [Fatal Error] :1:1: Premature end of file.
2026-10-02 10:55:53,786 [ERROR] LogOutputStream:75 - [STDERR_REDIRECT] 
2026-10-02 10:55:53,813 [ERROR] LogOutputStream:75 - [STDERR_REDIRECT] [Fatal Error] :1:1: Premature end of file.
2026-10-02 10:55:53,813 [ERROR] LogOutputStream:75 - [STDERR_REDIRECT] 
2026-10-02 10:55:53,847 [ERROR] LogOutputStream:75 - [STDERR_REDIRECT] [Fatal Error] :1:1: Premature end of file.
2026-10-02 10:55:53,847 [ERROR] LogOutputStream:75 - [STDERR_REDIRECT] 
2026-10-02 10:55:54,735 [ERROR] LogOutputStream:75 - [STDERR_REDIRECT] [Fatal Error] :1:1: Premature end of file.
2026-10-02 10:55:54,735 [ERROR] LogOutputStream:75 - [STDERR_REDIRECT] 
2026-10-02 10:55:54,760 [ERROR] LogOutputStream:75 - [STDERR_REDIRECT] [Fatal Error] :1:1: Premature end of file.
2026-10-02 10:55:54,760 [ERROR] LogOutputStream:75 - [STDERR_REDIRECT] 
2026-10-02 10:55:54,785 [ERROR] LogOutputStream:75 - [STDERR_REDIRECT] [Fatal Error] :1:1: Premature end of file.
2026-10-02 10:55:54,785 [ERROR] LogOutputStream:75 - [STDERR_REDIRECT] 
2026-10-02 10:55:54,807 [ERROR] LogOutputStream:75 - [STDERR_REDIRECT] [Fatal Error] :1:1: Premature end of file.
2026-10-02 10:55:54,807 [ERROR] LogOutputStream:75 - [STDERR_REDIRECT] 
2026-10-02 10:55:54,835 [ERROR] LogOutputStream:75 - [STDERR_REDIRECT] [Fatal Error] :1:1: Premature end of file.
2026-10-02 10:55:54,835 [ERROR] LogOutputStream:75 - [STDERR_REDIRECT] 
2026-10-02 10:55:54,859 [ERROR] LogOutputStream:75 - [STDERR_REDIRECT] [Fatal Error] :1:1: Premature end of file.
2026-10-02 10:55:54,859 [ERROR] LogOutputStream:75 - [STDERR_REDIRECT] 
2026-10-02 10:55:54,886 [ERROR] LogOutputStream:75 - [STDERR_REDIRECT] [Fatal Error] :1:1: Premature end of file.
2026-10-02 10:55:54,886 [ERROR] LogOutputStream:75 - [STDERR_REDIRECT] 
2026-10-02 10:55:54,912 [ERROR] LogOutputStream:75 - [STDERR_REDIRECT] [Fatal Error] :1:1: Premature end of file.
2026-10-02 10:55:54,912 [ERROR] LogOutputStream:75 - [STDERR_REDIRECT] 
2026-10-02 10:55:54,931 [ERROR] LogOutputStream:75 - [STDERR_REDIRECT] [Fatal Error] :1:1: Premature end of file.
2026-10-02 10:55:54,931 [ERROR] LogOutputStream:75 - [STDERR_REDIRECT] 
2026-10-02 10:55:54,961 [ERROR] LogOutputStream:75 - [STDERR_REDIRECT] [Fatal Error] :1:1: Premature end of file.
2026-10-02 10:55:54,961 [ERROR] LogOutputStream:75 - [STDERR_REDIRECT] 
2026-10-02 10:55:54,979 [ERROR] LogOutputStream:75 - [STDERR_REDIRECT] [Fatal Error] :1:1: Premature end of file.
2026-10-02 10:55:54,979 [ERROR] LogOutputStream:75 - [STDERR_REDIRECT] 
2026-10-02 10:55:55,070 [ERROR] LogOutputStream:75 - [STDERR_REDIRECT] [Fatal Error] :1:1: Premature end of file.
2026-10-02 10:55:55,070 [ERROR] LogOutputStream:75 - [STDERR_REDIRECT] 
2026-10-02 10:55:55,096 [ERROR] LogOutputStream:75 - [STDERR_REDIRECT] [Fatal Error] :1:1: Premature end of file.
2026-10-02 10:55:55,096 [ERROR] LogOutputStream:75 - [STDERR_REDIRECT] 
2026-10-02 10:55:55,122 [ERROR] LogOutputStream:75 - [STDERR_REDIRECT] [Fatal Error] :1:1: Premature end of file.
2026-10-02 10:55:55,122 [ERROR] LogOutputStream:75 - [STDERR_REDIRECT] 
2026-10-02 10:55:55,143 [ERROR] LogOutputStream:75 - [STDERR_REDIRECT] [Fatal Error] :1:1: Premature end of file.
2026-10-02 10:55:55,143 [ERROR] LogOutputStream:75 - [STDERR_REDIRECT] 
2026-10-02 10:55:55,172 [ERROR] LogOutputStream:75 - [STDERR_REDIRECT] [Fatal Error] :1:1: Premature end of file.
2026-10-02 10:55:55,172 [ERROR] LogOutputStream:75 - [STDERR_REDIRECT] 
2026-10-02 10:55:55,196 [ERROR] LogOutputStream:75 - [STDERR_REDIRECT] [Fatal Error] :1:1: Premature end of file.
2026-10-02 10:55:55,196 [ERROR] LogOutputStream:75 - [STDERR_REDIRECT] 
2026-10-02 10:55:55,219 [ERROR] LogOutputStream:75 - [STDERR_REDIRECT] [Fatal Error] :1:1: Premature end of file.
2026-10-02 10:55:55,219 [ERROR] LogOutputStream:75 - [STDERR_REDIRECT] 
2026-10-02 10:55:55,243 [ERROR] LogOutputStream:75 - [STDERR_REDIRECT] [Fatal Error] :1:1: Premature end of file.
2026-10-02 10:55:55,243 [ERROR] LogOutputStream:75 - [STDERR_REDIRECT] 
2026-10-02 10:55:55,434 [ERROR] LogOutputStream:75 - [STDERR_REDIRECT] [Fatal Error] :1:1: Premature end of file.
2026-10-02 10:55:55,434 [ERROR] LogOutputStream:75 - [STDERR_REDIRECT] 
2026-10-02 10:55:55,450 [ERROR] LogOutputStream:75 - [STDERR_REDIRECT] [Fatal Error] :1:1: Premature end of file.
2026-10-02 10:55:55,450 [ERROR] LogOutputStream:75 - [STDERR_REDIRECT] 
2026-10-02 10:55:55,481 [ERROR] LogOutputStream:75 - [STDERR_REDIRECT] [Fatal Error] :1:1: Premature end of file.
2026-10-02 10:55:55,481 [ERROR] LogOutputStream:75 - [STDERR_REDIRECT] 
2026-10-02 10:55:55,503 [ERROR] LogOutputStream:75 - [STDERR_REDIRECT] [Fatal Error] :1:1: Premature end of file.
2026-10-02 10:55:55,507 [ERROR] LogOutputStream:75 - [STDERR_REDIRECT] 
2026-10-02 10:55:55,529 [ERROR] LogOutputStream:75 - [STDERR_REDIRECT] [Fatal Error] :1:1: Premature end of file.
2026-10-02 10:55:55,529 [ERROR] LogOutputStream:75 - [STDERR_REDIRECT] 
2026-10-02 10:55:55,731 [ERROR] LogOutputStream:75 - [STDERR_REDIRECT] [Fatal Error] :1:1: Premature end of file.
2026-10-02 10:55:55,731 [ERROR] LogOutputStream:75 - [STDERR_REDIRECT] 
2026-10-02 10:55:55,759 [ERROR] LogOutputStream:75 - [STDERR_REDIRECT] [Fatal Error] :1:1: Premature end of file.
2026-10-02 10:55:55,759 [ERROR] LogOutputStream:75 - [STDERR_REDIRECT] 
2026-10-02 10:55:55,783 [ERROR] LogOutputStream:75 - [STDERR_REDIRECT] [Fatal Error] :1:1: Premature end of file.
2026-10-02 10:55:55,786 [ERROR] LogOutputStream:75 - [STDERR_REDIRECT] 
2026-10-02 10:55:55,811 [ERROR] LogOutputStream:75 - [STDERR_REDIRECT] [Fatal Error] :1:1: Premature end of file.
2026-10-02 10:55:55,811 [ERROR] LogOutputStream:75 - [STDERR_REDIRECT] 
2026-10-02 10:55:55,829 [ERROR] LogOutputStream:75 - [STDERR_REDIRECT] [Fatal Error] :1:1: Premature end of file.
2026-10-02 10:55:55,829 [ERROR] LogOutputStream:75 - [STDERR_REDIRECT] 
2026-10-02 10:55:55,860 [ERROR] LogOutputStream:75 - [STDERR_REDIRECT] [Fatal Error] :1:1: Premature end of file.
2026-10-02 10:55:55,860 [ERROR] LogOutputStream:75 - [STDERR_REDIRECT] 
2026-10-02 10:55:55,884 [ERROR] LogOutputStream:75 - [STDERR_REDIRECT] [Fatal Error] :1:1: Premature end of file.
2026-10-02 10:55:55,884 [ERROR] LogOutputStream:75 - [STDERR_REDIRECT] 
2026-10-02 10:55:55,906 [ERROR] LogOutputStream:75 - [STDERR_REDIRECT] [Fatal Error] :1:1: Premature end of file.
2026-10-02 10:55:55,906 [ERROR] LogOutputStream:75 - [STDERR_REDIRECT] 
2026-10-02 10:55:55,923 [ERROR] LogOutputStream:75 - [STDERR_REDIRECT] [Fatal Error] :1:1: Premature end of file.
2026-10-02 10:55:55,923 [ERROR] LogOutputStream:75 - [STDERR_REDIRECT] 
2026-10-02 10:55:55,943 [ERROR] LogOutputStream:75 - [STDERR_REDIRECT] [Fatal Error] :1:1: Premature end of file.
2026-10-02 10:55:55,955 [ERROR] LogOutputStream:75 - [STDERR_REDIRECT] 
2026-10-02 10:55:55,978 [ERROR] LogOutputStream:75 - [STDERR_REDIRECT] [Fatal Error] :1:1: Premature end of file.
2026-10-02 10:55:55,978 [ERROR] LogOutputStream:75 - [STDERR_REDIRECT] 
2026-10-02 10:55:56,000 [ERROR] LogOutputStream:75 - [STDERR_REDIRECT] [Fatal Error] :1:1: Premature end of file.
2026-10-02 10:55:56,000 [ERROR] LogOutputStream:75 - [STDERR_REDIRECT] 
2026-10-02 10:55:56,027 [ERROR] LogOutputStream:75 - [STDERR_REDIRECT] [Fatal Error] :1:1: Premature end of file.
2026-10-02 10:55:56,027 [ERROR] LogOutputStream:75 - [STDERR_REDIRECT] 
2026-10-02 10:55:56,050 [ERROR] LogOutputStream:75 - [STDERR_REDIRECT] [Fatal Error] :1:1: Premature end of file.
2026-10-02 10:55:56,050 [ERROR] LogOutputStream:75 - [STDERR_REDIRECT] 
2026-10-02 10:55:56,073 [ERROR] LogOutputStream:75 - [STDERR_REDIRECT] [Fatal Error] :1:1: Premature end of file.
2026-10-02 10:55:56,073 [ERROR] LogOutputStream:75 - [STDERR_REDIRECT] 
2026-10-02 10:55:56,097 [ERROR] LogOutputStream:75 - [STDERR_REDIRECT] [Fatal Error] :1:1: Premature end of file.
2026-10-02 10:55:56,097 [ERROR] LogOutputStream:75 - [STDERR_REDIRECT] 
2026-10-02 10:55:56,113 [ERROR] LogOutputStream:75 - [STDERR_REDIRECT] [Fatal Error] :1:1: Premature end of file.
2026-10-02 10:55:56,113 [ERROR] LogOutputStream:75 - [STDERR_REDIRECT] 
2026-10-02 10:55:56,145 [ERROR] LogOutputStream:75 - [STDERR_REDIRECT] [Fatal Error] :1:1: Premature end of file.
2026-10-02 10:55:56,145 [ERROR] LogOutputStream:75 - [STDERR_REDIRECT] 
2026-10-02 10:55:56,165 [ERROR] LogOutputStream:75 - [STDERR_REDIRECT] [Fatal Error] :1:1: Premature end of file.
2026-10-02 10:55:56,165 [ERROR] LogOutputStream:75 - [STDERR_REDIRECT] 
2026-10-02 10:55:56,191 [ERROR] LogOutputStream:75 - [STDERR_REDIRECT] [Fatal Error] :1:1: Premature end of file.
2026-10-02 10:55:56,191 [ERROR] LogOutputStream:75 - [STDERR_REDIRECT] 
2026-10-02 10:55:56,217 [ERROR] LogOutputStream:75 - [STDERR_REDIRECT] [Fatal Error] :1:1: Premature end of file.
2026-10-02 10:55:56,217 [ERROR] LogOutputStream:75 - [STDERR_REDIRECT] 
2026-10-02 10:55:56,241 [ERROR] LogOutputStream:75 - [STDERR_REDIRECT] [Fatal Error] :1:1: Premature end of file.
2026-10-02 10:55:56,241 [ERROR] LogOutputStream:75 - [STDERR_REDIRECT] 
2026-10-02 10:55:56,264 [ERROR] LogOutputStream:75 - [STDERR_REDIRECT] [Fatal Error] :1:1: Premature end of file.
2026-10-02 10:55:56,264 [ERROR] LogOutputStream:75 - [STDERR_REDIRECT] 
2026-10-02 10:55:56,288 [ERROR] LogOutputStream:75 - [STDERR_REDIRECT] [Fatal Error] :1:1: Premature end of file.
2026-10-02 10:55:56,288 [ERROR] LogOutputStream:75 - [STDERR_REDIRECT] 
2026-10-02 10:55:56,311 [ERROR] LogOutputStream:75 - [STDERR_REDIRECT] [Fatal Error] :1:1: Premature end of file.
2026-10-02 10:55:56,311 [ERROR] LogOutputStream:75 - [STDERR_REDIRECT] 
2026-10-02 10:55:56,335 [ERROR] LogOutputStream:75 - [STDERR_REDIRECT] [Fatal Error] :1:1: Premature end of file.
2026-10-02 10:55:56,335 [ERROR] LogOutputStream:75 - [STDERR_REDIRECT] 
2026-10-02 10:55:56,361 [ERROR] LogOutputStream:75 - [STDERR_REDIRECT] [Fatal Error] :1:1: Premature end of file.
2026-10-02 10:55:56,361 [ERROR] LogOutputStream:75 - [STDERR_REDIRECT] 
2026-10-02 10:55:56,382 [ERROR] LogOutputStream:75 - [STDERR_REDIRECT] [Fatal Error] :1:1: Premature end of file.
2026-10-02 10:55:56,414 [ERROR] LogOutputStream:75 - [STDERR_REDIRECT] 
2026-10-02 10:55:56,506 [ERROR] LogOutputStream:75 - [STDERR_REDIRECT] [Fatal Error] :1:1: Premature end of file.
2026-10-02 10:55:56,506 [ERROR] LogOutputStream:75 - [STDERR_REDIRECT] 
2026-10-02 10:55:56,527 [ERROR] LogOutputStream:75 - [STDERR_REDIRECT] [Fatal Error] :1:1: Premature end of file.
2026-10-02 10:55:56,527 [ERROR] LogOutputStream:75 - [STDERR_REDIRECT] 
2026-10-02 10:55:56,553 [ERROR] LogOutputStream:75 - [STDERR_REDIRECT] [Fatal Error] :1:1: Premature end of file.
2026-10-02 10:55:56,553 [ERROR] LogOutputStream:75 - [STDERR_REDIRECT] 
2026-10-02 10:55:56,579 [ERROR] LogOutputStream:75 - [STDERR_REDIRECT] [Fatal Error] :1:1: Premature end of file.
2026-10-02 10:55:56,579 [ERROR] LogOutputStream:75 - [STDERR_REDIRECT] 
2026-10-02 10:55:56,668 [ERROR] LogOutputStream:75 - [STDERR_REDIRECT] [Fatal Error] :1:1: Premature end of file.
2026-10-02 10:55:56,668 [ERROR] LogOutputStream:75 - [STDERR_REDIRECT] 
2026-10-02 10:55:56,693 [ERROR] LogOutputStream:75 - [STDERR_REDIRECT] [Fatal Error] :1:1: Premature end of file.
2026-10-02 10:55:56,693 [ERROR] LogOutputStream:75 - [STDERR_REDIRECT] 
2026-10-02 10:55:56,716 [ERROR] LogOutputStream:75 - [STDERR_REDIRECT] [Fatal Error] :1:1: Premature end of file.
2026-10-02 10:55:56,739 [ERROR] LogOutputStream:75 - [STDERR_REDIRECT] 
2026-10-02 10:55:56,763 [ERROR] LogOutputStream:75 - [STDERR_REDIRECT] [Fatal Error] :1:1: Premature end of file.
2026-10-02 10:55:56,763 [ERROR] LogOutputStream:75 - [STDERR_REDIRECT] 
2026-10-02 10:55:56,788 [ERROR] LogOutputStream:75 - [STDERR_REDIRECT] [Fatal Error] :1:1: Premature end of file.
2026-10-02 10:55:56,788 [ERROR] LogOutputStream:75 - [STDERR_REDIRECT] 
2026-10-02 10:55:56,811 [ERROR] LogOutputStream:75 - [STDERR_REDIRECT] [Fatal Error] :1:1: Premature end of file.
2026-10-02 10:55:56,811 [ERROR] LogOutputStream:75 - [STDERR_REDIRECT] 
2026-10-02 10:55:56,827 [ERROR] LogOutputStream:75 - [STDERR_REDIRECT] [Fatal Error] :1:1: Premature end of file.
2026-10-02 10:55:56,827 [ERROR] LogOutputStream:75 - [STDERR_REDIRECT] 
2026-10-02 10:55:56,858 [ERROR] LogOutputStream:75 - [STDERR_REDIRECT] [Fatal Error] :1:1: Premature end of file.
2026-10-02 10:55:56,858 [ERROR] LogOutputStream:75 - [STDERR_REDIRECT] 
2026-10-02 10:55:56,874 [ERROR] LogOutputStream:75 - [STDERR_REDIRECT] [Fatal Error] :1:1: Premature end of file.
2026-10-02 10:55:56,874 [ERROR] LogOutputStream:75 - [STDERR_REDIRECT] 
2026-10-02 10:55:56,903 [ERROR] LogOutputStream:75 - [STDERR_REDIRECT] [Fatal Error] :1:1: Premature end of file.
2026-10-02 10:55:56,903 [ERROR] LogOutputStream:75 - [STDERR_REDIRECT] 
2026-10-02 10:55:56,928 [ERROR] LogOutputStream:75 - [STDERR_REDIRECT] [Fatal Error] :1:1: Premature end of file.
2026-10-02 10:55:56,928 [ERROR] LogOutputStream:75 - [STDERR_REDIRECT] 
2026-10-02 10:55:56,951 [ERROR] LogOutputStream:75 - [STDERR_REDIRECT] [Fatal Error] :1:1: Premature end of file.
2026-10-02 10:55:56,951 [ERROR] LogOutputStream:75 - [STDERR_REDIRECT] 
2026-10-02 10:55:56,969 [ERROR] LogOutputStream:75 - [STDERR_REDIRECT] [Fatal Error] :1:1: Premature end of file.
2026-10-02 10:55:56,969 [ERROR] LogOutputStream:75 - [STDERR_REDIRECT] 
2026-10-02 10:55:56,993 [ERROR] LogOutputStream:75 - [STDERR_REDIRECT] [Fatal Error] :1:1: Premature end of file.
2026-10-02 10:55:56,993 [ERROR] LogOutputStream:75 - [STDERR_REDIRECT] 
2026-10-02 10:55:57,021 [ERROR] LogOutputStream:75 - [STDERR_REDIRECT] [Fatal Error] :1:1: Premature end of file.
2026-10-02 10:55:57,021 [ERROR] LogOutputStream:75 - [STDERR_REDIRECT] 
2026-10-02 10:55:57,044 [ERROR] LogOutputStream:75 - [STDERR_REDIRECT] [Fatal Error] :1:1: Premature end of file.
2026-10-02 10:55:57,044 [ERROR] LogOutputStream:75 - [STDERR_REDIRECT] 
2026-10-02 10:55:57,064 [ERROR] LogOutputStream:75 - [STDERR_REDIRECT] [Fatal Error] :1:1: Premature end of file.
2026-10-02 10:55:57,064 [ERROR] LogOutputStream:75 - [STDERR_REDIRECT] 
2026-10-02 10:55:57,079 [ERROR] LogOutputStream:75 - [STDERR_REDIRECT] [Fatal Error] :1:1: Premature end of file.
2026-10-02 10:55:57,079 [ERROR] LogOutputStream:75 - [STDERR_REDIRECT] 
2026-10-02 10:55:57,111 [ERROR] LogOutputStream:75 - [STDERR_REDIRECT] [Fatal Error] :1:1: Premature end of file.
2026-10-02 10:55:57,111 [ERROR] LogOutputStream:75 - [STDERR_REDIRECT] 
2026-10-02 10:55:57,136 [ERROR] LogOutputStream:75 - [STDERR_REDIRECT] [Fatal Error] :1:1: Premature end of file.
2026-10-02 10:55:57,136 [ERROR] LogOutputStream:75 - [STDERR_REDIRECT] 
2026-10-02 10:55:57,158 [ERROR] LogOutputStream:75 - [STDERR_REDIRECT] [Fatal Error] :1:1: Premature end of file.
2026-10-02 10:55:57,158 [ERROR] LogOutputStream:75 - [STDERR_REDIRECT] 
2026-10-02 10:55:57,180 [ERROR] LogOutputStream:75 - [STDERR_REDIRECT] [Fatal Error] :1:1: Premature end of file.
2026-10-02 10:55:57,180 [ERROR] LogOutputStream:75 - [STDERR_REDIRECT] 
2026-10-02 10:55:57,206 [ERROR] LogOutputStream:75 - [STDERR_REDIRECT] [Fatal Error] :1:1: Premature end of file.
2026-10-02 10:55:57,206 [ERROR] LogOutputStream:75 - [STDERR_REDIRECT] 
2026-10-02 10:55:57,222 [ERROR] LogOutputStream:75 - [STDERR_REDIRECT] [Fatal Error] :1:1: Premature end of file.
2026-10-02 10:55:57,222 [ERROR] LogOutputStream:75 - [STDERR_REDIRECT] 
2026-10-02 10:55:57,254 [ERROR] LogOutputStream:75 - [STDERR_REDIRECT] [Fatal Error] :1:1: Premature end of file.
2026-10-02 10:55:57,254 [ERROR] LogOutputStream:75 - [STDERR_REDIRECT] 
2026-10-02 10:55:57,278 [ERROR] LogOutputStream:75 - [STDERR_REDIRECT] [Fatal Error] :1:1: Premature end of file.
2026-10-02 10:55:57,278 [ERROR] LogOutputStream:75 - [STDERR_REDIRECT] 
2026-10-02 10:55:57,300 [ERROR] LogOutputStream:75 - [STDERR_REDIRECT] [Fatal Error] :1:1: Premature end of file.
2026-10-02 10:55:57,301 [ERROR] LogOutputStream:75 - [STDERR_REDIRECT] 
2026-10-02 10:55:57,323 [ERROR] LogOutputStream:75 - [STDERR_REDIRECT] [Fatal Error] :1:1: Premature end of file.
2026-10-02 10:55:57,323 [ERROR] LogOutputStream:75 - [STDERR_REDIRECT] 
2026-10-02 10:55:57,344 [ERROR] LogOutputStream:75 - [STDERR_REDIRECT] [Fatal Error] :1:1: Premature end of file.
2026-10-02 10:55:57,344 [ERROR] LogOutputStream:75 - [STDERR_REDIRECT] 
2026-10-02 10:55:57,363 [ERROR] LogOutputStream:75 - [STDERR_REDIRECT] [Fatal Error] :1:1: Premature end of file.
2026-10-02 10:55:57,363 [ERROR] LogOutputStream:75 - [STDERR_REDIRECT] 
2026-10-02 10:55:57,393 [ERROR] LogOutputStream:75 - [STDERR_REDIRECT] [Fatal Error] :1:1: Premature end of file.
2026-10-02 10:55:57,393 [ERROR] LogOutputStream:75 - [STDERR_REDIRECT] 
2026-10-02 10:55:57,416 [ERROR] LogOutputStream:75 - [STDERR_REDIRECT] [Fatal Error] :1:1: Premature end of file.
2026-10-02 10:55:57,416 [ERROR] LogOutputStream:75 - [STDERR_REDIRECT] 
2026-10-02 10:55:57,440 [ERROR] LogOutputStream:75 - [STDERR_REDIRECT] [Fatal Error] :1:1: Premature end of file.
2026-10-02 10:55:57,440 [ERROR] LogOutputStream:75 - [STDERR_REDIRECT] 
2026-10-02 10:55:57,457 [ERROR] LogOutputStream:75 - [STDERR_REDIRECT] [Fatal Error] :1:1: Premature end of file.
2026-10-02 10:55:57,457 [ERROR] LogOutputStream:75 - [STDERR_REDIRECT] 
2026-10-02 10:55:57,477 [ERROR] LogOutputStream:75 - [STDERR_REDIRECT] [Fatal Error] :1:1: Premature end of file.
2026-10-02 10:55:57,477 [ERROR] LogOutputStream:75 - [STDERR_REDIRECT] 
2026-10-02 10:55:57,510 [ERROR] LogOutputStream:75 - [STDERR_REDIRECT] [Fatal Error] :1:1: Premature end of file.
2026-10-02 10:55:57,510 [ERROR] LogOutputStream:75 - [STDERR_REDIRECT] 
2026-10-02 10:55:57,533 [ERROR] LogOutputStream:75 - [STDERR_REDIRECT] [Fatal Error] :1:1: Premature end of file.
2026-10-02 10:55:57,533 [ERROR] LogOutputStream:75 - [STDERR_REDIRECT] 
2026-10-02 10:55:57,600 [ERROR] LogOutputStream:75 - [STDERR_REDIRECT] [Fatal Error] :1:1: Premature end of file.
2026-10-02 10:55:57,600 [ERROR] LogOutputStream:75 - [STDERR_REDIRECT] 
2026-10-02 10:55:57,632 [ERROR] LogOutputStream:75 - [STDERR_REDIRECT] [Fatal Error] :1:1: Premature end of file.
2026-10-02 10:55:57,632 [ERROR] LogOutputStream:75 - [STDERR_REDIRECT] 
2026-10-02 10:55:57,679 [ERROR] LogOutputStream:75 - [STDERR_REDIRECT] [Fatal Error] :1:1: Premature end of file.
2026-10-02 10:55:57,679 [ERROR] LogOutputStream:75 - [STDERR_REDIRECT] 
2026-10-02 10:55:57,720 [ERROR] LogOutputStream:75 - [STDERR_REDIRECT] [Fatal Error] :1:1: Premature end of file.
2026-10-02 10:55:57,720 [ERROR] LogOutputStream:75 - [STDERR_REDIRECT] 
2026-10-02 10:55:57,748 [ERROR] LogOutputStream:75 - [STDERR_REDIRECT] [Fatal Error] :1:1: Premature end of file.
2026-10-02 10:55:57,760 [ERROR] LogOutputStream:75 - [STDERR_REDIRECT] 
2026-10-02 10:55:57,960 [ERROR] LogOutputStream:75 - [STDERR_REDIRECT] [Fatal Error] :1:1: Premature end of file.
2026-10-02 10:55:57,960 [ERROR] LogOutputStream:75 - [STDERR_REDIRECT] 
2026-10-02 10:55:57,988 [ERROR] LogOutputStream:75 - [STDERR_REDIRECT] [Fatal Error] :1:1: Premature end of file.
2026-10-02 10:55:57,990 [ERROR] LogOutputStream:75 - [STDERR_REDIRECT] 
2026-10-02 10:55:58,015 [ERROR] LogOutputStream:75 - [STDERR_REDIRECT] [Fatal Error] :1:1: Premature end of file.
2026-10-02 10:55:58,015 [ERROR] LogOutputStream:75 - [STDERR_REDIRECT] 
2026-10-02 10:55:58,045 [ERROR] LogOutputStream:75 - [STDERR_REDIRECT] [Fatal Error] :1:1: Premature end of file.
2026-10-02 10:55:58,045 [ERROR] LogOutputStream:75 - [STDERR_REDIRECT] 
2026-10-02 10:55:58,069 [ERROR] LogOutputStream:75 - [STDERR_REDIRECT] [Fatal Error] :1:1: Premature end of file.
2026-10-02 10:55:58,069 [ERROR] LogOutputStream:75 - [STDERR_REDIRECT] 
2026-10-02 10:55:58,092 [ERROR] LogOutputStream:75 - [STDERR_REDIRECT] [Fatal Error] :1:1: Premature end of file.
2026-10-02 10:55:58,092 [ERROR] LogOutputStream:75 - [STDERR_REDIRECT] 
2026-10-02 10:55:58,118 [ERROR] LogOutputStream:75 - [STDERR_REDIRECT] [Fatal Error] :1:1: Premature end of file.
2026-10-02 10:55:58,118 [ERROR] LogOutputStream:75 - [STDERR_REDIRECT] 
2026-10-02 10:55:58,141 [ERROR] LogOutputStream:75 - [STDERR_REDIRECT] [Fatal Error] :1:1: Premature end of file.
2026-10-02 10:55:58,141 [ERROR] LogOutputStream:75 - [STDERR_REDIRECT] 
2026-10-02 10:55:58,165 [ERROR] LogOutputStream:75 - [STDERR_REDIRECT] [Fatal Error] :1:1: Premature end of file.
2026-10-02 10:55:58,165 [ERROR] LogOutputStream:75 - [STDERR_REDIRECT] 
2026-10-02 10:55:58,190 [ERROR] LogOutputStream:75 - [STDERR_REDIRECT] [Fatal Error] :1:1: Premature end of file.
2026-10-02 10:55:58,190 [ERROR] LogOutputStream:75 - [STDERR_REDIRECT] 
2026-10-02 10:55:58,213 [ERROR] LogOutputStream:75 - [STDERR_REDIRECT] [Fatal Error] :1:1: Premature end of file.
2026-10-02 10:55:58,213 [ERROR] LogOutputStream:75 - [STDERR_REDIRECT] 
2026-10-02 10:55:58,234 [ERROR] LogOutputStream:75 - [STDERR_REDIRECT] [Fatal Error] :1:1: Premature end of file.
2026-10-02 10:55:58,234 [ERROR] LogOutputStream:75 - [STDERR_REDIRECT] 
2026-10-02 10:55:58,260 [ERROR] LogOutputStream:75 - [STDERR_REDIRECT] [Fatal Error] :1:1: Premature end of file.
2026-10-02 10:55:58,260 [ERROR] LogOutputStream:75 - [STDERR_REDIRECT] 
2026-10-02 10:55:58,285 [ERROR] LogOutputStream:75 - [STDERR_REDIRECT] [Fatal Error] :1:1: Premature end of file.
2026-10-02 10:55:58,285 [ERROR] LogOutputStream:75 - [STDERR_REDIRECT] 
2026-10-02 10:55:58,321 [ERROR] LogOutputStream:75 - [STDERR_REDIRECT] [Fatal Error] :1:1: Premature end of file.
2026-10-02 10:55:58,321 [ERROR] LogOutputStream:75 - [STDERR_REDIRECT] 
2026-10-02 10:55:58,346 [ERROR] LogOutputStream:75 - [STDERR_REDIRECT] [Fatal Error] :1:1: Premature end of file.
2026-10-02 10:55:58,346 [ERROR] LogOutputStream:75 - [STDERR_REDIRECT] 
2026-10-02 10:55:58,371 [ERROR] LogOutputStream:75 - [STDERR_REDIRECT] [Fatal Error] :1:1: Premature end of file.
2026-10-02 10:55:58,371 [ERROR] LogOutputStream:75 - [STDERR_REDIRECT] 
2026-10-02 10:55:58,393 [ERROR] LogOutputStream:75 - [STDERR_REDIRECT] [Fatal Error] :1:1: Premature end of file.
2026-10-02 10:55:58,393 [ERROR] LogOutputStream:75 - [STDERR_REDIRECT] 
2026-10-02 10:55:58,441 [ERROR] LogOutputStream:75 - [STDERR_REDIRECT] [Fatal Error] :1:1: Premature end of file.
2026-10-02 10:55:58,441 [ERROR] LogOutputStream:75 - [STDERR_REDIRECT] 
2026-10-02 10:55:58,466 [ERROR] LogOutputStream:75 - [STDERR_REDIRECT] [Fatal Error] :1:1: Premature end of file.
2026-10-02 10:55:58,466 [ERROR] LogOutputStream:75 - [STDERR_REDIRECT] 
2026-10-02 10:55:58,489 [ERROR] LogOutputStream:75 - [STDERR_REDIRECT] [Fatal Error] :1:1: Premature end of file.
2026-10-02 10:55:58,489 [ERROR] LogOutputStream:75 - [STDERR_REDIRECT] 
2026-10-02 10:55:58,505 [ERROR] LogOutputStream:75 - [STDERR_REDIRECT] [Fatal Error] :1:1: Premature end of file.
2026-10-02 10:55:58,505 [ERROR] LogOutputStream:75 - [STDERR_REDIRECT] 
2026-10-02 10:55:58,536 [ERROR] LogOutputStream:75 - [STDERR_REDIRECT] [Fatal Error] :1:1: Premature end of file.
2026-10-02 10:55:58,536 [ERROR] LogOutputStream:75 - [STDERR_REDIRECT] 
2026-10-02 10:55:58,560 [ERROR] LogOutputStream:75 - [STDERR_REDIRECT] [Fatal Error] :1:1: Premature end of file.
2026-10-02 10:55:58,560 [ERROR] LogOutputStream:75 - [STDERR_REDIRECT] 
2026-10-02 10:55:58,583 [ERROR] LogOutputStream:75 - [STDERR_REDIRECT] [Fatal Error] :1:1: Premature end of file.
2026-10-02 10:55:58,583 [ERROR] LogOutputStream:75 - [STDERR_REDIRECT] 
2026-10-02 10:55:58,601 [ERROR] LogOutputStream:75 - [STDERR_REDIRECT] [Fatal Error] :1:1: Premature end of file.
2026-10-02 10:55:58,601 [ERROR] LogOutputStream:75 - [STDERR_REDIRECT] 
2026-10-02 10:55:58,631 [ERROR] LogOutputStream:75 - [STDERR_REDIRECT] [Fatal Error] :1:1: Premature end of file.
2026-10-02 10:55:58,631 [ERROR] LogOutputStream:75 - [STDERR_REDIRECT] 
2026-10-02 10:55:58,655 [ERROR] LogOutputStream:75 - [STDERR_REDIRECT] [Fatal Error] :1:1: Premature end of file.
2026-10-02 10:55:58,655 [ERROR] LogOutputStream:75 - [STDERR_REDIRECT] 
2026-10-02 10:55:58,678 [ERROR] LogOutputStream:75 - [STDERR_REDIRECT] [Fatal Error] :1:1: Premature end of file.
2026-10-02 10:55:58,678 [ERROR] LogOutputStream:75 - [STDERR_REDIRECT] 
2026-10-02 10:55:58,694 [ERROR] LogOutputStream:75 - [STDERR_REDIRECT] [Fatal Error] :1:1: Premature end of file.
2026-10-02 10:55:58,694 [ERROR] LogOutputStream:75 - [STDERR_REDIRECT] 
2026-10-02 10:55:58,729 [ERROR] LogOutputStream:75 - [STDERR_REDIRECT] [Fatal Error] :1:1: Premature end of file.
2026-10-02 10:55:58,729 [ERROR] LogOutputStream:75 - [STDERR_REDIRECT] 
2026-10-02 10:55:58,752 [ERROR] LogOutputStream:75 - [STDERR_REDIRECT] [Fatal Error] :1:1: Premature end of file.
2026-10-02 10:55:58,752 [ERROR] LogOutputStream:75 - [STDERR_REDIRECT] 
2026-10-02 10:55:58,777 [ERROR] LogOutputStream:75 - [STDERR_REDIRECT] [Fatal Error] :1:1: Premature end of file.
2026-10-02 10:55:58,777 [ERROR] LogOutputStream:75 - [STDERR_REDIRECT] 
2026-10-02 10:55:58,798 [ERROR] LogOutputStream:75 - [STDERR_REDIRECT] [Fatal Error] :1:1: Premature end of file.
2026-10-02 10:55:58,798 [ERROR] LogOutputStream:75 - [STDERR_REDIRECT] 
2026-10-02 10:55:58,823 [ERROR] LogOutputStream:75 - [STDERR_REDIRECT] [Fatal Error] :1:1: Premature end of file.
2026-10-02 10:55:58,823 [ERROR] LogOutputStream:75 - [STDERR_REDIRECT] 
2026-10-02 10:55:58,846 [ERROR] LogOutputStream:75 - [STDERR_REDIRECT] [Fatal Error] :1:1: Premature end of file.
2026-10-02 10:55:58,846 [ERROR] LogOutputStream:75 - [STDERR_REDIRECT] 
2026-10-02 10:55:58,870 [ERROR] LogOutputStream:75 - [STDERR_REDIRECT] [Fatal Error] :1:1: Premature end of file.
2026-10-02 10:55:58,870 [ERROR] LogOutputStream:75 - [STDERR_REDIRECT] 
2026-10-02 10:55:58,897 [ERROR] LogOutputStream:75 - [STDERR_REDIRECT] [Fatal Error] :1:1: Premature end of file.
2026-10-02 10:55:58,897 [ERROR] LogOutputStream:75 - [STDERR_REDIRECT] 
2026-10-02 10:55:58,920 [ERROR] LogOutputStream:75 - [STDERR_REDIRECT] [Fatal Error] :1:1: Premature end of file.
2026-10-02 10:55:58,920 [ERROR] LogOutputStream:75 - [STDERR_REDIRECT] 
2026-10-02 10:55:58,946 [ERROR] LogOutputStream:75 - [STDERR_REDIRECT] [Fatal Error] :1:1: Premature end of file.
2026-10-02 10:55:58,946 [ERROR] LogOutputStream:75 - [STDERR_REDIRECT] 
2026-10-02 10:55:58,970 [ERROR] LogOutputStream:75 - [STDERR_REDIRECT] [Fatal Error] :1:1: Premature end of file.
2026-10-02 10:55:58,970 [ERROR] LogOutputStream:75 - [STDERR_REDIRECT] 
2026-10-02 10:55:58,993 [ERROR] LogOutputStream:75 - [STDERR_REDIRECT] [Fatal Error] :1:1: Premature end of file.
2026-10-02 10:55:58,993 [ERROR] LogOutputStream:75 - [STDERR_REDIRECT] 
2026-10-02 10:55:59,018 [ERROR] LogOutputStream:75 - [STDERR_REDIRECT] [Fatal Error] :1:1: Premature end of file.
2026-10-02 10:55:59,018 [ERROR] LogOutputStream:75 - [STDERR_REDIRECT] 
2026-10-02 10:55:59,042 [ERROR] LogOutputStream:75 - [STDERR_REDIRECT] [Fatal Error] :1:1: Premature end of file.
2026-10-02 10:55:59,042 [ERROR] LogOutputStream:75 - [STDERR_REDIRECT] 
2026-10-02 10:55:59,059 [ERROR] LogOutputStream:75 - [STDERR_REDIRECT] [Fatal Error] :1:1: Premature end of file.
2026-10-02 10:55:59,059 [ERROR] LogOutputStream:75 - [STDERR_REDIRECT] 
2026-10-02 10:55:59,092 [ERROR] LogOutputStream:75 - [STDERR_REDIRECT] [Fatal Error] :1:1: Premature end of file.
2026-10-02 10:55:59,092 [ERROR] LogOutputStream:75 - [STDERR_REDIRECT] 
2026-10-02 10:55:59,117 [ERROR] LogOutputStream:75 - [STDERR_REDIRECT] [Fatal Error] :1:1: Premature end of file.
2026-10-02 10:55:59,128 [ERROR] LogOutputStream:75 - [STDERR_REDIRECT] 
2026-10-02 10:55:59,153 [ERROR] LogOutputStream:75 - [STDERR_REDIRECT] [Fatal Error] :1:1: Premature end of file.
2026-10-02 10:55:59,153 [ERROR] LogOutputStream:75 - [STDERR_REDIRECT] 
2026-10-02 10:55:59,169 [ERROR] LogOutputStream:75 - [STDERR_REDIRECT] [Fatal Error] :1:1: Premature end of file.
2026-10-02 10:55:59,169 [ERROR] LogOutputStream:75 - [STDERR_REDIRECT] 
2026-10-02 10:55:59,209 [ERROR] LogOutputStream:75 - [STDERR_REDIRECT] [Fatal Error] :1:1: Premature end of file.
2026-10-02 10:55:59,209 [ERROR] LogOutputStream:75 - [STDERR_REDIRECT] 
2026-10-02 10:55:59,229 [ERROR] LogOutputStream:75 - [STDERR_REDIRECT] [Fatal Error] :1:1: Premature end of file.
2026-10-02 10:55:59,229 [ERROR] LogOutputStream:75 - [STDERR_REDIRECT] 
2026-10-02 10:55:59,255 [ERROR] LogOutputStream:75 - [STDERR_REDIRECT] [Fatal Error] :1:1: Premature end of file.
2026-10-02 10:55:59,255 [ERROR] LogOutputStream:75 - [STDERR_REDIRECT] 
2026-10-02 10:55:59,283 [ERROR] LogOutputStream:75 - [STDERR_REDIRECT] [Fatal Error] :1:1: Premature end of file.
2026-10-02 10:55:59,283 [ERROR] LogOutputStream:75 - [STDERR_REDIRECT] 
2026-10-02 10:55:59,307 [ERROR] LogOutputStream:75 - [STDERR_REDIRECT] [Fatal Error] :1:1: Premature end of file.
2026-10-02 10:55:59,307 [ERROR] LogOutputStream:75 - [STDERR_REDIRECT] 
2026-10-02 10:55:59,427 [ERROR] LogOutputStream:75 - [STDERR_REDIRECT] [Fatal Error] :1:1: Premature end of file.
2026-10-02 10:55:59,427 [ERROR] LogOutputStream:75 - [STDERR_REDIRECT] 
2026-10-02 10:55:59,447 [ERROR] LogOutputStream:75 - [STDERR_REDIRECT] [Fatal Error] :1:1: Premature end of file.
2026-10-02 10:55:59,447 [ERROR] LogOutputStream:75 - [STDERR_REDIRECT] 
2026-10-02 10:55:59,474 [ERROR] LogOutputStream:75 - [STDERR_REDIRECT] [Fatal Error] :1:1: Premature end of file.
2026-10-02 10:55:59,474 [ERROR] LogOutputStream:75 - [STDERR_REDIRECT] 
2026-10-02 10:55:59,498 [ERROR] LogOutputStream:75 - [STDERR_REDIRECT] [Fatal Error] :1:1: Premature end of file.
2026-10-02 10:55:59,498 [ERROR] LogOutputStream:75 - [STDERR_REDIRECT] 
2026-10-02 10:55:59,517 [ERROR] LogOutputStream:75 - [STDERR_REDIRECT] [Fatal Error] :1:1: Premature end of file.
2026-10-02 10:55:59,517 [ERROR] LogOutputStream:75 - [STDERR_REDIRECT] 
2026-10-02 10:55:59,545 [ERROR] LogOutputStream:75 - [STDERR_REDIRECT] [Fatal Error] :1:1: Premature end of file.
2026-10-02 10:55:59,545 [ERROR] LogOutputStream:75 - [STDERR_REDIRECT] 
2026-10-02 10:55:59,564 [ERROR] LogOutputStream:75 - [STDERR_REDIRECT] [Fatal Error] :1:1: Premature end of file.
2026-10-02 10:55:59,564 [ERROR] LogOutputStream:75 - [STDERR_REDIRECT] 
2026-10-02 10:55:59,591 [ERROR] LogOutputStream:75 - [STDERR_REDIRECT] [Fatal Error] :1:1: Premature end of file.
2026-10-02 10:55:59,591 [ERROR] LogOutputStream:75 - [STDERR_REDIRECT] 
2026-10-02 10:55:59,614 [ERROR] LogOutputStream:75 - [STDERR_REDIRECT] [Fatal Error] :1:1: Premature end of file.
2026-10-02 10:55:59,614 [ERROR] LogOutputStream:75 - [STDERR_REDIRECT] 
2026-10-02 10:55:59,629 [ERROR] LogOutputStream:75 - [STDERR_REDIRECT] [Fatal Error] :1:1: Premature end of file.
2026-10-02 10:55:59,629 [ERROR] LogOutputStream:75 - [STDERR_REDIRECT] 
2026-10-02 10:55:59,658 [ERROR] LogOutputStream:75 - [STDERR_REDIRECT] [Fatal Error] :1:1: Premature end of file.
2026-10-02 10:55:59,658 [ERROR] LogOutputStream:75 - [STDERR_REDIRECT] 
2026-10-02 10:55:59,682 [ERROR] LogOutputStream:75 - [STDERR_REDIRECT] [Fatal Error] :1:1: Premature end of file.
2026-10-02 10:55:59,682 [ERROR] LogOutputStream:75 - [STDERR_REDIRECT] 
2026-10-02 10:55:59,711 [ERROR] LogOutputStream:75 - [STDERR_REDIRECT] [Fatal Error] :1:1: Premature end of file.
2026-10-02 10:55:59,711 [ERROR] LogOutputStream:75 - [STDERR_REDIRECT] 
2026-10-02 10:55:59,736 [ERROR] LogOutputStream:75 - [STDERR_REDIRECT] [Fatal Error] :1:1: Premature end of file.
2026-10-02 10:55:59,738 [ERROR] LogOutputStream:75 - [STDERR_REDIRECT] 
2026-10-02 10:55:59,765 [ERROR] LogOutputStream:75 - [STDERR_REDIRECT] [Fatal Error] :1:1: Premature end of file.
2026-10-02 10:55:59,765 [ERROR] LogOutputStream:75 - [STDERR_REDIRECT] 
2026-10-02 10:55:59,790 [ERROR] LogOutputStream:75 - [STDERR_REDIRECT] [Fatal Error] :1:1: Premature end of file.
2026-10-02 10:55:59,790 [ERROR] LogOutputStream:75 - [STDERR_REDIRECT] 
2026-10-02 10:55:59,814 [ERROR] LogOutputStream:75 - [STDERR_REDIRECT] [Fatal Error] :1:1: Premature end of file.
2026-10-02 10:55:59,814 [ERROR] LogOutputStream:75 - [STDERR_REDIRECT] 
2026-10-02 10:55:59,839 [ERROR] LogOutputStream:75 - [STDERR_REDIRECT] [Fatal Error] :1:1: Premature end of file.
2026-10-02 10:55:59,839 [ERROR] LogOutputStream:75 - [STDERR_REDIRECT] 
2026-10-02 10:55:59,862 [ERROR] LogOutputStream:75 - [STDERR_REDIRECT] [Fatal Error] :1:1: Premature end of file.
2026-10-02 10:55:59,864 [ERROR] LogOutputStream:75 - [STDERR_REDIRECT] 
2026-10-02 10:55:59,880 [ERROR] LogOutputStream:75 - [STDERR_REDIRECT] [Fatal Error] :1:1: Premature end of file.
2026-10-02 10:55:59,880 [ERROR] LogOutputStream:75 - [STDERR_REDIRECT] 
2026-10-02 10:55:59,909 [ERROR] LogOutputStream:75 - [STDERR_REDIRECT] [Fatal Error] :1:1: Premature end of file.
2026-10-02 10:55:59,911 [ERROR] LogOutputStream:75 - [STDERR_REDIRECT] 
2026-10-02 10:55:59,929 [ERROR] LogOutputStream:75 - [STDERR_REDIRECT] [Fatal Error] :1:1: Premature end of file.
2026-10-02 10:55:59,929 [ERROR] LogOutputStream:75 - [STDERR_REDIRECT] 
2026-10-02 10:55:59,955 [ERROR] LogOutputStream:75 - [STDERR_REDIRECT] [Fatal Error] :1:1: Premature end of file.
2026-10-02 10:55:59,955 [ERROR] LogOutputStream:75 - [STDERR_REDIRECT] 
2026-10-02 10:55:59,974 [ERROR] LogOutputStream:75 - [STDERR_REDIRECT] [Fatal Error] :1:1: Premature end of file.
2026-10-02 10:55:59,974 [ERROR] LogOutputStream:75 - [STDERR_REDIRECT] 
2026-10-02 10:55:59,997 [ERROR] LogOutputStream:75 - [STDERR_REDIRECT] [Fatal Error] :1:1: Premature end of file.
2026-10-02 10:55:59,997 [ERROR] LogOutputStream:75 - [STDERR_REDIRECT] 
2026-10-02 10:56:00,033 [ERROR] LogOutputStream:75 - [STDERR_REDIRECT] [Fatal Error] :1:1: Premature end of file.
2026-10-02 10:56:00,033 [ERROR] LogOutputStream:75 - [STDERR_REDIRECT] 
2026-10-02 10:56:00,057 [ERROR] LogOutputStream:75 - [STDERR_REDIRECT] [Fatal Error] :1:1: Premature end of file.
2026-10-02 10:56:00,057 [ERROR] LogOutputStream:75 - [STDERR_REDIRECT] 
2026-10-02 10:56:00,083 [ERROR] LogOutputStream:75 - [STDERR_REDIRECT] [Fatal Error] :1:1: Premature end of file.
2026-10-02 10:56:00,083 [ERROR] LogOutputStream:75 - [STDERR_REDIRECT] 
2026-10-02 10:56:00,106 [ERROR] LogOutputStream:75 - [STDERR_REDIRECT] [Fatal Error] :1:1: Premature end of file.
2026-10-02 10:56:00,106 [ERROR] LogOutputStream:75 - [STDERR_REDIRECT] 
2026-10-02 10:56:00,130 [ERROR] LogOutputStream:75 - [STDERR_REDIRECT] [Fatal Error] :1:1: Premature end of file.
2026-10-02 10:56:00,130 [ERROR] LogOutputStream:75 - [STDERR_REDIRECT] 
2026-10-02 10:56:00,152 [ERROR] LogOutputStream:75 - [STDERR_REDIRECT] [Fatal Error] :1:1: Premature end of file.
2026-10-02 10:56:00,154 [ERROR] LogOutputStream:75 - [STDERR_REDIRECT] 
2026-10-02 10:56:00,170 [ERROR] LogOutputStream:75 - [STDERR_REDIRECT] [Fatal Error] :1:1: Premature end of file.
2026-10-02 10:56:00,170 [ERROR] LogOutputStream:75 - [STDERR_REDIRECT] 
2026-10-02 10:56:00,217 [ERROR] LogOutputStream:75 - [STDERR_REDIRECT] [Fatal Error] :1:1: Premature end of file.
2026-10-02 10:56:00,217 [ERROR] LogOutputStream:75 - [STDERR_REDIRECT] 
2026-10-02 10:56:00,240 [ERROR] LogOutputStream:75 - [STDERR_REDIRECT] [Fatal Error] :1:1: Premature end of file.
2026-10-02 10:56:00,240 [ERROR] LogOutputStream:75 - [STDERR_REDIRECT] 
2026-10-02 10:56:00,260 [ERROR] LogOutputStream:75 - [STDERR_REDIRECT] [Fatal Error] :1:1: Premature end of file.
2026-10-02 10:56:00,260 [ERROR] LogOutputStream:75 - [STDERR_REDIRECT] 
2026-10-02 10:56:00,286 [ERROR] LogOutputStream:75 - [STDERR_REDIRECT] [Fatal Error] :1:1: Premature end of file.
2026-10-02 10:56:00,290 [ERROR] LogOutputStream:75 - [STDERR_REDIRECT] 
2026-10-02 10:56:00,309 [ERROR] LogOutputStream:75 - [STDERR_REDIRECT] [Fatal Error] :1:1: Premature end of file.
2026-10-02 10:56:00,309 [ERROR] LogOutputStream:75 - [STDERR_REDIRECT] 
2026-10-02 10:56:00,325 [ERROR] LogOutputStream:75 - [STDERR_REDIRECT] [Fatal Error] :1:1: Premature end of file.
2026-10-02 10:56:00,325 [ERROR] LogOutputStream:75 - [STDERR_REDIRECT] 
2026-10-02 10:56:00,361 [ERROR] LogOutputStream:75 - [STDERR_REDIRECT] [Fatal Error] :1:1: Premature end of file.
2026-10-02 10:56:00,361 [ERROR] LogOutputStream:75 - [STDERR_REDIRECT] 
2026-10-02 10:56:00,377 [ERROR] LogOutputStream:75 - [STDERR_REDIRECT] [Fatal Error] :1:1: Premature end of file.
2026-10-02 10:56:00,377 [ERROR] LogOutputStream:75 - [STDERR_REDIRECT] 
2026-10-02 10:56:00,402 [ERROR] LogOutputStream:75 - [STDERR_REDIRECT] [Fatal Error] :1:1: Premature end of file.
2026-10-02 10:56:00,402 [ERROR] LogOutputStream:75 - [STDERR_REDIRECT] 
2026-10-02 10:56:00,435 [ERROR] LogOutputStream:75 - [STDERR_REDIRECT] [Fatal Error] :1:1: Premature end of file.
2026-10-02 10:56:00,435 [ERROR] LogOutputStream:75 - [STDERR_REDIRECT] 
2026-10-02 10:56:00,460 [ERROR] LogOutputStream:75 - [STDERR_REDIRECT] [Fatal Error] :1:1: Premature end of file.
2026-10-02 10:56:00,460 [ERROR] LogOutputStream:75 - [STDERR_REDIRECT] 
2026-10-02 10:56:00,483 [ERROR] LogOutputStream:75 - [STDERR_REDIRECT] [Fatal Error] :1:1: Premature end of file.
2026-10-02 10:56:00,483 [ERROR] LogOutputStream:75 - [STDERR_REDIRECT] 
2026-10-02 10:56:00,513 [ERROR] LogOutputStream:75 - [STDERR_REDIRECT] [Fatal Error] :1:1: Premature end of file.
2026-10-02 10:56:00,513 [ERROR] LogOutputStream:75 - [STDERR_REDIRECT] 
2026-10-02 10:56:00,545 [ERROR] LogOutputStream:75 - [STDERR_REDIRECT] [Fatal Error] :1:1: Premature end of file.
2026-10-02 10:56:00,545 [ERROR] LogOutputStream:75 - [STDERR_REDIRECT] 
2026-10-02 10:56:00,566 [ERROR] LogOutputStream:75 - [STDERR_REDIRECT] [Fatal Error] :1:1: Premature end of file.
2026-10-02 10:56:00,566 [ERROR] LogOutputStream:75 - [STDERR_REDIRECT] 
2026-10-02 10:56:00,597 [ERROR] LogOutputStream:75 - [STDERR_REDIRECT] [Fatal Error] :1:1: Premature end of file.
2026-10-02 10:56:00,597 [ERROR] LogOutputStream:75 - [STDERR_REDIRECT] 
2026-10-02 10:56:00,620 [ERROR] LogOutputStream:75 - [STDERR_REDIRECT] [Fatal Error] :1:1: Premature end of file.
2026-10-02 10:56:00,620 [ERROR] LogOutputStream:75 - [STDERR_REDIRECT] 
2026-10-02 10:56:00,643 [ERROR] LogOutputStream:75 - [STDERR_REDIRECT] [Fatal Error] :1:1: Premature end of file.
2026-10-02 10:56:00,643 [ERROR] LogOutputStream:75 - [STDERR_REDIRECT] 
2026-10-02 10:56:00,670 [ERROR] LogOutputStream:75 - [STDERR_REDIRECT] [Fatal Error] :1:1: Premature end of file.
2026-10-02 10:56:00,670 [ERROR] LogOutputStream:75 - [STDERR_REDIRECT] 
2026-10-02 10:56:00,695 [ERROR] LogOutputStream:75 - [STDERR_REDIRECT] [Fatal Error] :1:1: Premature end of file.
2026-10-02 10:56:00,695 [ERROR] LogOutputStream:75 - [STDERR_REDIRECT] 
2026-10-02 10:56:00,719 [ERROR] LogOutputStream:75 - [STDERR_REDIRECT] [Fatal Error] :1:1: Premature end of file.
2026-10-02 10:56:00,719 [ERROR] LogOutputStream:75 - [STDERR_REDIRECT] 
2026-10-02 10:56:00,742 [ERROR] LogOutputStream:75 - [STDERR_REDIRECT] [Fatal Error] :1:1: Premature end of file.
2026-10-02 10:56:00,742 [ERROR] LogOutputStream:75 - [STDERR_REDIRECT] 
2026-10-02 10:56:00,767 [ERROR] LogOutputStream:75 - [STDERR_REDIRECT] [Fatal Error] :1:1: Premature end of file.
2026-10-02 10:56:00,767 [ERROR] LogOutputStream:75 - [STDERR_REDIRECT] 
2026-10-02 10:56:00,791 [ERROR] LogOutputStream:75 - [STDERR_REDIRECT] [Fatal Error] :1:1: Premature end of file.
2026-10-02 10:56:00,791 [ERROR] LogOutputStream:75 - [STDERR_REDIRECT] 
2026-10-02 10:56:00,815 [ERROR] LogOutputStream:75 - [STDERR_REDIRECT] [Fatal Error] :1:1: Premature end of file.
2026-10-02 10:56:00,815 [ERROR] LogOutputStream:75 - [STDERR_REDIRECT] 
2026-10-02 10:56:00,832 [ERROR] LogOutputStream:75 - [STDERR_REDIRECT] [Fatal Error] :1:1: Premature end of file.
2026-10-02 10:56:00,832 [ERROR] LogOutputStream:75 - [STDERR_REDIRECT] 
2026-10-02 10:56:00,862 [ERROR] LogOutputStream:75 - [STDERR_REDIRECT] [Fatal Error] :1:1: Premature end of file.
2026-10-02 10:56:00,862 [ERROR] LogOutputStream:75 - [STDERR_REDIRECT] 
2026-10-02 10:56:00,886 [ERROR] LogOutputStream:75 - [STDERR_REDIRECT] [Fatal Error] :1:1: Premature end of file.
2026-10-02 10:56:00,886 [ERROR] LogOutputStream:75 - [STDERR_REDIRECT] 
2026-10-02 10:56:00,909 [ERROR] LogOutputStream:75 - [STDERR_REDIRECT] [Fatal Error] :1:1: Premature end of file.
2026-10-02 10:56:00,909 [ERROR] LogOutputStream:75 - [STDERR_REDIRECT] 
2026-10-02 10:56:00,926 [ERROR] LogOutputStream:75 - [STDERR_REDIRECT] [Fatal Error] :1:1: Premature end of file.
2026-10-02 10:56:00,926 [ERROR] LogOutputStream:75 - [STDERR_REDIRECT] 
2026-10-02 10:56:00,955 [ERROR] LogOutputStream:75 - [STDERR_REDIRECT] [Fatal Error] :1:1: Premature end of file.
2026-10-02 10:56:00,955 [ERROR] LogOutputStream:75 - [STDERR_REDIRECT] 
2026-10-02 10:56:00,979 [ERROR] LogOutputStream:75 - [STDERR_REDIRECT] [Fatal Error] :1:1: Premature end of file.
2026-10-02 10:56:00,979 [ERROR] LogOutputStream:75 - [STDERR_REDIRECT] 
2026-10-02 10:56:01,002 [ERROR] LogOutputStream:75 - [STDERR_REDIRECT] [Fatal Error] :1:1: Premature end of file.
2026-10-02 10:56:01,002 [ERROR] LogOutputStream:75 - [STDERR_REDIRECT] 
2026-10-02 10:56:01,029 [ERROR] LogOutputStream:75 - [STDERR_REDIRECT] [Fatal Error] :1:1: Premature end of file.
2026-10-02 10:56:01,029 [ERROR] LogOutputStream:75 - [STDERR_REDIRECT] 
2026-10-02 10:56:01,053 [ERROR] LogOutputStream:75 - [STDERR_REDIRECT] [Fatal Error] :1:1: Premature end of file.
2026-10-02 10:56:01,053 [ERROR] LogOutputStream:75 - [STDERR_REDIRECT] 
2026-10-02 10:56:01,076 [ERROR] LogOutputStream:75 - [STDERR_REDIRECT] [Fatal Error] :1:1: Premature end of file.
2026-10-02 10:56:01,076 [ERROR] LogOutputStream:75 - [STDERR_REDIRECT] 
2026-10-02 10:56:01,119 [ERROR] LogOutputStream:75 - [STDERR_REDIRECT] [Fatal Error] :1:1: Premature end of file.
2026-10-02 10:56:01,119 [ERROR] LogOutputStream:75 - [STDERR_REDIRECT] 
2026-10-02 10:56:01,147 [ERROR] LogOutputStream:75 - [STDERR_REDIRECT] [Fatal Error] :1:1: Premature end of file.
2026-10-02 10:56:01,147 [ERROR] LogOutputStream:75 - [STDERR_REDIRECT] 
2026-10-02 10:56:01,177 [ERROR] LogOutputStream:75 - [STDERR_REDIRECT] [Fatal Error] :1:1: Premature end of file.
2026-10-02 10:56:01,177 [ERROR] LogOutputStream:75 - [STDERR_REDIRECT] 
2026-10-02 10:56:01,206 [ERROR] LogOutputStream:75 - [STDERR_REDIRECT] [Fatal Error] :1:1: Premature end of file.
2026-10-02 10:56:01,206 [ERROR] LogOutputStream:75 - [STDERR_REDIRECT] 
2026-10-02 10:56:01,233 [ERROR] LogOutputStream:75 - [STDERR_REDIRECT] [Fatal Error] :1:1: Premature end of file.
2026-10-02 10:56:01,233 [ERROR] LogOutputStream:75 - [STDERR_REDIRECT] 
2026-10-02 10:56:01,257 [ERROR] LogOutputStream:75 - [STDERR_REDIRECT] [Fatal Error] :1:1: Premature end of file.
2026-10-02 10:56:01,257 [ERROR] LogOutputStream:75 - [STDERR_REDIRECT] 
2026-10-02 10:56:01,289 [ERROR] LogOutputStream:75 - [STDERR_REDIRECT] [Fatal Error] :1:1: Premature end of file.
2026-10-02 10:56:01,289 [ERROR] LogOutputStream:75 - [STDERR_REDIRECT] 
2026-10-02 10:56:01,314 [ERROR] LogOutputStream:75 - [STDERR_REDIRECT] [Fatal Error] :1:1: Premature end of file.
2026-10-02 10:56:01,314 [ERROR] LogOutputStream:75 - [STDERR_REDIRECT] 
2026-10-02 10:56:01,341 [ERROR] LogOutputStream:75 - [STDERR_REDIRECT] [Fatal Error] :1:1: Premature end of file.
2026-10-02 10:56:01,341 [ERROR] LogOutputStream:75 - [STDERR_REDIRECT] 
2026-10-02 10:56:01,359 [ERROR] LogOutputStream:75 - [STDERR_REDIRECT] [Fatal Error] :1:1: Premature end of file.
2026-10-02 10:56:01,359 [ERROR] LogOutputStream:75 - [STDERR_REDIRECT] 
2026-10-02 10:56:01,391 [ERROR] LogOutputStream:75 - [STDERR_REDIRECT] [Fatal Error] :1:1: Premature end of file.
2026-10-02 10:56:01,391 [ERROR] LogOutputStream:75 - [STDERR_REDIRECT] 
2026-10-02 10:56:01,416 [ERROR] LogOutputStream:75 - [STDERR_REDIRECT] [Fatal Error] :1:1: Premature end of file.
2026-10-02 10:56:01,416 [ERROR] LogOutputStream:75 - [STDERR_REDIRECT] 
2026-10-02 10:56:01,443 [ERROR] LogOutputStream:75 - [STDERR_REDIRECT] [Fatal Error] :1:1: Premature end of file.
2026-10-02 10:56:01,443 [ERROR] LogOutputStream:75 - [STDERR_REDIRECT] 
2026-10-02 10:56:01,471 [ERROR] LogOutputStream:75 - [STDERR_REDIRECT] [Fatal Error] :1:1: Premature end of file.
2026-10-02 10:56:01,471 [ERROR] LogOutputStream:75 - [STDERR_REDIRECT] 
2026-10-02 10:56:01,496 [ERROR] LogOutputStream:75 - [STDERR_REDIRECT] [Fatal Error] :1:1: Premature end of file.
2026-10-02 10:56:01,496 [ERROR] LogOutputStream:75 - [STDERR_REDIRECT] 
2026-10-02 10:56:01,526 [ERROR] LogOutputStream:75 - [STDERR_REDIRECT] [Fatal Error] :1:1: Premature end of file.
2026-10-02 10:56:01,526 [ERROR] LogOutputStream:75 - [STDERR_REDIRECT] 
2026-10-02 10:56:01,551 [ERROR] LogOutputStream:75 - [STDERR_REDIRECT] [Fatal Error] :1:1: Premature end of file.
2026-10-02 10:56:01,551 [ERROR] LogOutputStream:75 - [STDERR_REDIRECT] 
2026-10-02 10:56:01,574 [ERROR] LogOutputStream:75 - [STDERR_REDIRECT] [Fatal Error] :1:1: Premature end of file.
2026-10-02 10:56:01,574 [ERROR] LogOutputStream:75 - [STDERR_REDIRECT] 
2026-10-02 10:56:01,605 [ERROR] LogOutputStream:75 - [STDERR_REDIRECT] [Fatal Error] :1:1: Premature end of file.
2026-10-02 10:56:01,605 [ERROR] LogOutputStream:75 - [STDERR_REDIRECT] 
2026-10-02 10:56:01,621 [ERROR] LogOutputStream:75 - [STDERR_REDIRECT] [Fatal Error] :1:1: Premature end of file.
2026-10-02 10:56:01,621 [ERROR] LogOutputStream:75 - [STDERR_REDIRECT] 
2026-10-02 10:56:01,655 [ERROR] LogOutputStream:75 - [STDERR_REDIRECT] [Fatal Error] :1:1: Premature end of file.
2026-10-02 10:56:01,655 [ERROR] LogOutputStream:75 - [STDERR_REDIRECT] 
2026-10-02 10:56:01,718 [ERROR] LogOutputStream:75 - [STDERR_REDIRECT] [Fatal Error] :1:1: Premature end of file.
2026-10-02 10:56:01,718 [ERROR] LogOutputStream:75 - [STDERR_REDIRECT] 
2026-10-02 10:56:01,764 [ERROR] LogOutputStream:75 - [STDERR_REDIRECT] [Fatal Error] :1:1: Premature end of file.
2026-10-02 10:56:01,764 [ERROR] LogOutputStream:75 - [STDERR_REDIRECT] 
2026-10-02 10:56:01,779 [ERROR] LogOutputStream:75 - [STDERR_REDIRECT] [Fatal Error] :1:1: Premature end of file.
2026-10-02 10:56:01,779 [ERROR] LogOutputStream:75 - [STDERR_REDIRECT] 
2026-10-02 10:56:01,811 [ERROR] LogOutputStream:75 - [STDERR_REDIRECT] [Fatal Error] :1:1: Premature end of file.
2026-10-02 10:56:01,811 [ERROR] LogOutputStream:75 - [STDERR_REDIRECT] 
2026-10-02 10:56:01,841 [ERROR] LogOutputStream:75 - [STDERR_REDIRECT] [Fatal Error] :1:1: Premature end of file.
2026-10-02 10:56:01,841 [ERROR] LogOutputStream:75 - [STDERR_REDIRECT] 
2026-10-02 10:56:01,860 [ERROR] LogOutputStream:75 - [STDERR_REDIRECT] [Fatal Error] :1:1: Premature end of file.
2026-10-02 10:56:01,860 [ERROR] LogOutputStream:75 - [STDERR_REDIRECT] 
2026-10-02 10:56:01,896 [ERROR] LogOutputStream:75 - [STDERR_REDIRECT] [Fatal Error] :1:1: Premature end of file.
2026-10-02 10:56:01,896 [ERROR] LogOutputStream:75 - [STDERR_REDIRECT] 
2026-10-02 10:56:01,922 [ERROR] LogOutputStream:75 - [STDERR_REDIRECT] [Fatal Error] :1:1: Premature end of file.
2026-10-02 10:56:01,922 [ERROR] LogOutputStream:75 - [STDERR_REDIRECT] 
2026-10-02 10:56:01,943 [ERROR] LogOutputStream:75 - [STDERR_REDIRECT] [Fatal Error] :1:1: Premature end of file.
2026-10-02 10:56:01,943 [ERROR] LogOutputStream:75 - [STDERR_REDIRECT] 
2026-10-02 10:56:01,969 [ERROR] LogOutputStream:75 - [STDERR_REDIRECT] [Fatal Error] :1:1: Premature end of file.
2026-10-02 10:56:01,969 [ERROR] LogOutputStream:75 - [STDERR_REDIRECT] 
2026-10-02 10:56:01,991 [ERROR] LogOutputStream:75 - [STDERR_REDIRECT] [Fatal Error] :1:1: Premature end of file.
2026-10-02 10:56:01,991 [ERROR] LogOutputStream:75 - [STDERR_REDIRECT] 
2026-10-02 10:56:02,017 [ERROR] LogOutputStream:75 - [STDERR_REDIRECT] [Fatal Error] :1:1: Premature end of file.
2026-10-02 10:56:02,017 [ERROR] LogOutputStream:75 - [STDERR_REDIRECT] 
2026-10-02 10:56:02,050 [ERROR] LogOutputStream:75 - [STDERR_REDIRECT] [Fatal Error] :1:1: Premature end of file.
2026-10-02 10:56:02,050 [ERROR] LogOutputStream:75 - [STDERR_REDIRECT] 
2026-10-02 10:56:02,065 [ERROR] LogOutputStream:75 - [STDERR_REDIRECT] [Fatal Error] :1:1: Premature end of file.
2026-10-02 10:56:02,065 [ERROR] LogOutputStream:75 - [STDERR_REDIRECT] 
2026-10-02 10:56:02,097 [ERROR] LogOutputStream:75 - [STDERR_REDIRECT] [Fatal Error] :1:1: Premature end of file.
2026-10-02 10:56:02,097 [ERROR] LogOutputStream:75 - [STDERR_REDIRECT] 
2026-10-02 10:56:02,112 [ERROR] LogOutputStream:75 - [STDERR_REDIRECT] [Fatal Error] :1:1: Premature end of file.
2026-10-02 10:56:02,112 [ERROR] LogOutputStream:75 - [STDERR_REDIRECT] 
2026-10-02 10:56:02,145 [ERROR] LogOutputStream:75 - [STDERR_REDIRECT] [Fatal Error] :1:1: Premature end of file.
2026-10-02 10:56:02,145 [ERROR] LogOutputStream:75 - [STDERR_REDIRECT] 
2026-10-02 10:56:02,160 [ERROR] LogOutputStream:75 - [STDERR_REDIRECT] [Fatal Error] :1:1: Premature end of file.
2026-10-02 10:56:02,160 [ERROR] LogOutputStream:75 - [STDERR_REDIRECT] 
2026-10-02 10:56:02,196 [ERROR] LogOutputStream:75 - [STDERR_REDIRECT] [Fatal Error] :1:1: Premature end of file.
2026-10-02 10:56:02,196 [ERROR] LogOutputStream:75 - [STDERR_REDIRECT] 
2026-10-02 10:56:02,224 [ERROR] LogOutputStream:75 - [STDERR_REDIRECT] [Fatal Error] :1:1: Premature end of file.
2026-10-02 10:56:02,224 [ERROR] LogOutputStream:75 - [STDERR_REDIRECT] 
2026-10-02 10:56:02,257 [ERROR] LogOutputStream:75 - [STDERR_REDIRECT] [Fatal Error] :1:1: Premature end of file.
2026-10-02 10:56:02,257 [ERROR] LogOutputStream:75 - [STDERR_REDIRECT] 
2026-10-02 10:56:02,278 [ERROR] LogOutputStream:75 - [STDERR_REDIRECT] [Fatal Error] :1:1: Premature end of file.
2026-10-02 10:56:02,278 [ERROR] LogOutputStream:75 - [STDERR_REDIRECT] 
2026-10-02 10:56:02,306 [ERROR] LogOutputStream:75 - [STDERR_REDIRECT] [Fatal Error] :1:1: Premature end of file.
2026-10-02 10:56:02,306 [ERROR] LogOutputStream:75 - [STDERR_REDIRECT] 
2026-10-02 10:56:02,387 [ERROR] LogOutputStream:75 - [STDERR_REDIRECT] [Fatal Error] :1:1: Premature end of file.
2026-10-02 10:56:02,387 [ERROR] LogOutputStream:75 - [STDERR_REDIRECT] 
2026-10-02 10:56:02,447 [ERROR] LogOutputStream:75 - [STDERR_REDIRECT] [Fatal Error] :1:1: Premature end of file.
2026-10-02 10:56:02,447 [ERROR] LogOutputStream:75 - [STDERR_REDIRECT] 
2026-10-02 10:56:02,495 [ERROR] LogOutputStream:75 - [STDERR_REDIRECT] [Fatal Error] :1:1: Premature end of file.
2026-10-02 10:56:02,495 [ERROR] LogOutputStream:75 - [STDERR_REDIRECT] 
2026-10-02 10:56:02,530 [ERROR] LogOutputStream:75 - [STDERR_REDIRECT] [Fatal Error] :1:1: Premature end of file.
2026-10-02 10:56:02,530 [ERROR] LogOutputStream:75 - [STDERR_REDIRECT] 
2026-10-02 10:56:02,563 [ERROR] LogOutputStream:75 - [STDERR_REDIRECT] [Fatal Error] :1:1: Premature end of file.
2026-10-02 10:56:02,563 [ERROR] LogOutputStream:75 - [STDERR_REDIRECT] 
2026-10-02 10:56:02,676 [ERROR] LogOutputStream:75 - [STDERR_REDIRECT] [Fatal Error] :1:1: Premature end of file.
2026-10-02 10:56:02,676 [ERROR] LogOutputStream:75 - [STDERR_REDIRECT] 
2026-10-02 10:56:02,703 [ERROR] LogOutputStream:75 - [STDERR_REDIRECT] [Fatal Error] :1:1: Premature end of file.
2026-10-02 10:56:02,703 [ERROR] LogOutputStream:75 - [STDERR_REDIRECT] 
2026-10-02 10:56:02,730 [ERROR] LogOutputStream:75 - [STDERR_REDIRECT] [Fatal Error] :1:1: Premature end of file.
2026-10-02 10:56:02,732 [ERROR] LogOutputStream:75 - [STDERR_REDIRECT] 
2026-10-02 10:56:02,759 [ERROR] LogOutputStream:75 - [STDERR_REDIRECT] [Fatal Error] :1:1: Premature end of file.
2026-10-02 10:56:02,759 [ERROR] LogOutputStream:75 - [STDERR_REDIRECT] 
2026-10-02 10:56:02,779 [ERROR] LogOutputStream:75 - [STDERR_REDIRECT] [Fatal Error] :1:1: Premature end of file.
2026-10-02 10:56:02,779 [ERROR] LogOutputStream:75 - [STDERR_REDIRECT] 
2026-10-02 10:56:02,807 [ERROR] LogOutputStream:75 - [STDERR_REDIRECT] [Fatal Error] :1:1: Premature end of file.
2026-10-02 10:56:02,807 [ERROR] LogOutputStream:75 - [STDERR_REDIRECT] 
2026-10-02 10:56:02,834 [ERROR] LogOutputStream:75 - [STDERR_REDIRECT] [Fatal Error] :1:1: Premature end of file.
2026-10-02 10:56:02,834 [ERROR] LogOutputStream:75 - [STDERR_REDIRECT] 
2026-10-02 10:56:02,857 [ERROR] LogOutputStream:75 - [STDERR_REDIRECT] [Fatal Error] :1:1: Premature end of file.
2026-10-02 10:56:02,857 [ERROR] LogOutputStream:75 - [STDERR_REDIRECT] 
2026-10-02 10:56:02,874 [ERROR] LogOutputStream:75 - [STDERR_REDIRECT] [Fatal Error] :1:1: Premature end of file.
2026-10-02 10:56:02,874 [ERROR] LogOutputStream:75 - [STDERR_REDIRECT] 
2026-10-02 10:56:02,930 [ERROR] LogOutputStream:75 - [STDERR_REDIRECT] [Fatal Error] :1:1: Premature end of file.
2026-10-02 10:56:02,930 [ERROR] LogOutputStream:75 - [STDERR_REDIRECT] 
2026-10-02 10:56:03,032 [ERROR] LogOutputStream:75 - [STDERR_REDIRECT] [Fatal Error] :1:1: Premature end of file.
2026-10-02 10:56:03,032 [ERROR] LogOutputStream:75 - [STDERR_REDIRECT] 
2026-10-02 10:56:03,051 [ERROR] LogOutputStream:75 - [STDERR_REDIRECT] [Fatal Error] :1:1: Premature end of file.
2026-10-02 10:56:03,051 [ERROR] LogOutputStream:75 - [STDERR_REDIRECT] 
2026-10-02 10:56:03,081 [ERROR] LogOutputStream:75 - [STDERR_REDIRECT] [Fatal Error] :1:1: Premature end of file.
2026-10-02 10:56:03,081 [ERROR] LogOutputStream:75 - [STDERR_REDIRECT] 
2026-10-02 10:56:03,140 [ERROR] LogOutputStream:75 - [STDERR_REDIRECT] [Fatal Error] :1:1: Premature end of file.
2026-10-02 10:56:03,140 [ERROR] LogOutputStream:75 - [STDERR_REDIRECT] 
2026-10-02 10:56:03,196 [ERROR] LogOutputStream:75 - [STDERR_REDIRECT] [Fatal Error] :1:1: Premature end of file.
2026-10-02 10:56:03,196 [ERROR] LogOutputStream:75 - [STDERR_REDIRECT] 
2026-10-02 10:56:03,230 [ERROR] LogOutputStream:75 - [STDERR_REDIRECT] [Fatal Error] :1:1: Premature end of file.
2026-10-02 10:56:03,230 [ERROR] LogOutputStream:75 - [STDERR_REDIRECT] 
2026-10-02 10:56:03,300 [ERROR] LogOutputStream:75 - [STDERR_REDIRECT] [Fatal Error] :1:1: Premature end of file.
2026-10-02 10:56:03,300 [ERROR] LogOutputStream:75 - [STDERR_REDIRECT] 
2026-10-02 10:56:03,351 [ERROR] LogOutputStream:75 - [STDERR_REDIRECT] [Fatal Error] :1:1: Premature end of file.
2026-10-02 10:56:03,351 [ERROR] LogOutputStream:75 - [STDERR_REDIRECT] 
2026-10-02 10:56:03,365 [ERROR] LogOutputStream:75 - [STDERR_REDIRECT] [Fatal Error] :1:1: Premature end of file.
2026-10-02 10:56:03,365 [ERROR] LogOutputStream:75 - [STDERR_REDIRECT] 
2026-10-02 10:56:03,412 [ERROR] LogOutputStream:75 - [STDERR_REDIRECT] [Fatal Error] :1:1: Premature end of file.
2026-10-02 10:56:03,412 [ERROR] LogOutputStream:75 - [STDERR_REDIRECT] 
2026-10-02 10:56:03,463 [ERROR] LogOutputStream:75 - [STDERR_REDIRECT] [Fatal Error] :1:1: Premature end of file.
2026-10-02 10:56:03,463 [ERROR] LogOutputStream:75 - [STDERR_REDIRECT] 
2026-10-02 10:56:03,501 [ERROR] LogOutputStream:75 - [STDERR_REDIRECT] [Fatal Error] :1:1: Premature end of file.
2026-10-02 10:56:03,501 [ERROR] LogOutputStream:75 - [STDERR_REDIRECT] 
2026-10-02 10:56:03,523 [ERROR] LogOutputStream:75 - [STDERR_REDIRECT] [Fatal Error] :1:1: Premature end of file.
2026-10-02 10:56:03,523 [ERROR] LogOutputStream:75 - [STDERR_REDIRECT] 
2026-10-02 10:56:03,555 [ERROR] LogOutputStream:75 - [STDERR_REDIRECT] [Fatal Error] :1:1: Premature end of file.
2026-10-02 10:56:03,555 [ERROR] LogOutputStream:75 - [STDERR_REDIRECT] 
2026-10-02 10:56:03,571 [ERROR] LogOutputStream:75 - [STDERR_REDIRECT] [Fatal Error] :1:1: Premature end of file.
2026-10-02 10:56:03,571 [ERROR] LogOutputStream:75 - [STDERR_REDIRECT] 
2026-10-02 10:56:03,602 [ERROR] LogOutputStream:75 - [STDERR_REDIRECT] [Fatal Error] :1:1: Premature end of file.
2026-10-02 10:56:03,602 [ERROR] LogOutputStream:75 - [STDERR_REDIRECT] 
2026-10-02 10:56:03,629 [ERROR] LogOutputStream:75 - [STDERR_REDIRECT] [Fatal Error] :1:1: Premature end of file.
2026-10-02 10:56:03,629 [ERROR] LogOutputStream:75 - [STDERR_REDIRECT] 
2026-10-02 10:56:03,671 [ERROR] LogOutputStream:75 - [STDERR_REDIRECT] [Fatal Error] :1:1: Premature end of file.
2026-10-02 10:56:03,671 [ERROR] LogOutputStream:75 - [STDERR_REDIRECT] 
2026-10-02 10:56:03,702 [ERROR] LogOutputStream:75 - [STDERR_REDIRECT] [Fatal Error] :1:1: Premature end of file.
2026-10-02 10:56:03,702 [ERROR] LogOutputStream:75 - [STDERR_REDIRECT] 
2026-10-02 10:56:03,777 [ERROR] LogOutputStream:75 - [STDERR_REDIRECT] [Fatal Error] :1:1: Premature end of file.
2026-10-02 10:56:03,777 [ERROR] LogOutputStream:75 - [STDERR_REDIRECT] 
2026-10-02 10:56:03,803 [ERROR] LogOutputStream:75 - [STDERR_REDIRECT] [Fatal Error] :1:1: Premature end of file.
2026-10-02 10:56:03,803 [ERROR] LogOutputStream:75 - [STDERR_REDIRECT] 
2026-10-02 10:56:03,826 [ERROR] LogOutputStream:75 - [STDERR_REDIRECT] [Fatal Error] :1:1: Premature end of file.
2026-10-02 10:56:03,826 [ERROR] LogOutputStream:75 - [STDERR_REDIRECT] 
2026-10-02 10:56:03,857 [ERROR] LogOutputStream:75 - [STDERR_REDIRECT] [Fatal Error] :1:1: Premature end of file.
2026-10-02 10:56:03,857 [ERROR] LogOutputStream:75 - [STDERR_REDIRECT] 
2026-10-02 10:56:03,918 [ERROR] LogOutputStream:75 - [STDERR_REDIRECT] [Fatal Error] :1:1: Premature end of file.
2026-10-02 10:56:03,918 [ERROR] LogOutputStream:75 - [STDERR_REDIRECT] 
2026-10-02 10:56:03,952 [ERROR] LogOutputStream:75 - [STDERR_REDIRECT] [Fatal Error] :1:1: Premature end of file.
2026-10-02 10:56:03,960 [ERROR] LogOutputStream:75 - [STDERR_REDIRECT] 
2026-10-02 10:56:03,984 [ERROR] LogOutputStream:75 - [STDERR_REDIRECT] [Fatal Error] :1:1: Premature end of file.
2026-10-02 10:56:03,984 [ERROR] LogOutputStream:75 - [STDERR_REDIRECT] 
2026-10-02 10:56:04,012 [ERROR] LogOutputStream:75 - [STDERR_REDIRECT] [Fatal Error] :1:1: Premature end of file.
2026-10-02 10:56:04,012 [ERROR] LogOutputStream:75 - [STDERR_REDIRECT] 
2026-10-02 10:56:04,047 [ERROR] LogOutputStream:75 - [STDERR_REDIRECT] [Fatal Error] :1:1: Premature end of file.
2026-10-02 10:56:04,047 [ERROR] LogOutputStream:75 - [STDERR_REDIRECT] 
2026-10-02 10:56:04,070 [ERROR] LogOutputStream:75 - [STDERR_REDIRECT] [Fatal Error] :1:1: Premature end of file.
2026-10-02 10:56:04,070 [ERROR] LogOutputStream:75 - [STDERR_REDIRECT] 
2026-10-02 10:56:04,095 [ERROR] LogOutputStream:75 - [STDERR_REDIRECT] [Fatal Error] :1:1: Premature end of file.
2026-10-02 10:56:04,095 [ERROR] LogOutputStream:75 - [STDERR_REDIRECT] 
2026-10-02 10:56:04,110 [ERROR] LogOutputStream:75 - [STDERR_REDIRECT] [Fatal Error] :1:1: Premature end of file.
2026-10-02 10:56:04,110 [ERROR] LogOutputStream:75 - [STDERR_REDIRECT] 
2026-10-02 10:56:04,143 [ERROR] LogOutputStream:75 - [STDERR_REDIRECT] [Fatal Error] :1:1: Premature end of file.
2026-10-02 10:56:04,143 [ERROR] LogOutputStream:75 - [STDERR_REDIRECT] 
2026-10-02 10:56:04,174 [ERROR] LogOutputStream:75 - [STDERR_REDIRECT] [Fatal Error] :1:1: Premature end of file.
2026-10-02 10:56:04,174 [ERROR] LogOutputStream:75 - [STDERR_REDIRECT] 
2026-10-02 10:56:04,200 [ERROR] LogOutputStream:75 - [STDERR_REDIRECT] [Fatal Error] :1:1: Premature end of file.
2026-10-02 10:56:04,200 [ERROR] LogOutputStream:75 - [STDERR_REDIRECT] 
2026-10-02 10:56:04,223 [ERROR] LogOutputStream:75 - [STDERR_REDIRECT] [Fatal Error] :1:1: Premature end of file.
2026-10-02 10:56:04,223 [ERROR] LogOutputStream:75 - [STDERR_REDIRECT] 
2026-10-02 10:56:04,263 [ERROR] LogOutputStream:75 - [STDERR_REDIRECT] [Fatal Error] :1:1: Premature end of file.
2026-10-02 10:56:04,263 [ERROR] LogOutputStream:75 - [STDERR_REDIRECT] 
2026-10-02 10:56:04,284 [ERROR] LogOutputStream:75 - [STDERR_REDIRECT] [Fatal Error] :1:1: Premature end of file.
2026-10-02 10:56:04,284 [ERROR] LogOutputStream:75 - [STDERR_REDIRECT] 
2026-10-02 10:56:04,360 [ERROR] LogOutputStream:75 - [STDERR_REDIRECT] [Fatal Error] :1:1: Premature end of file.
2026-10-02 10:56:04,360 [ERROR] LogOutputStream:75 - [STDERR_REDIRECT] 
2026-10-02 10:56:04,402 [ERROR] LogOutputStream:75 - [STDERR_REDIRECT] [Fatal Error] :1:1: Premature end of file.
2026-10-02 10:56:04,402 [ERROR] LogOutputStream:75 - [STDERR_REDIRECT] 
2026-10-02 10:56:04,427 [ERROR] LogOutputStream:75 - [STDERR_REDIRECT] [Fatal Error] :1:1: Premature end of file.
2026-10-02 10:56:04,427 [ERROR] LogOutputStream:75 - [STDERR_REDIRECT] 
2026-10-02 10:56:04,458 [ERROR] LogOutputStream:75 - [STDERR_REDIRECT] [Fatal Error] :1:1: Premature end of file.
2026-10-02 10:56:04,458 [ERROR] LogOutputStream:75 - [STDERR_REDIRECT] 
2026-10-02 10:56:04,497 [ERROR] LogOutputStream:75 - [STDERR_REDIRECT] [Fatal Error] :1:1: Premature end of file.
2026-10-02 10:56:04,497 [ERROR] LogOutputStream:75 - [STDERR_REDIRECT] 
2026-10-02 10:56:04,556 [ERROR] LogOutputStream:75 - [STDERR_REDIRECT] [Fatal Error] :1:1: Premature end of file.
2026-10-02 10:56:04,556 [ERROR] LogOutputStream:75 - [STDERR_REDIRECT] 
2026-10-02 10:56:04,582 [ERROR] LogOutputStream:75 - [STDERR_REDIRECT] [Fatal Error] :1:1: Premature end of file.
2026-10-02 10:56:04,582 [ERROR] LogOutputStream:75 - [STDERR_REDIRECT] 
2026-10-02 10:56:04,606 [ERROR] LogOutputStream:75 - [STDERR_REDIRECT] [Fatal Error] :1:1: Premature end of file.
2026-10-02 10:56:04,606 [ERROR] LogOutputStream:75 - [STDERR_REDIRECT] 
2026-10-02 10:56:04,633 [ERROR] LogOutputStream:75 - [STDERR_REDIRECT] [Fatal Error] :1:1: Premature end of file.
2026-10-02 10:56:04,633 [ERROR] LogOutputStream:75 - [STDERR_REDIRECT] 
2026-10-02 10:56:04,666 [ERROR] LogOutputStream:75 - [STDERR_REDIRECT] [Fatal Error] :1:1: Premature end of file.
2026-10-02 10:56:04,666 [ERROR] LogOutputStream:75 - [STDERR_REDIRECT] 
2026-10-02 10:56:04,689 [ERROR] LogOutputStream:75 - [STDERR_REDIRECT] [Fatal Error] :1:1: Premature end of file.
2026-10-02 10:56:04,689 [ERROR] LogOutputStream:75 - [STDERR_REDIRECT] 
2026-10-02 10:56:04,714 [ERROR] LogOutputStream:75 - [STDERR_REDIRECT] [Fatal Error] :1:1: Premature end of file.
2026-10-02 10:56:04,714 [ERROR] LogOutputStream:75 - [STDERR_REDIRECT] 
2026-10-02 10:56:04,742 [ERROR] LogOutputStream:75 - [STDERR_REDIRECT] [Fatal Error] :1:1: Premature end of file.
2026-10-02 10:56:04,742 [ERROR] LogOutputStream:75 - [STDERR_REDIRECT] 
2026-10-02 10:56:04,775 [ERROR] LogOutputStream:75 - [STDERR_REDIRECT] [Fatal Error] :1:1: Premature end of file.
2026-10-02 10:56:04,775 [ERROR] LogOutputStream:75 - [STDERR_REDIRECT] 
2026-10-02 10:56:04,805 [ERROR] LogOutputStream:75 - [STDERR_REDIRECT] [Fatal Error] :1:1: Premature end of file.
2026-10-02 10:56:04,805 [ERROR] LogOutputStream:75 - [STDERR_REDIRECT] 
2026-10-02 10:56:04,828 [ERROR] LogOutputStream:75 - [STDERR_REDIRECT] [Fatal Error] :1:1: Premature end of file.
2026-10-02 10:56:04,828 [ERROR] LogOutputStream:75 - [STDERR_REDIRECT] 
2026-10-02 10:56:04,859 [ERROR] LogOutputStream:75 - [STDERR_REDIRECT] [Fatal Error] :1:1: Premature end of file.
2026-10-02 10:56:04,859 [ERROR] LogOutputStream:75 - [STDERR_REDIRECT] 
2026-10-02 10:56:04,884 [ERROR] LogOutputStream:75 - [STDERR_REDIRECT] [Fatal Error] :1:1: Premature end of file.
2026-10-02 10:56:04,884 [ERROR] LogOutputStream:75 - [STDERR_REDIRECT] 
2026-10-02 10:56:04,919 [ERROR] LogOutputStream:75 - [STDERR_REDIRECT] [Fatal Error] :1:1: Premature end of file.
2026-10-02 10:56:04,919 [ERROR] LogOutputStream:75 - [STDERR_REDIRECT] 
2026-10-02 10:56:04,950 [ERROR] LogOutputStream:75 - [STDERR_REDIRECT] [Fatal Error] :1:1: Premature end of file.
2026-10-02 10:56:04,950 [ERROR] LogOutputStream:75 - [STDERR_REDIRECT] 
2026-10-02 10:56:04,980 [ERROR] LogOutputStream:75 - [STDERR_REDIRECT] [Fatal Error] :1:1: Premature end of file.
2026-10-02 10:56:04,980 [ERROR] LogOutputStream:75 - [STDERR_REDIRECT] 
2026-10-02 10:56:05,010 [ERROR] LogOutputStream:75 - [STDERR_REDIRECT] [Fatal Error] :1:1: Premature end of file.
2026-10-02 10:56:05,010 [ERROR] LogOutputStream:75 - [STDERR_REDIRECT] 
2026-10-02 10:56:05,043 [ERROR] LogOutputStream:75 - [STDERR_REDIRECT] [Fatal Error] :1:1: Premature end of file.
2026-10-02 10:56:05,043 [ERROR] LogOutputStream:75 - [STDERR_REDIRECT] 
2026-10-02 10:56:05,074 [ERROR] LogOutputStream:75 - [STDERR_REDIRECT] [Fatal Error] :1:1: Premature end of file.
2026-10-02 10:56:05,074 [ERROR] LogOutputStream:75 - [STDERR_REDIRECT] 
2026-10-02 10:56:05,103 [ERROR] LogOutputStream:75 - [STDERR_REDIRECT] [Fatal Error] :1:1: Premature end of file.
2026-10-02 10:56:05,103 [ERROR] LogOutputStream:75 - [STDERR_REDIRECT] 
2026-10-02 10:56:05,129 [ERROR] LogOutputStream:75 - [STDERR_REDIRECT] [Fatal Error] :1:1: Premature end of file.
2026-10-02 10:56:05,129 [ERROR] LogOutputStream:75 - [STDERR_REDIRECT] 
2026-10-02 10:56:05,157 [ERROR] LogOutputStream:75 - [STDERR_REDIRECT] [Fatal Error] :1:1: Premature end of file.
2026-10-02 10:56:05,157 [ERROR] LogOutputStream:75 - [STDERR_REDIRECT] 
2026-10-02 10:56:05,187 [ERROR] LogOutputStream:75 - [STDERR_REDIRECT] [Fatal Error] :1:1: Premature end of file.
2026-10-02 10:56:05,187 [ERROR] LogOutputStream:75 - [STDERR_REDIRECT] 
2026-10-02 10:56:05,211 [ERROR] LogOutputStream:75 - [STDERR_REDIRECT] [Fatal Error] :1:1: Premature end of file.
2026-10-02 10:56:05,211 [ERROR] LogOutputStream:75 - [STDERR_REDIRECT] 
2026-10-02 10:56:05,247 [ERROR] LogOutputStream:75 - [STDERR_REDIRECT] [Fatal Error] :1:1: Premature end of file.
2026-10-02 10:56:05,247 [ERROR] LogOutputStream:75 - [STDERR_REDIRECT] 
2026-10-02 10:56:05,276 [ERROR] LogOutputStream:75 - [STDERR_REDIRECT] [Fatal Error] :1:1: Premature end of file.
2026-10-02 10:56:05,276 [ERROR] LogOutputStream:75 - [STDERR_REDIRECT] 
2026-10-02 10:56:05,308 [ERROR] LogOutputStream:75 - [STDERR_REDIRECT] [Fatal Error] :1:1: Premature end of file.
2026-10-02 10:56:05,308 [ERROR] LogOutputStream:75 - [STDERR_REDIRECT] 
2026-10-02 10:56:05,339 [ERROR] LogOutputStream:75 - [STDERR_REDIRECT] [Fatal Error] :1:1: Premature end of file.
2026-10-02 10:56:05,339 [ERROR] LogOutputStream:75 - [STDERR_REDIRECT] 
2026-10-02 10:56:05,370 [ERROR] LogOutputStream:75 - [STDERR_REDIRECT] [Fatal Error] :1:1: Premature end of file.
2026-10-02 10:56:05,370 [ERROR] LogOutputStream:75 - [STDERR_REDIRECT] 
2026-10-02 10:56:05,402 [ERROR] LogOutputStream:75 - [STDERR_REDIRECT] [Fatal Error] :1:1: Premature end of file.
2026-10-02 10:56:05,402 [ERROR] LogOutputStream:75 - [STDERR_REDIRECT] 
2026-10-02 10:56:05,433 [ERROR] LogOutputStream:75 - [STDERR_REDIRECT] [Fatal Error] :1:1: Premature end of file.
2026-10-02 10:56:05,433 [ERROR] LogOutputStream:75 - [STDERR_REDIRECT] 
2026-10-02 10:56:05,466 [ERROR] LogOutputStream:75 - [STDERR_REDIRECT] [Fatal Error] :1:1: Premature end of file.
2026-10-02 10:56:05,466 [ERROR] LogOutputStream:75 - [STDERR_REDIRECT] 
2026-10-02 10:56:05,495 [ERROR] LogOutputStream:75 - [STDERR_REDIRECT] [Fatal Error] :1:1: Premature end of file.
2026-10-02 10:56:05,495 [ERROR] LogOutputStream:75 - [STDERR_REDIRECT] 
2026-10-02 10:56:05,519 [ERROR] LogOutputStream:75 - [STDERR_REDIRECT] [Fatal Error] :1:1: Premature end of file.
2026-10-02 10:56:05,519 [ERROR] LogOutputStream:75 - [STDERR_REDIRECT] 
2026-10-02 10:56:05,551 [ERROR] LogOutputStream:75 - [STDERR_REDIRECT] [Fatal Error] :1:1: Premature end of file.
2026-10-02 10:56:05,551 [ERROR] LogOutputStream:75 - [STDERR_REDIRECT] 
2026-10-02 10:56:05,585 [ERROR] LogOutputStream:75 - [STDERR_REDIRECT] [Fatal Error] :1:1: Premature end of file.
2026-10-02 10:56:05,585 [ERROR] LogOutputStream:75 - [STDERR_REDIRECT] 
2026-10-02 10:56:05,614 [ERROR] LogOutputStream:75 - [STDERR_REDIRECT] [Fatal Error] :1:1: Premature end of file.
2026-10-02 10:56:05,615 [ERROR] LogOutputStream:75 - [STDERR_REDIRECT] 
2026-10-02 10:56:05,638 [ERROR] LogOutputStream:75 - [STDERR_REDIRECT] [Fatal Error] :1:1: Premature end of file.
2026-10-02 10:56:05,638 [ERROR] LogOutputStream:75 - [STDERR_REDIRECT] 
2026-10-02 10:56:05,665 [ERROR] LogOutputStream:75 - [STDERR_REDIRECT] [Fatal Error] :1:1: Premature end of file.
2026-10-02 10:56:05,665 [ERROR] LogOutputStream:75 - [STDERR_REDIRECT] 
2026-10-02 10:56:05,692 [ERROR] LogOutputStream:75 - [STDERR_REDIRECT] [Fatal Error] :1:1: Premature end of file.
2026-10-02 10:56:05,692 [ERROR] LogOutputStream:75 - [STDERR_REDIRECT] 
2026-10-02 10:56:05,716 [ERROR] LogOutputStream:75 - [STDERR_REDIRECT] [Fatal Error] :1:1: Premature end of file.
2026-10-02 10:56:05,716 [ERROR] LogOutputStream:75 - [STDERR_REDIRECT] 
2026-10-02 10:56:05,744 [ERROR] LogOutputStream:75 - [STDERR_REDIRECT] [Fatal Error] :1:1: Premature end of file.
2026-10-02 10:56:05,744 [ERROR] LogOutputStream:75 - [STDERR_REDIRECT] 
2026-10-02 10:56:05,770 [ERROR] LogOutputStream:75 - [STDERR_REDIRECT] [Fatal Error] :1:1: Premature end of file.
2026-10-02 10:56:05,770 [ERROR] LogOutputStream:75 - [STDERR_REDIRECT] 
2026-10-02 10:56:05,795 [ERROR] LogOutputStream:75 - [STDERR_REDIRECT] [Fatal Error] :1:1: Premature end of file.
2026-10-02 10:56:05,795 [ERROR] LogOutputStream:75 - [STDERR_REDIRECT] 
2026-10-02 10:56:05,827 [ERROR] LogOutputStream:75 - [STDERR_REDIRECT] [Fatal Error] :1:1: Premature end of file.
2026-10-02 10:56:05,827 [ERROR] LogOutputStream:75 - [STDERR_REDIRECT] 
2026-10-02 10:56:05,852 [ERROR] LogOutputStream:75 - [STDERR_REDIRECT] [Fatal Error] :1:1: Premature end of file.
2026-10-02 10:56:05,852 [ERROR] LogOutputStream:75 - [STDERR_REDIRECT] 
2026-10-02 10:56:05,877 [ERROR] LogOutputStream:75 - [STDERR_REDIRECT] [Fatal Error] :1:1: Premature end of file.
2026-10-02 10:56:05,877 [ERROR] LogOutputStream:75 - [STDERR_REDIRECT] 
2026-10-02 10:56:05,910 [ERROR] LogOutputStream:75 - [STDERR_REDIRECT] [Fatal Error] :1:1: Premature end of file.
2026-10-02 10:56:05,910 [ERROR] LogOutputStream:75 - [STDERR_REDIRECT] 
2026-10-02 10:56:05,941 [ERROR] LogOutputStream:75 - [STDERR_REDIRECT] [Fatal Error] :1:1: Premature end of file.
2026-10-02 10:56:05,941 [ERROR] LogOutputStream:75 - [STDERR_REDIRECT] 
2026-10-02 10:56:05,970 [ERROR] LogOutputStream:75 - [STDERR_REDIRECT] [Fatal Error] :1:1: Premature end of file.
2026-10-02 10:56:05,970 [ERROR] LogOutputStream:75 - [STDERR_REDIRECT] 
2026-10-02 10:56:06,000 [ERROR] LogOutputStream:75 - [STDERR_REDIRECT] [Fatal Error] :1:1: Premature end of file.
2026-10-02 10:56:06,000 [ERROR] LogOutputStream:75 - [STDERR_REDIRECT] 
2026-10-02 10:56:06,029 [ERROR] LogOutputStream:75 - [STDERR_REDIRECT] [Fatal Error] :1:1: Premature end of file.
2026-10-02 10:56:06,029 [ERROR] LogOutputStream:75 - [STDERR_REDIRECT] 
2026-10-02 10:56:06,052 [ERROR] LogOutputStream:75 - [STDERR_REDIRECT] [Fatal Error] :1:1: Premature end of file.
2026-10-02 10:56:06,052 [ERROR] LogOutputStream:75 - [STDERR_REDIRECT] 
2026-10-02 10:56:06,079 [ERROR] LogOutputStream:75 - [STDERR_REDIRECT] [Fatal Error] :1:1: Premature end of file.
2026-10-02 10:56:06,079 [ERROR] LogOutputStream:75 - [STDERR_REDIRECT] 
2026-10-02 10:56:06,105 [ERROR] LogOutputStream:75 - [STDERR_REDIRECT] [Fatal Error] :1:1: Premature end of file.
2026-10-02 10:56:06,105 [ERROR] LogOutputStream:75 - [STDERR_REDIRECT] 
2026-10-02 10:56:06,131 [ERROR] LogOutputStream:75 - [STDERR_REDIRECT] [Fatal Error] :1:1: Premature end of file.
2026-10-02 10:56:06,131 [ERROR] LogOutputStream:75 - [STDERR_REDIRECT] 
2026-10-02 10:56:06,158 [ERROR] LogOutputStream:75 - [STDERR_REDIRECT] [Fatal Error] :1:1: Premature end of file.
2026-10-02 10:56:06,158 [ERROR] LogOutputStream:75 - [STDERR_REDIRECT] 
2026-10-02 10:56:06,181 [ERROR] LogOutputStream:75 - [STDERR_REDIRECT] [Fatal Error] :1:1: Premature end of file.
2026-10-02 10:56:06,181 [ERROR] LogOutputStream:75 - [STDERR_REDIRECT] 
2026-10-02 10:56:06,212 [ERROR] LogOutputStream:75 - [STDERR_REDIRECT] [Fatal Error] :1:1: Premature end of file.
2026-10-02 10:56:06,212 [ERROR] LogOutputStream:75 - [STDERR_REDIRECT] 
2026-10-02 10:56:06,237 [ERROR] LogOutputStream:75 - [STDERR_REDIRECT] [Fatal Error] :1:1: Premature end of file.
2026-10-02 10:56:06,237 [ERROR] LogOutputStream:75 - [STDERR_REDIRECT] 
2026-10-02 10:56:06,266 [ERROR] LogOutputStream:75 - [STDERR_REDIRECT] [Fatal Error] :1:1: Premature end of file.
2026-10-02 10:56:06,266 [ERROR] LogOutputStream:75 - [STDERR_REDIRECT] 
2026-10-02 10:56:06,298 [ERROR] LogOutputStream:75 - [STDERR_REDIRECT] [Fatal Error] :1:1: Premature end of file.
2026-10-02 10:56:06,298 [ERROR] LogOutputStream:75 - [STDERR_REDIRECT] 
2026-10-02 10:56:06,328 [ERROR] LogOutputStream:75 - [STDERR_REDIRECT] [Fatal Error] :1:1: Premature end of file.
2026-10-02 10:56:06,328 [ERROR] LogOutputStream:75 - [STDERR_REDIRECT] 
2026-10-02 10:56:06,360 [ERROR] LogOutputStream:75 - [STDERR_REDIRECT] [Fatal Error] :1:1: Premature end of file.
2026-10-02 10:56:06,360 [ERROR] LogOutputStream:75 - [STDERR_REDIRECT] 
2026-10-02 10:56:06,389 [ERROR] LogOutputStream:75 - [STDERR_REDIRECT] [Fatal Error] :1:1: Premature end of file.
2026-10-02 10:56:06,389 [ERROR] LogOutputStream:75 - [STDERR_REDIRECT] 
2026-10-02 10:56:06,422 [ERROR] LogOutputStream:75 - [STDERR_REDIRECT] [Fatal Error] :1:1: Premature end of file.
2026-10-02 10:56:06,422 [ERROR] LogOutputStream:75 - [STDERR_REDIRECT] 
2026-10-02 10:56:06,443 [ERROR] LogOutputStream:75 - [STDERR_REDIRECT] [Fatal Error] :1:1: Premature end of file.
2026-10-02 10:56:06,443 [ERROR] LogOutputStream:75 - [STDERR_REDIRECT] 
2026-10-02 10:56:06,479 [ERROR] LogOutputStream:75 - [STDERR_REDIRECT] [Fatal Error] :1:1: Premature end of file.
2026-10-02 10:56:06,479 [ERROR] LogOutputStream:75 - [STDERR_REDIRECT] 
2026-10-02 10:56:06,509 [ERROR] LogOutputStream:75 - [STDERR_REDIRECT] [Fatal Error] :1:1: Premature end of file.
2026-10-02 10:56:06,509 [ERROR] LogOutputStream:75 - [STDERR_REDIRECT] 
2026-10-02 10:56:06,535 [ERROR] LogOutputStream:75 - [STDERR_REDIRECT] [Fatal Error] :1:1: Premature end of file.
2026-10-02 10:56:06,535 [ERROR] LogOutputStream:75 - [STDERR_REDIRECT] 
2026-10-02 10:56:06,563 [ERROR] LogOutputStream:75 - [STDERR_REDIRECT] [Fatal Error] :1:1: Premature end of file.
2026-10-02 10:56:06,563 [ERROR] LogOutputStream:75 - [STDERR_REDIRECT] 
2026-10-02 10:56:06,595 [ERROR] LogOutputStream:75 - [STDERR_REDIRECT] [Fatal Error] :1:1: Premature end of file.
2026-10-02 10:56:06,595 [ERROR] LogOutputStream:75 - [STDERR_REDIRECT] 
2026-10-02 10:56:06,620 [ERROR] LogOutputStream:75 - [STDERR_REDIRECT] [Fatal Error] :1:1: Premature end of file.
2026-10-02 10:56:06,620 [ERROR] LogOutputStream:75 - [STDERR_REDIRECT] 
2026-10-02 10:56:06,647 [ERROR] LogOutputStream:75 - [STDERR_REDIRECT] [Fatal Error] :1:1: Premature end of file.
2026-10-02 10:56:06,647 [ERROR] LogOutputStream:75 - [STDERR_REDIRECT] 
2026-10-02 10:56:06,667 [ERROR] LogOutputStream:75 - [STDERR_REDIRECT] [Fatal Error] :1:1: Premature end of file.
2026-10-02 10:56:06,667 [ERROR] LogOutputStream:75 - [STDERR_REDIRECT] 
2026-10-02 10:56:06,698 [ERROR] LogOutputStream:75 - [STDERR_REDIRECT] [Fatal Error] :1:1: Premature end of file.
2026-10-02 10:56:06,698 [ERROR] LogOutputStream:75 - [STDERR_REDIRECT] 
2026-10-02 10:56:06,726 [ERROR] LogOutputStream:75 - [STDERR_REDIRECT] [Fatal Error] :1:1: Premature end of file.
2026-10-02 10:56:06,726 [ERROR] LogOutputStream:75 - [STDERR_REDIRECT] 
2026-10-02 10:56:06,753 [ERROR] LogOutputStream:75 - [STDERR_REDIRECT] [Fatal Error] :1:1: Premature end of file.
2026-10-02 10:56:06,753 [ERROR] LogOutputStream:75 - [STDERR_REDIRECT] 
2026-10-02 10:56:06,779 [ERROR] LogOutputStream:75 - [STDERR_REDIRECT] [Fatal Error] :1:1: Premature end of file.
2026-10-02 10:56:06,779 [ERROR] LogOutputStream:75 - [STDERR_REDIRECT] 
2026-10-02 10:56:06,820 [ERROR] LogOutputStream:75 - [STDERR_REDIRECT] [Fatal Error] :1:1: Premature end of file.
2026-10-02 10:56:06,820 [ERROR] LogOutputStream:75 - [STDERR_REDIRECT] 
2026-10-02 10:56:06,841 [ERROR] LogOutputStream:75 - [STDERR_REDIRECT] [Fatal Error] :1:1: Premature end of file.
2026-10-02 10:56:06,841 [ERROR] LogOutputStream:75 - [STDERR_REDIRECT] 
2026-10-02 10:56:06,875 [ERROR] LogOutputStream:75 - [STDERR_REDIRECT] [Fatal Error] :1:1: Premature end of file.
2026-10-02 10:56:06,875 [ERROR] LogOutputStream:75 - [STDERR_REDIRECT] 
2026-10-02 10:56:06,902 [ERROR] LogOutputStream:75 - [STDERR_REDIRECT] [Fatal Error] :1:1: Premature end of file.
2026-10-02 10:56:06,902 [ERROR] LogOutputStream:75 - [STDERR_REDIRECT] 
2026-10-02 10:56:06,930 [ERROR] LogOutputStream:75 - [STDERR_REDIRECT] [Fatal Error] :1:1: Premature end of file.
2026-10-02 10:56:06,930 [ERROR] LogOutputStream:75 - [STDERR_REDIRECT] 
2026-10-02 10:56:06,961 [ERROR] LogOutputStream:75 - [STDERR_REDIRECT] [Fatal Error] :1:1: Premature end of file.
2026-10-02 10:56:06,961 [ERROR] LogOutputStream:75 - [STDERR_REDIRECT] 
2026-10-02 10:56:06,991 [ERROR] LogOutputStream:75 - [STDERR_REDIRECT] [Fatal Error] :1:1: Premature end of file.
2026-10-02 10:56:06,991 [ERROR] LogOutputStream:75 - [STDERR_REDIRECT] 
2026-10-02 10:56:07,019 [ERROR] LogOutputStream:75 - [STDERR_REDIRECT] [Fatal Error] :1:1: Premature end of file.
2026-10-02 10:56:07,019 [ERROR] LogOutputStream:75 - [STDERR_REDIRECT] 
2026-10-02 10:56:07,047 [ERROR] LogOutputStream:75 - [STDERR_REDIRECT] [Fatal Error] :1:1: Premature end of file.
2026-10-02 10:56:07,047 [ERROR] LogOutputStream:75 - [STDERR_REDIRECT] 
2026-10-02 10:56:07,071 [ERROR] LogOutputStream:75 - [STDERR_REDIRECT] [Fatal Error] :1:1: Premature end of file.
2026-10-02 10:56:07,071 [ERROR] LogOutputStream:75 - [STDERR_REDIRECT] 
2026-10-02 10:56:07,093 [ERROR] LogOutputStream:75 - [STDERR_REDIRECT] [Fatal Error] :1:1: Premature end of file.
2026-10-02 10:56:07,093 [ERROR] LogOutputStream:75 - [STDERR_REDIRECT] 
2026-10-02 10:56:07,127 [ERROR] LogOutputStream:75 - [STDERR_REDIRECT] [Fatal Error] :1:1: Premature end of file.
2026-10-02 10:56:07,127 [ERROR] LogOutputStream:75 - [STDERR_REDIRECT] 
2026-10-02 10:56:07,153 [ERROR] LogOutputStream:75 - [STDERR_REDIRECT] [Fatal Error] :1:1: Premature end of file.
2026-10-02 10:56:07,153 [ERROR] LogOutputStream:75 - [STDERR_REDIRECT] 
2026-10-02 10:56:07,176 [ERROR] LogOutputStream:75 - [STDERR_REDIRECT] [Fatal Error] :1:1: Premature end of file.
2026-10-02 10:56:07,176 [ERROR] LogOutputStream:75 - [STDERR_REDIRECT] 
2026-10-02 10:56:07,226 [ERROR] LogOutputStream:75 - [STDERR_REDIRECT] [Fatal Error] :1:1: Premature end of file.
2026-10-02 10:56:07,226 [ERROR] LogOutputStream:75 - [STDERR_REDIRECT] 
2026-10-02 10:56:07,253 [ERROR] LogOutputStream:75 - [STDERR_REDIRECT] [Fatal Error] :1:1: Premature end of file.
2026-10-02 10:56:07,253 [ERROR] LogOutputStream:75 - [STDERR_REDIRECT] 
2026-10-02 10:56:07,280 [ERROR] LogOutputStream:75 - [STDERR_REDIRECT] [Fatal Error] :1:1: Premature end of file.
2026-10-02 10:56:07,280 [ERROR] LogOutputStream:75 - [STDERR_REDIRECT] 
2026-10-02 10:56:07,306 [ERROR] LogOutputStream:75 - [STDERR_REDIRECT] [Fatal Error] :1:1: Premature end of file.
2026-10-02 10:56:07,306 [ERROR] LogOutputStream:75 - [STDERR_REDIRECT] 
2026-10-02 10:56:07,331 [ERROR] LogOutputStream:75 - [STDERR_REDIRECT] [Fatal Error] :1:1: Premature end of file.
2026-10-02 10:56:07,331 [ERROR] LogOutputStream:75 - [STDERR_REDIRECT] 
2026-10-02 10:56:07,353 [ERROR] LogOutputStream:75 - [STDERR_REDIRECT] [Fatal Error] :1:1: Premature end of file.
2026-10-02 10:56:07,353 [ERROR] LogOutputStream:75 - [STDERR_REDIRECT] 
2026-10-02 10:56:07,380 [ERROR] LogOutputStream:75 - [STDERR_REDIRECT] [Fatal Error] :1:1: Premature end of file.
2026-10-02 10:56:07,380 [ERROR] LogOutputStream:75 - [STDERR_REDIRECT] 
2026-10-02 10:56:07,472 [ERROR] LogOutputStream:75 - [STDERR_REDIRECT] [Fatal Error] :1:1: Premature end of file.
2026-10-02 10:56:07,472 [ERROR] LogOutputStream:75 - [STDERR_REDIRECT] 
2026-10-02 10:56:07,497 [ERROR] LogOutputStream:75 - [STDERR_REDIRECT] [Fatal Error] :1:1: Premature end of file.
2026-10-02 10:56:07,497 [ERROR] LogOutputStream:75 - [STDERR_REDIRECT] 
2026-10-02 10:56:07,559 [ERROR] LogOutputStream:75 - [STDERR_REDIRECT] [Fatal Error] :1:1: Premature end of file.
2026-10-02 10:56:07,560 [ERROR] LogOutputStream:75 - [STDERR_REDIRECT] 
2026-10-02 10:56:07,597 [ERROR] LogOutputStream:75 - [STDERR_REDIRECT] [Fatal Error] :1:1: Premature end of file.
2026-10-02 10:56:07,597 [ERROR] LogOutputStream:75 - [STDERR_REDIRECT] 
2026-10-02 10:56:07,622 [ERROR] LogOutputStream:75 - [STDERR_REDIRECT] [Fatal Error] :1:1: Premature end of file.
2026-10-02 10:56:07,622 [ERROR] LogOutputStream:75 - [STDERR_REDIRECT] 
2026-10-02 10:56:07,646 [ERROR] LogOutputStream:75 - [STDERR_REDIRECT] [Fatal Error] :1:1: Premature end of file.
2026-10-02 10:56:07,646 [ERROR] LogOutputStream:75 - [STDERR_REDIRECT] 
2026-10-02 10:56:07,672 [ERROR] LogOutputStream:75 - [STDERR_REDIRECT] [Fatal Error] :1:1: Premature end of file.
2026-10-02 10:56:07,672 [ERROR] LogOutputStream:75 - [STDERR_REDIRECT] 
2026-10-02 10:56:07,696 [ERROR] LogOutputStream:75 - [STDERR_REDIRECT] [Fatal Error] :1:1: Premature end of file.
2026-10-02 10:56:07,696 [ERROR] LogOutputStream:75 - [STDERR_REDIRECT] 
2026-10-02 10:56:07,720 [ERROR] LogOutputStream:75 - [STDERR_REDIRECT] [Fatal Error] :1:1: Premature end of file.
2026-10-02 10:56:07,721 [ERROR] LogOutputStream:75 - [STDERR_REDIRECT] 
2026-10-02 10:56:07,745 [ERROR] LogOutputStream:75 - [STDERR_REDIRECT] [Fatal Error] :1:1: Premature end of file.
2026-10-02 10:56:07,745 [ERROR] LogOutputStream:75 - [STDERR_REDIRECT] 
2026-10-02 10:56:07,768 [ERROR] LogOutputStream:75 - [STDERR_REDIRECT] [Fatal Error] :1:1: Premature end of file.
2026-10-02 10:56:07,768 [ERROR] LogOutputStream:75 - [STDERR_REDIRECT] 
2026-10-02 10:56:07,793 [ERROR] LogOutputStream:75 - [STDERR_REDIRECT] [Fatal Error] :1:1: Premature end of file.
2026-10-02 10:56:07,793 [ERROR] LogOutputStream:75 - [STDERR_REDIRECT] 
2026-10-02 10:56:07,818 [ERROR] LogOutputStream:75 - [STDERR_REDIRECT] [Fatal Error] :1:1: Premature end of file.
2026-10-02 10:56:07,818 [ERROR] LogOutputStream:75 - [STDERR_REDIRECT] 
2026-10-02 10:56:07,842 [ERROR] LogOutputStream:75 - [STDERR_REDIRECT] [Fatal Error] :1:1: Premature end of file.
2026-10-02 10:56:07,842 [ERROR] LogOutputStream:75 - [STDERR_REDIRECT] 
2026-10-02 10:56:07,866 [ERROR] LogOutputStream:75 - [STDERR_REDIRECT] [Fatal Error] :1:1: Premature end of file.
2026-10-02 10:56:07,866 [ERROR] LogOutputStream:75 - [STDERR_REDIRECT] 
2026-10-02 10:56:07,890 [ERROR] LogOutputStream:75 - [STDERR_REDIRECT] [Fatal Error] :1:1: Premature end of file.
2026-10-02 10:56:07,890 [ERROR] LogOutputStream:75 - [STDERR_REDIRECT] 
2026-10-02 10:56:07,915 [ERROR] LogOutputStream:75 - [STDERR_REDIRECT] [Fatal Error] :1:1: Premature end of file.
2026-10-02 10:56:07,915 [ERROR] LogOutputStream:75 - [STDERR_REDIRECT] 
2026-10-02 10:56:07,938 [ERROR] LogOutputStream:75 - [STDERR_REDIRECT] [Fatal Error] :1:1: Premature end of file.
2026-10-02 10:56:07,938 [ERROR] LogOutputStream:75 - [STDERR_REDIRECT] 
2026-10-02 10:56:07,963 [ERROR] LogOutputStream:75 - [STDERR_REDIRECT] [Fatal Error] :1:1: Premature end of file.
2026-10-02 10:56:07,963 [ERROR] LogOutputStream:75 - [STDERR_REDIRECT] 
2026-10-02 10:56:07,986 [ERROR] LogOutputStream:75 - [STDERR_REDIRECT] [Fatal Error] :1:1: Premature end of file.
2026-10-02 10:56:07,986 [ERROR] LogOutputStream:75 - [STDERR_REDIRECT] 
2026-10-02 10:56:08,011 [ERROR] LogOutputStream:75 - [STDERR_REDIRECT] [Fatal Error] :1:1: Premature end of file.
2026-10-02 10:56:08,011 [ERROR] LogOutputStream:75 - [STDERR_REDIRECT] 
2026-10-02 10:56:08,065 [ERROR] LogOutputStream:75 - [STDERR_REDIRECT] [Fatal Error] :1:1: Premature end of file.
2026-10-02 10:56:08,065 [ERROR] LogOutputStream:75 - [STDERR_REDIRECT] 
2026-10-02 10:56:08,090 [ERROR] LogOutputStream:75 - [STDERR_REDIRECT] [Fatal Error] :1:1: Premature end of file.
2026-10-02 10:56:08,090 [ERROR] LogOutputStream:75 - [STDERR_REDIRECT] 
2026-10-02 10:56:08,141 [ERROR] LogOutputStream:75 - [STDERR_REDIRECT] [Fatal Error] :1:1: Premature end of file.
2026-10-02 10:56:08,141 [ERROR] LogOutputStream:75 - [STDERR_REDIRECT] 
2026-10-02 10:56:08,172 [ERROR] LogOutputStream:75 - [STDERR_REDIRECT] [Fatal Error] :1:1: Premature end of file.
2026-10-02 10:56:08,172 [ERROR] LogOutputStream:75 - [STDERR_REDIRECT] 
2026-10-02 10:56:08,228 [ERROR] LogOutputStream:75 - [STDERR_REDIRECT] [Fatal Error] :1:1: Premature end of file.
2026-10-02 10:56:08,228 [ERROR] LogOutputStream:75 - [STDERR_REDIRECT] 
2026-10-02 10:56:08,252 [ERROR] LogOutputStream:75 - [STDERR_REDIRECT] [Fatal Error] :1:1: Premature end of file.
2026-10-02 10:56:08,252 [ERROR] LogOutputStream:75 - [STDERR_REDIRECT] 
2026-10-02 10:56:08,276 [ERROR] LogOutputStream:75 - [STDERR_REDIRECT] [Fatal Error] :1:1: Premature end of file.
2026-10-02 10:56:08,276 [ERROR] LogOutputStream:75 - [STDERR_REDIRECT] 
2026-10-02 10:56:08,296 [ERROR] LogOutputStream:75 - [STDERR_REDIRECT] [Fatal Error] :1:1: Premature end of file.
2026-10-02 10:56:08,296 [ERROR] LogOutputStream:75 - [STDERR_REDIRECT] 
2026-10-02 10:56:08,328 [ERROR] LogOutputStream:75 - [STDERR_REDIRECT] [Fatal Error] :1:1: Premature end of file.
2026-10-02 10:56:08,328 [ERROR] LogOutputStream:75 - [STDERR_REDIRECT] 
2026-10-02 10:56:08,376 [ERROR] LogOutputStream:75 - [STDERR_REDIRECT] [Fatal Error] :1:1: Premature end of file.
2026-10-02 10:56:08,376 [ERROR] LogOutputStream:75 - [STDERR_REDIRECT] 
2026-10-02 10:56:08,431 [ERROR] LogOutputStream:75 - [STDERR_REDIRECT] [Fatal Error] :1:1: Premature end of file.
2026-10-02 10:56:08,431 [ERROR] LogOutputStream:75 - [STDERR_REDIRECT] 
2026-10-02 10:56:08,483 [ERROR] LogOutputStream:75 - [STDERR_REDIRECT] [Fatal Error] :1:1: Premature end of file.
2026-10-02 10:56:08,483 [ERROR] LogOutputStream:75 - [STDERR_REDIRECT] 
2026-10-02 10:56:08,517 [ERROR] LogOutputStream:75 - [STDERR_REDIRECT] [Fatal Error] :1:1: Premature end of file.
2026-10-02 10:56:08,517 [ERROR] LogOutputStream:75 - [STDERR_REDIRECT] 
2026-10-02 10:56:08,545 [ERROR] LogOutputStream:75 - [STDERR_REDIRECT] [Fatal Error] :1:1: Premature end of file.
2026-10-02 10:56:08,545 [ERROR] LogOutputStream:75 - [STDERR_REDIRECT] 
2026-10-02 10:56:08,572 [ERROR] LogOutputStream:75 - [STDERR_REDIRECT] [Fatal Error] :1:1: Premature end of file.
2026-10-02 10:56:08,572 [ERROR] LogOutputStream:75 - [STDERR_REDIRECT] 
2026-10-02 10:56:08,599 [ERROR] LogOutputStream:75 - [STDERR_REDIRECT] [Fatal Error] :1:1: Premature end of file.
2026-10-02 10:56:08,599 [ERROR] LogOutputStream:75 - [STDERR_REDIRECT] 
2026-10-02 10:56:08,631 [ERROR] LogOutputStream:75 - [STDERR_REDIRECT] [Fatal Error] :1:1: Premature end of file.
2026-10-02 10:56:08,631 [ERROR] LogOutputStream:75 - [STDERR_REDIRECT] 
2026-10-02 10:56:08,667 [ERROR] LogOutputStream:75 - [STDERR_REDIRECT] [Fatal Error] :1:1: Premature end of file.
2026-10-02 10:56:08,679 [ERROR] LogOutputStream:75 - [STDERR_REDIRECT] 
2026-10-02 10:56:08,751 [ERROR] LogOutputStream:75 - [STDERR_REDIRECT] [Fatal Error] :1:1: Premature end of file.
2026-10-02 10:56:08,754 [ERROR] LogOutputStream:75 - [STDERR_REDIRECT] 
2026-10-02 10:56:08,803 [ERROR] LogOutputStream:75 - [STDERR_REDIRECT] [Fatal Error] :1:1: Premature end of file.
2026-10-02 10:56:08,803 [ERROR] LogOutputStream:75 - [STDERR_REDIRECT] 
2026-10-02 10:56:08,832 [ERROR] LogOutputStream:75 - [STDERR_REDIRECT] [Fatal Error] :1:1: Premature end of file.
2026-10-02 10:56:08,832 [ERROR] LogOutputStream:75 - [STDERR_REDIRECT] 
2026-10-02 10:56:08,857 [ERROR] LogOutputStream:75 - [STDERR_REDIRECT] [Fatal Error] :1:1: Premature end of file.
2026-10-02 10:56:08,857 [ERROR] LogOutputStream:75 - [STDERR_REDIRECT] 
2026-10-02 10:56:08,881 [ERROR] LogOutputStream:75 - [STDERR_REDIRECT] [Fatal Error] :1:1: Premature end of file.
2026-10-02 10:56:08,881 [ERROR] LogOutputStream:75 - [STDERR_REDIRECT] 
2026-10-02 10:56:08,939 [ERROR] LogOutputStream:75 - [STDERR_REDIRECT] [Fatal Error] :1:1: Premature end of file.
2026-10-02 10:56:08,939 [ERROR] LogOutputStream:75 - [STDERR_REDIRECT] 
2026-10-02 10:56:08,971 [ERROR] LogOutputStream:75 - [STDERR_REDIRECT] [Fatal Error] :1:1: Premature end of file.
2026-10-02 10:56:08,971 [ERROR] LogOutputStream:75 - [STDERR_REDIRECT] 
2026-10-02 10:56:09,003 [ERROR] LogOutputStream:75 - [STDERR_REDIRECT] [Fatal Error] :1:1: Premature end of file.
2026-10-02 10:56:09,003 [ERROR] LogOutputStream:75 - [STDERR_REDIRECT] 
2026-10-02 10:56:09,023 [ERROR] LogOutputStream:75 - [STDERR_REDIRECT] [Fatal Error] :1:1: Premature end of file.
2026-10-02 10:56:09,023 [ERROR] LogOutputStream:75 - [STDERR_REDIRECT] 
2026-10-02 10:56:09,049 [ERROR] LogOutputStream:75 - [STDERR_REDIRECT] [Fatal Error] :1:1: Premature end of file.
2026-10-02 10:56:09,049 [ERROR] LogOutputStream:75 - [STDERR_REDIRECT] 
2026-10-02 10:56:09,072 [ERROR] LogOutputStream:75 - [STDERR_REDIRECT] [Fatal Error] :1:1: Premature end of file.
2026-10-02 10:56:09,072 [ERROR] LogOutputStream:75 - [STDERR_REDIRECT] 
2026-10-02 10:56:09,097 [ERROR] LogOutputStream:75 - [STDERR_REDIRECT] [Fatal Error] :1:1: Premature end of file.
2026-10-02 10:56:09,097 [ERROR] LogOutputStream:75 - [STDERR_REDIRECT] 
2026-10-02 10:56:09,127 [ERROR] LogOutputStream:75 - [STDERR_REDIRECT] [Fatal Error] :1:1: Premature end of file.
2026-10-02 10:56:09,127 [ERROR] LogOutputStream:75 - [STDERR_REDIRECT] 
2026-10-02 10:56:09,144 [ERROR] LogOutputStream:75 - [STDERR_REDIRECT] [Fatal Error] :1:1: Premature end of file.
2026-10-02 10:56:09,144 [ERROR] LogOutputStream:75 - [STDERR_REDIRECT] 
2026-10-02 10:56:09,191 [ERROR] LogOutputStream:75 - [STDERR_REDIRECT] [Fatal Error] :1:1: Premature end of file.
2026-10-02 10:56:09,191 [ERROR] LogOutputStream:75 - [STDERR_REDIRECT] 
2026-10-02 10:56:09,223 [ERROR] LogOutputStream:75 - [STDERR_REDIRECT] [Fatal Error] :1:1: Premature end of file.
2026-10-02 10:56:09,223 [ERROR] LogOutputStream:75 - [STDERR_REDIRECT] 
2026-10-02 10:56:09,270 [ERROR] LogOutputStream:75 - [STDERR_REDIRECT] [Fatal Error] :1:1: Premature end of file.
2026-10-02 10:56:09,270 [ERROR] LogOutputStream:75 - [STDERR_REDIRECT] 
2026-10-02 10:56:09,299 [ERROR] LogOutputStream:75 - [STDERR_REDIRECT] [Fatal Error] :1:1: Premature end of file.
2026-10-02 10:56:09,299 [ERROR] LogOutputStream:75 - [STDERR_REDIRECT] 
2026-10-02 10:56:09,317 [ERROR] LogOutputStream:75 - [STDERR_REDIRECT] [Fatal Error] :1:1: Premature end of file.
2026-10-02 10:56:09,317 [ERROR] LogOutputStream:75 - [STDERR_REDIRECT] 
2026-10-02 10:56:09,341 [ERROR] LogOutputStream:75 - [STDERR_REDIRECT] [Fatal Error] :1:1: Premature end of file.
2026-10-02 10:56:09,341 [ERROR] LogOutputStream:75 - [STDERR_REDIRECT] 
2026-10-02 10:56:09,380 [ERROR] LogOutputStream:75 - [STDERR_REDIRECT] [Fatal Error] :1:1: Premature end of file.
2026-10-02 10:56:09,380 [ERROR] LogOutputStream:75 - [STDERR_REDIRECT] 
2026-10-02 10:56:09,408 [ERROR] LogOutputStream:75 - [STDERR_REDIRECT] [Fatal Error] :1:1: Premature end of file.
2026-10-02 10:56:09,408 [ERROR] LogOutputStream:75 - [STDERR_REDIRECT] 
2026-10-02 10:56:09,430 [ERROR] LogOutputStream:75 - [STDERR_REDIRECT] [Fatal Error] :1:1: Premature end of file.
2026-10-02 10:56:09,430 [ERROR] LogOutputStream:75 - [STDERR_REDIRECT] 
2026-10-02 10:56:09,512 [ERROR] LogOutputStream:75 - [STDERR_REDIRECT] [Fatal Error] :1:1: Premature end of file.
2026-10-02 10:56:09,512 [ERROR] LogOutputStream:75 - [STDERR_REDIRECT] 
2026-10-02 10:56:09,585 [ERROR] LogOutputStream:75 - [STDERR_REDIRECT] [Fatal Error] :1:1: Premature end of file.
2026-10-02 10:56:09,585 [ERROR] LogOutputStream:75 - [STDERR_REDIRECT] 
2026-10-02 10:56:09,610 [ERROR] LogOutputStream:75 - [STDERR_REDIRECT] [Fatal Error] :1:1: Premature end of file.
2026-10-02 10:56:09,610 [ERROR] LogOutputStream:75 - [STDERR_REDIRECT] 
2026-10-02 10:56:09,627 [ERROR] LogOutputStream:75 - [STDERR_REDIRECT] [Fatal Error] :1:1: Premature end of file.
2026-10-02 10:56:09,627 [ERROR] LogOutputStream:75 - [STDERR_REDIRECT] 
2026-10-02 10:56:09,662 [ERROR] LogOutputStream:75 - [STDERR_REDIRECT] [Fatal Error] :1:1: Premature end of file.
2026-10-02 10:56:09,662 [ERROR] LogOutputStream:75 - [STDERR_REDIRECT] 
2026-10-02 10:56:09,691 [ERROR] LogOutputStream:75 - [STDERR_REDIRECT] [Fatal Error] :1:1: Premature end of file.
2026-10-02 10:56:09,691 [ERROR] LogOutputStream:75 - [STDERR_REDIRECT] 
2026-10-02 10:56:09,710 [ERROR] LogOutputStream:75 - [STDERR_REDIRECT] [Fatal Error] :1:1: Premature end of file.
2026-10-02 10:56:09,710 [ERROR] LogOutputStream:75 - [STDERR_REDIRECT] 
2026-10-02 10:56:09,734 [ERROR] LogOutputStream:75 - [STDERR_REDIRECT] [Fatal Error] :1:1: Premature end of file.
2026-10-02 10:56:09,734 [ERROR] LogOutputStream:75 - [STDERR_REDIRECT] 
2026-10-02 10:56:09,762 [ERROR] LogOutputStream:75 - [STDERR_REDIRECT] [Fatal Error] :1:1: Premature end of file.
2026-10-02 10:56:09,762 [ERROR] LogOutputStream:75 - [STDERR_REDIRECT] 
2026-10-02 10:56:09,796 [ERROR] LogOutputStream:75 - [STDERR_REDIRECT] [Fatal Error] :1:1: Premature end of file.
2026-10-02 10:56:09,796 [ERROR] LogOutputStream:75 - [STDERR_REDIRECT] 
2026-10-02 10:56:09,821 [ERROR] LogOutputStream:75 - [STDERR_REDIRECT] [Fatal Error] :1:1: Premature end of file.
2026-10-02 10:56:09,821 [ERROR] LogOutputStream:75 - [STDERR_REDIRECT] 
2026-10-02 10:56:09,843 [ERROR] LogOutputStream:75 - [STDERR_REDIRECT] [Fatal Error] :1:1: Premature end of file.
2026-10-02 10:56:09,843 [ERROR] LogOutputStream:75 - [STDERR_REDIRECT] 
2026-10-02 10:56:09,859 [ERROR] LogOutputStream:75 - [STDERR_REDIRECT] [Fatal Error] :1:1: Premature end of file.
2026-10-02 10:56:09,859 [ERROR] LogOutputStream:75 - [STDERR_REDIRECT] 
2026-10-02 10:56:09,909 [ERROR] LogOutputStream:75 - [STDERR_REDIRECT] [Fatal Error] :1:1: Premature end of file.
2026-10-02 10:56:09,909 [ERROR] LogOutputStream:75 - [STDERR_REDIRECT] 
2026-10-02 10:56:09,941 [ERROR] LogOutputStream:75 - [STDERR_REDIRECT] [Fatal Error] :1:1: Premature end of file.
2026-10-02 10:56:09,941 [ERROR] LogOutputStream:75 - [STDERR_REDIRECT] 
2026-10-02 10:56:10,069 [ERROR] LogOutputStream:75 - [STDERR_REDIRECT] [Fatal Error] :1:1: Premature end of file.
2026-10-02 10:56:10,077 [ERROR] LogOutputStream:75 - [STDERR_REDIRECT] 
2026-10-02 10:56:10,107 [ERROR] LogOutputStream:75 - [STDERR_REDIRECT] [Fatal Error] :1:1: Premature end of file.
2026-10-02 10:56:10,107 [ERROR] LogOutputStream:75 - [STDERR_REDIRECT] 
2026-10-02 10:56:10,141 [ERROR] LogOutputStream:75 - [STDERR_REDIRECT] [Fatal Error] :1:1: Premature end of file.
2026-10-02 10:56:10,141 [ERROR] LogOutputStream:75 - [STDERR_REDIRECT] 
2026-10-02 10:56:10,177 [ERROR] LogOutputStream:75 - [STDERR_REDIRECT] [Fatal Error] :1:1: Premature end of file.
2026-10-02 10:56:10,177 [ERROR] LogOutputStream:75 - [STDERR_REDIRECT] 
2026-10-02 10:56:10,207 [ERROR] LogOutputStream:75 - [STDERR_REDIRECT] [Fatal Error] :1:1: Premature end of file.
2026-10-02 10:56:10,207 [ERROR] LogOutputStream:75 - [STDERR_REDIRECT] 
2026-10-02 10:56:10,404 [ERROR] LogOutputStream:75 - [STDERR_REDIRECT] [Fatal Error] :1:1: Premature end of file.
2026-10-02 10:56:10,404 [ERROR] LogOutputStream:75 - [STDERR_REDIRECT] 
2026-10-02 10:56:10,944 [ERROR] LogOutputStream:75 - [STDERR_REDIRECT] [Fatal Error] :1:1: Premature end of file.
2026-10-02 10:56:10,944 [ERROR] LogOutputStream:75 - [STDERR_REDIRECT] 
2026-10-02 10:56:11,197 [ERROR] LogOutputStream:75 - [STDERR_REDIRECT] [Fatal Error] :1:1: Premature end of file.
2026-10-02 10:56:11,197 [ERROR] LogOutputStream:75 - [STDERR_REDIRECT] 
2026-10-02 10:56:11,230 [ERROR] LogOutputStream:75 - [STDERR_REDIRECT] [Fatal Error] :1:1: Premature end of file.
2026-10-02 10:56:11,230 [ERROR] LogOutputStream:75 - [STDERR_REDIRECT] 
2026-10-02 10:56:11,259 [ERROR] LogOutputStream:75 - [STDERR_REDIRECT] [Fatal Error] :1:1: Premature end of file.
2026-10-02 10:56:11,261 [ERROR] LogOutputStream:75 - [STDERR_REDIRECT] 
2026-10-02 10:56:11,442 [ERROR] LogOutputStream:75 - [STDERR_REDIRECT] [Fatal Error] :1:1: Premature end of file.
2026-10-02 10:56:11,442 [ERROR] LogOutputStream:75 - [STDERR_REDIRECT] 
2026-10-02 10:56:11,470 [ERROR] LogOutputStream:75 - [STDERR_REDIRECT] [Fatal Error] :1:1: Premature end of file.
2026-10-02 10:56:11,470 [ERROR] LogOutputStream:75 - [STDERR_REDIRECT] 
2026-10-02 10:56:11,532 [ERROR] LogOutputStream:75 - [STDERR_REDIRECT] [Fatal Error] :1:1: Premature end of file.
2026-10-02 10:56:11,532 [ERROR] LogOutputStream:75 - [STDERR_REDIRECT] 
2026-10-02 10:56:11,923 [ERROR] LogOutputStream:75 - [STDERR_REDIRECT] [Fatal Error] :1:1: Premature end of file.
2026-10-02 10:56:11,923 [ERROR] LogOutputStream:75 - [STDERR_REDIRECT] 
2026-10-02 10:56:12,335 [ERROR] LogOutputStream:75 - [STDERR_REDIRECT] [Fatal Error] :1:1: Premature end of file.
2026-10-02 10:56:12,335 [ERROR] LogOutputStream:75 - [STDERR_REDIRECT] 
2026-10-02 10:56:12,587 [ERROR] LogOutputStream:75 - [STDERR_REDIRECT] [Fatal Error] :1:1: Premature end of file.
2026-10-02 10:56:12,588 [ERROR] LogOutputStream:75 - [STDERR_REDIRECT] 
2026-10-02 10:56:12,729 [ERROR] LogOutputStream:75 - [STDERR_REDIRECT] [Fatal Error] :1:1: Premature end of file.
2026-10-02 10:56:12,729 [ERROR] LogOutputStream:75 - [STDERR_REDIRECT] 
2026-10-02 10:56:12,852 [ERROR] LogOutputStream:75 - [STDERR_REDIRECT] [Fatal Error] :1:1: Premature end of file.
2026-10-02 10:56:12,880 [ERROR] LogOutputStream:75 - [STDERR_REDIRECT] 
2026-10-02 10:56:13,156 [ERROR] LogOutputStream:75 - [STDERR_REDIRECT] [Fatal Error] :1:1: Premature end of file.
2026-10-02 10:56:13,157 [ERROR] LogOutputStream:75 - [STDERR_REDIRECT] 
2026-10-02 10:56:13,188 [ERROR] LogOutputStream:75 - [STDERR_REDIRECT] [Fatal Error] :1:1: Premature end of file.
2026-10-02 10:56:13,188 [ERROR] LogOutputStream:75 - [STDERR_REDIRECT] 
2026-10-02 10:56:13,215 [ERROR] LogOutputStream:75 - [STDERR_REDIRECT] [Fatal Error] :1:1: Premature end of file.
2026-10-02 10:56:13,215 [ERROR] LogOutputStream:75 - [STDERR_REDIRECT] 
2026-10-02 10:56:13,241 [ERROR] LogOutputStream:75 - [STDERR_REDIRECT] [Fatal Error] :1:1: Premature end of file.
2026-10-02 10:56:13,241 [ERROR] LogOutputStream:75 - [STDERR_REDIRECT] 
2026-10-02 10:56:13,316 [ERROR] LogOutputStream:75 - [STDERR_REDIRECT] [Fatal Error] :1:1: Premature end of file.
2026-10-02 10:56:13,316 [ERROR] LogOutputStream:75 - [STDERR_REDIRECT] 
2026-10-02 10:56:13,361 [ERROR] LogOutputStream:75 - [STDERR_REDIRECT] [Fatal Error] :1:1: Premature end of file.
2026-10-02 10:56:13,361 [ERROR] LogOutputStream:75 - [STDERR_REDIRECT] 
2026-10-02 10:56:13,441 [ERROR] LogOutputStream:75 - [STDERR_REDIRECT] [Fatal Error] :1:1: Premature end of file.
2026-10-02 10:56:13,441 [ERROR] LogOutputStream:75 - [STDERR_REDIRECT] 
2026-10-02 10:56:13,507 [ERROR] LogOutputStream:75 - [STDERR_REDIRECT] [Fatal Error] :1:1: Premature end of file.
2026-10-02 10:56:13,507 [ERROR] LogOutputStream:75 - [STDERR_REDIRECT] 
2026-10-02 10:56:13,539 [ERROR] LogOutputStream:75 - [STDERR_REDIRECT] [Fatal Error] :1:1: Premature end of file.
2026-10-02 10:56:13,539 [ERROR] LogOutputStream:75 - [STDERR_REDIRECT] 
2026-10-02 10:56:13,577 [ERROR] LogOutputStream:75 - [STDERR_REDIRECT] [Fatal Error] :1:1: Premature end of file.
2026-10-02 10:56:13,577 [ERROR] LogOutputStream:75 - [STDERR_REDIRECT] 
2026-10-02 10:56:13,633 [ERROR] LogOutputStream:75 - [STDERR_REDIRECT] [Fatal Error] :1:1: Premature end of file.
2026-10-02 10:56:13,633 [ERROR] LogOutputStream:75 - [STDERR_REDIRECT] 
2026-10-02 10:56:13,658 [ERROR] LogOutputStream:75 - [STDERR_REDIRECT] [Fatal Error] :1:1: Premature end of file.
2026-10-02 10:56:13,658 [ERROR] LogOutputStream:75 - [STDERR_REDIRECT] 
2026-10-02 10:56:13,748 [ERROR] LogOutputStream:75 - [STDERR_REDIRECT] [Fatal Error] :1:1: Premature end of file.
2026-10-02 10:56:13,748 [ERROR] LogOutputStream:75 - [STDERR_REDIRECT] 
2026-10-02 10:56:13,783 [ERROR] LogOutputStream:75 - [STDERR_REDIRECT] [Fatal Error] :1:1: Premature end of file.
2026-10-02 10:56:13,783 [ERROR] LogOutputStream:75 - [STDERR_REDIRECT] 
2026-10-02 10:56:13,804 [ERROR] LogOutputStream:75 - [STDERR_REDIRECT] [Fatal Error] :1:1: Premature end of file.
2026-10-02 10:56:13,804 [ERROR] LogOutputStream:75 - [STDERR_REDIRECT] 
2026-10-02 10:56:13,851 [ERROR] LogOutputStream:75 - [STDERR_REDIRECT] [Fatal Error] :1:1: Premature end of file.
2026-10-02 10:56:13,851 [ERROR] LogOutputStream:75 - [STDERR_REDIRECT] 
2026-10-02 10:56:13,882 [ERROR] LogOutputStream:75 - [STDERR_REDIRECT] [Fatal Error] :1:1: Premature end of file.
2026-10-02 10:56:13,882 [ERROR] LogOutputStream:75 - [STDERR_REDIRECT] 
2026-10-02 10:56:13,918 [ERROR] LogOutputStream:75 - [STDERR_REDIRECT] [Fatal Error] :1:1: Premature end of file.
2026-10-02 10:56:13,918 [ERROR] LogOutputStream:75 - [STDERR_REDIRECT] 
2026-10-02 10:56:13,974 [ERROR] LogOutputStream:75 - [STDERR_REDIRECT] [Fatal Error] :1:1: Premature end of file.
2026-10-02 10:56:13,974 [ERROR] LogOutputStream:75 - [STDERR_REDIRECT] 
2026-10-02 10:56:14,010 [ERROR] LogOutputStream:75 - [STDERR_REDIRECT] [Fatal Error] :1:1: Premature end of file.
2026-10-02 10:56:14,010 [ERROR] LogOutputStream:75 - [STDERR_REDIRECT] 
2026-10-02 10:56:14,053 [ERROR] LogOutputStream:75 - [STDERR_REDIRECT] [Fatal Error] :1:1: Premature end of file.
2026-10-02 10:56:14,053 [ERROR] LogOutputStream:75 - [STDERR_REDIRECT] 
2026-10-02 10:56:14,088 [ERROR] LogOutputStream:75 - [STDERR_REDIRECT] [Fatal Error] :1:1: Premature end of file.
2026-10-02 10:56:14,088 [ERROR] LogOutputStream:75 - [STDERR_REDIRECT] 
2026-10-02 10:56:14,125 [ERROR] LogOutputStream:75 - [STDERR_REDIRECT] [Fatal Error] :1:1: Premature end of file.
2026-10-02 10:56:14,125 [ERROR] LogOutputStream:75 - [STDERR_REDIRECT] 
2026-10-02 10:56:14,160 [ERROR] LogOutputStream:75 - [STDERR_REDIRECT] [Fatal Error] :1:1: Premature end of file.
2026-10-02 10:56:14,160 [ERROR] LogOutputStream:75 - [STDERR_REDIRECT] 
2026-10-02 10:56:14,209 [ERROR] LogOutputStream:75 - [STDERR_REDIRECT] [Fatal Error] :1:1: Premature end of file.
2026-10-02 10:56:14,209 [ERROR] LogOutputStream:75 - [STDERR_REDIRECT] 
2026-10-02 10:56:14,237 [ERROR] LogOutputStream:75 - [STDERR_REDIRECT] [Fatal Error] :1:1: Premature end of file.
2026-10-02 10:56:14,237 [ERROR] LogOutputStream:75 - [STDERR_REDIRECT] 
2026-10-02 10:56:14,263 [ERROR] LogOutputStream:75 - [STDERR_REDIRECT] [Fatal Error] :1:1: Premature end of file.
2026-10-02 10:56:14,263 [ERROR] LogOutputStream:75 - [STDERR_REDIRECT] 
2026-10-02 10:56:14,291 [ERROR] LogOutputStream:75 - [STDERR_REDIRECT] [Fatal Error] :1:1: Premature end of file.
2026-10-02 10:56:14,291 [ERROR] LogOutputStream:75 - [STDERR_REDIRECT] 
2026-10-02 10:56:14,318 [ERROR] LogOutputStream:75 - [STDERR_REDIRECT] [Fatal Error] :1:1: Premature end of file.
2026-10-02 10:56:14,318 [ERROR] LogOutputStream:75 - [STDERR_REDIRECT] 
2026-10-02 10:56:14,344 [ERROR] LogOutputStream:75 - [STDERR_REDIRECT] [Fatal Error] :1:1: Premature end of file.
2026-10-02 10:56:14,344 [ERROR] LogOutputStream:75 - [STDERR_REDIRECT] 
2026-10-02 10:56:14,370 [ERROR] LogOutputStream:75 - [STDERR_REDIRECT] [Fatal Error] :1:1: Premature end of file.
2026-10-02 10:56:14,370 [ERROR] LogOutputStream:75 - [STDERR_REDIRECT] 
2026-10-02 10:56:14,397 [ERROR] LogOutputStream:75 - [STDERR_REDIRECT] [Fatal Error] :1:1: Premature end of file.
2026-10-02 10:56:14,397 [ERROR] LogOutputStream:75 - [STDERR_REDIRECT] 
2026-10-02 10:56:14,425 [ERROR] LogOutputStream:75 - [STDERR_REDIRECT] [Fatal Error] :1:1: Premature end of file.
2026-10-02 10:56:14,425 [ERROR] LogOutputStream:75 - [STDERR_REDIRECT] 
2026-10-02 10:56:14,477 [ERROR] LogOutputStream:75 - [STDERR_REDIRECT] [Fatal Error] :1:1: Premature end of file.
2026-10-02 10:56:14,477 [ERROR] LogOutputStream:75 - [STDERR_REDIRECT] 
2026-10-02 10:56:14,588 [ERROR] LogOutputStream:75 - [STDERR_REDIRECT] [Fatal Error] :1:1: Premature end of file.
2026-10-02 10:56:14,588 [ERROR] LogOutputStream:75 - [STDERR_REDIRECT] 
2026-10-02 10:56:14,615 [ERROR] LogOutputStream:75 - [STDERR_REDIRECT] [Fatal Error] :1:1: Premature end of file.
2026-10-02 10:56:14,615 [ERROR] LogOutputStream:75 - [STDERR_REDIRECT] 
2026-10-02 10:56:14,653 [ERROR] LogOutputStream:75 - [STDERR_REDIRECT] [Fatal Error] :1:1: Premature end of file.
2026-10-02 10:56:14,653 [ERROR] LogOutputStream:75 - [STDERR_REDIRECT] 
2026-10-02 10:56:14,682 [ERROR] LogOutputStream:75 - [STDERR_REDIRECT] [Fatal Error] :1:1: Premature end of file.
2026-10-02 10:56:14,682 [ERROR] LogOutputStream:75 - [STDERR_REDIRECT] 
2026-10-02 10:56:14,716 [ERROR] LogOutputStream:75 - [STDERR_REDIRECT] [Fatal Error] :1:1: Premature end of file.
2026-10-02 10:56:14,716 [ERROR] LogOutputStream:75 - [STDERR_REDIRECT] 
2026-10-02 10:56:14,877 [ERROR] LogOutputStream:75 - [STDERR_REDIRECT] [Fatal Error] :1:1: Premature end of file.
2026-10-02 10:56:14,877 [ERROR] LogOutputStream:75 - [STDERR_REDIRECT] 
2026-10-02 10:56:14,918 [ERROR] LogOutputStream:75 - [STDERR_REDIRECT] [Fatal Error] :1:1: Premature end of file.
2026-10-02 10:56:14,918 [ERROR] LogOutputStream:75 - [STDERR_REDIRECT] 
2026-10-02 10:56:14,947 [ERROR] LogOutputStream:75 - [STDERR_REDIRECT] [Fatal Error] :1:1: Premature end of file.
2026-10-02 10:56:14,947 [ERROR] LogOutputStream:75 - [STDERR_REDIRECT] 
2026-10-02 10:56:14,975 [ERROR] LogOutputStream:75 - [STDERR_REDIRECT] [Fatal Error] :1:1: Premature end of file.
2026-10-02 10:56:14,975 [ERROR] LogOutputStream:75 - [STDERR_REDIRECT] 
2026-10-02 10:56:15,006 [ERROR] LogOutputStream:75 - [STDERR_REDIRECT] [Fatal Error] :1:1: Premature end of file.
2026-10-02 10:56:15,006 [ERROR] LogOutputStream:75 - [STDERR_REDIRECT] 
2026-10-02 10:56:15,041 [ERROR] LogOutputStream:75 - [STDERR_REDIRECT] [Fatal Error] :1:1: Premature end of file.
2026-10-02 10:56:15,041 [ERROR] LogOutputStream:75 - [STDERR_REDIRECT] 
2026-10-02 10:56:15,069 [ERROR] LogOutputStream:75 - [STDERR_REDIRECT] [Fatal Error] :1:1: Premature end of file.
2026-10-02 10:56:15,069 [ERROR] LogOutputStream:75 - [STDERR_REDIRECT] 
2026-10-02 10:56:15,098 [ERROR] LogOutputStream:75 - [STDERR_REDIRECT] [Fatal Error] :1:1: Premature end of file.
2026-10-02 10:56:15,098 [ERROR] LogOutputStream:75 - [STDERR_REDIRECT] 
2026-10-02 10:56:15,124 [ERROR] LogOutputStream:75 - [STDERR_REDIRECT] [Fatal Error] :1:1: Premature end of file.
2026-10-02 10:56:15,124 [ERROR] LogOutputStream:75 - [STDERR_REDIRECT] 
2026-10-02 10:56:15,150 [ERROR] LogOutputStream:75 - [STDERR_REDIRECT] [Fatal Error] :1:1: Premature end of file.
2026-10-02 10:56:15,150 [ERROR] LogOutputStream:75 - [STDERR_REDIRECT] 
2026-10-02 10:56:15,175 [ERROR] LogOutputStream:75 - [STDERR_REDIRECT] [Fatal Error] :1:1: Premature end of file.
2026-10-02 10:56:15,175 [ERROR] LogOutputStream:75 - [STDERR_REDIRECT] 
2026-10-02 10:56:15,200 [ERROR] LogOutputStream:75 - [STDERR_REDIRECT] [Fatal Error] :1:1: Premature end of file.
2026-10-02 10:56:15,200 [ERROR] LogOutputStream:75 - [STDERR_REDIRECT] 
2026-10-02 10:56:15,224 [ERROR] LogOutputStream:75 - [STDERR_REDIRECT] [Fatal Error] :1:1: Premature end of file.
2026-10-02 10:56:15,224 [ERROR] LogOutputStream:75 - [STDERR_REDIRECT] 
2026-10-02 10:56:15,258 [ERROR] LogOutputStream:75 - [STDERR_REDIRECT] [Fatal Error] :1:1: Premature end of file.
2026-10-02 10:56:15,258 [ERROR] LogOutputStream:75 - [STDERR_REDIRECT] 
2026-10-02 10:56:15,285 [ERROR] LogOutputStream:75 - [STDERR_REDIRECT] [Fatal Error] :1:1: Premature end of file.
2026-10-02 10:56:15,285 [ERROR] LogOutputStream:75 - [STDERR_REDIRECT] 
2026-10-02 10:56:15,310 [ERROR] LogOutputStream:75 - [STDERR_REDIRECT] [Fatal Error] :1:1: Premature end of file.
2026-10-02 10:56:15,310 [ERROR] LogOutputStream:75 - [STDERR_REDIRECT] 
2026-10-02 10:56:15,337 [ERROR] LogOutputStream:75 - [STDERR_REDIRECT] [Fatal Error] :1:1: Premature end of file.
2026-10-02 10:56:15,337 [ERROR] LogOutputStream:75 - [STDERR_REDIRECT] 
2026-10-02 10:56:15,363 [ERROR] LogOutputStream:75 - [STDERR_REDIRECT] [Fatal Error] :1:1: Premature end of file.
2026-10-02 10:56:15,363 [ERROR] LogOutputStream:75 - [STDERR_REDIRECT] 
2026-10-02 10:56:15,461 [ERROR] LogOutputStream:75 - [STDERR_REDIRECT] [Fatal Error] :1:1: Premature end of file.
2026-10-02 10:56:15,462 [ERROR] LogOutputStream:75 - [STDERR_REDIRECT] 
2026-10-02 10:56:15,485 [ERROR] LogOutputStream:75 - [STDERR_REDIRECT] [Fatal Error] :1:1: Premature end of file.
2026-10-02 10:56:15,485 [ERROR] LogOutputStream:75 - [STDERR_REDIRECT] 
2026-10-02 10:56:15,514 [ERROR] LogOutputStream:75 - [STDERR_REDIRECT] [Fatal Error] :1:1: Premature end of file.
2026-10-02 10:56:15,514 [ERROR] LogOutputStream:75 - [STDERR_REDIRECT] 
2026-10-02 10:56:15,538 [ERROR] LogOutputStream:75 - [STDERR_REDIRECT] [Fatal Error] :1:1: Premature end of file.
2026-10-02 10:56:15,538 [ERROR] LogOutputStream:75 - [STDERR_REDIRECT] 
2026-10-02 10:56:15,563 [ERROR] LogOutputStream:75 - [STDERR_REDIRECT] [Fatal Error] :1:1: Premature end of file.
2026-10-02 10:56:15,563 [ERROR] LogOutputStream:75 - [STDERR_REDIRECT] 
2026-10-02 10:56:15,587 [ERROR] LogOutputStream:75 - [STDERR_REDIRECT] [Fatal Error] :1:1: Premature end of file.
2026-10-02 10:56:15,587 [ERROR] LogOutputStream:75 - [STDERR_REDIRECT] 
2026-10-02 10:56:15,615 [ERROR] LogOutputStream:75 - [STDERR_REDIRECT] [Fatal Error] :1:1: Premature end of file.
2026-10-02 10:56:15,615 [ERROR] LogOutputStream:75 - [STDERR_REDIRECT] 
2026-10-02 10:56:15,639 [ERROR] LogOutputStream:75 - [STDERR_REDIRECT] [Fatal Error] :1:1: Premature end of file.
2026-10-02 10:56:15,639 [ERROR] LogOutputStream:75 - [STDERR_REDIRECT] 
2026-10-02 10:56:15,664 [ERROR] LogOutputStream:75 - [STDERR_REDIRECT] [Fatal Error] :1:1: Premature end of file.
2026-10-02 10:56:15,665 [ERROR] LogOutputStream:75 - [STDERR_REDIRECT] 
2026-10-02 10:56:15,689 [ERROR] LogOutputStream:75 - [STDERR_REDIRECT] [Fatal Error] :1:1: Premature end of file.
2026-10-02 10:56:15,689 [ERROR] LogOutputStream:75 - [STDERR_REDIRECT] 
2026-10-02 10:56:15,715 [ERROR] LogOutputStream:75 - [STDERR_REDIRECT] [Fatal Error] :1:1: Premature end of file.
2026-10-02 10:56:15,715 [ERROR] LogOutputStream:75 - [STDERR_REDIRECT] 
2026-10-02 10:56:15,742 [ERROR] LogOutputStream:75 - [STDERR_REDIRECT] [Fatal Error] :1:1: Premature end of file.
2026-10-02 10:56:15,742 [ERROR] LogOutputStream:75 - [STDERR_REDIRECT] 
2026-10-02 10:56:15,781 [ERROR] LogOutputStream:75 - [STDERR_REDIRECT] [Fatal Error] :1:1: Premature end of file.
2026-10-02 10:56:15,781 [ERROR] LogOutputStream:75 - [STDERR_REDIRECT] 
2026-10-02 10:56:15,807 [ERROR] LogOutputStream:75 - [STDERR_REDIRECT] [Fatal Error] :1:1: Premature end of file.
2026-10-02 10:56:15,807 [ERROR] LogOutputStream:75 - [STDERR_REDIRECT] 
2026-10-02 10:56:15,840 [ERROR] LogOutputStream:75 - [STDERR_REDIRECT] [Fatal Error] :1:1: Premature end of file.
2026-10-02 10:56:15,840 [ERROR] LogOutputStream:75 - [STDERR_REDIRECT] 
2026-10-02 10:56:15,869 [ERROR] LogOutputStream:75 - [STDERR_REDIRECT] [Fatal Error] :1:1: Premature end of file.
2026-10-02 10:56:15,870 [ERROR] LogOutputStream:75 - [STDERR_REDIRECT] 
2026-10-02 10:56:15,901 [ERROR] LogOutputStream:75 - [STDERR_REDIRECT] [Fatal Error] :1:1: Premature end of file.
2026-10-02 10:56:15,901 [ERROR] LogOutputStream:75 - [STDERR_REDIRECT] 
2026-10-02 10:56:15,928 [ERROR] LogOutputStream:75 - [STDERR_REDIRECT] [Fatal Error] :1:1: Premature end of file.
2026-10-02 10:56:15,928 [ERROR] LogOutputStream:75 - [STDERR_REDIRECT] 
2026-10-02 10:56:15,958 [ERROR] LogOutputStream:75 - [STDERR_REDIRECT] [Fatal Error] :1:1: Premature end of file.
2026-10-02 10:56:15,958 [ERROR] LogOutputStream:75 - [STDERR_REDIRECT] 
2026-10-02 10:56:16,023 [ERROR] LogOutputStream:75 - [STDERR_REDIRECT] [Fatal Error] :1:1: Premature end of file.
2026-10-02 10:56:16,057 [ERROR] LogOutputStream:75 - [STDERR_REDIRECT] 
2026-10-02 10:56:16,086 [ERROR] LogOutputStream:75 - [STDERR_REDIRECT] [Fatal Error] :1:1: Premature end of file.
2026-10-02 10:56:16,086 [ERROR] LogOutputStream:75 - [STDERR_REDIRECT] 
2026-10-02 10:56:16,122 [ERROR] LogOutputStream:75 - [STDERR_REDIRECT] [Fatal Error] :1:1: Premature end of file.
2026-10-02 10:56:16,122 [ERROR] LogOutputStream:75 - [STDERR_REDIRECT] 
2026-10-02 10:56:16,149 [ERROR] LogOutputStream:75 - [STDERR_REDIRECT] [Fatal Error] :1:1: Premature end of file.
2026-10-02 10:56:16,150 [ERROR] LogOutputStream:75 - [STDERR_REDIRECT] 
2026-10-02 10:56:16,177 [ERROR] LogOutputStream:75 - [STDERR_REDIRECT] [Fatal Error] :1:1: Premature end of file.
2026-10-02 10:56:16,177 [ERROR] LogOutputStream:75 - [STDERR_REDIRECT] 
2026-10-02 10:56:16,205 [ERROR] LogOutputStream:75 - [STDERR_REDIRECT] [Fatal Error] :1:1: Premature end of file.
2026-10-02 10:56:16,206 [ERROR] LogOutputStream:75 - [STDERR_REDIRECT] 
2026-10-02 10:56:16,230 [ERROR] LogOutputStream:75 - [STDERR_REDIRECT] [Fatal Error] :1:1: Premature end of file.
2026-10-02 10:56:16,230 [ERROR] LogOutputStream:75 - [STDERR_REDIRECT] 
2026-10-02 10:56:16,256 [ERROR] LogOutputStream:75 - [STDERR_REDIRECT] [Fatal Error] :1:1: Premature end of file.
2026-10-02 10:56:16,256 [ERROR] LogOutputStream:75 - [STDERR_REDIRECT] 
2026-10-02 10:56:16,281 [ERROR] LogOutputStream:75 - [STDERR_REDIRECT] [Fatal Error] :1:1: Premature end of file.
2026-10-02 10:56:16,281 [ERROR] LogOutputStream:75 - [STDERR_REDIRECT] 
2026-10-02 10:56:16,305 [ERROR] LogOutputStream:75 - [STDERR_REDIRECT] [Fatal Error] :1:1: Premature end of file.
2026-10-02 10:56:16,305 [ERROR] LogOutputStream:75 - [STDERR_REDIRECT] 
2026-10-02 10:56:16,332 [ERROR] LogOutputStream:75 - [STDERR_REDIRECT] [Fatal Error] :1:1: Premature end of file.
2026-10-02 10:56:16,332 [ERROR] LogOutputStream:75 - [STDERR_REDIRECT] 
2026-10-02 10:56:16,361 [ERROR] LogOutputStream:75 - [STDERR_REDIRECT] [Fatal Error] :1:1: Premature end of file.
2026-10-02 10:56:16,361 [ERROR] LogOutputStream:75 - [STDERR_REDIRECT] 
2026-10-02 10:56:16,385 [ERROR] LogOutputStream:75 - [STDERR_REDIRECT] [Fatal Error] :1:1: Premature end of file.
2026-10-02 10:56:16,385 [ERROR] LogOutputStream:75 - [STDERR_REDIRECT] 
2026-10-02 10:56:16,418 [ERROR] LogOutputStream:75 - [STDERR_REDIRECT] [Fatal Error] :1:1: Premature end of file.
2026-10-02 10:56:16,418 [ERROR] LogOutputStream:75 - [STDERR_REDIRECT] 
2026-10-02 10:56:16,443 [ERROR] LogOutputStream:75 - [STDERR_REDIRECT] [Fatal Error] :1:1: Premature end of file.
2026-10-02 10:56:16,443 [ERROR] LogOutputStream:75 - [STDERR_REDIRECT] 
2026-10-02 10:56:16,468 [ERROR] LogOutputStream:75 - [STDERR_REDIRECT] [Fatal Error] :1:1: Premature end of file.
2026-10-02 10:56:16,468 [ERROR] LogOutputStream:75 - [STDERR_REDIRECT] 
2026-10-02 10:56:16,492 [ERROR] LogOutputStream:75 - [STDERR_REDIRECT] [Fatal Error] :1:1: Premature end of file.
2026-10-02 10:56:16,492 [ERROR] LogOutputStream:75 - [STDERR_REDIRECT] 
2026-10-02 10:56:16,517 [ERROR] LogOutputStream:75 - [STDERR_REDIRECT] [Fatal Error] :1:1: Premature end of file.
2026-10-02 10:56:16,517 [ERROR] LogOutputStream:75 - [STDERR_REDIRECT] 
2026-10-02 10:56:16,541 [ERROR] LogOutputStream:75 - [STDERR_REDIRECT] [Fatal Error] :1:1: Premature end of file.
2026-10-02 10:56:16,541 [ERROR] LogOutputStream:75 - [STDERR_REDIRECT] 
2026-10-02 10:56:16,566 [ERROR] LogOutputStream:75 - [STDERR_REDIRECT] [Fatal Error] :1:1: Premature end of file.
2026-10-02 10:56:16,566 [ERROR] LogOutputStream:75 - [STDERR_REDIRECT] 
2026-10-02 10:56:16,599 [ERROR] LogOutputStream:75 - [STDERR_REDIRECT] [Fatal Error] :1:1: Premature end of file.
2026-10-02 10:56:16,599 [ERROR] LogOutputStream:75 - [STDERR_REDIRECT] 
2026-10-02 10:56:16,636 [ERROR] LogOutputStream:75 - [STDERR_REDIRECT] [Fatal Error] :1:1: Premature end of file.
2026-10-02 10:56:16,636 [ERROR] LogOutputStream:75 - [STDERR_REDIRECT] 
2026-10-02 10:56:16,666 [ERROR] LogOutputStream:75 - [STDERR_REDIRECT] [Fatal Error] :1:1: Premature end of file.
2026-10-02 10:56:16,666 [ERROR] LogOutputStream:75 - [STDERR_REDIRECT] 
2026-10-02 10:56:16,691 [ERROR] LogOutputStream:75 - [STDERR_REDIRECT] [Fatal Error] :1:1: Premature end of file.
2026-10-02 10:56:16,691 [ERROR] LogOutputStream:75 - [STDERR_REDIRECT] 
2026-10-02 10:56:16,715 [ERROR] LogOutputStream:75 - [STDERR_REDIRECT] [Fatal Error] :1:1: Premature end of file.
2026-10-02 10:56:16,715 [ERROR] LogOutputStream:75 - [STDERR_REDIRECT] 
2026-10-02 10:56:16,740 [ERROR] LogOutputStream:75 - [STDERR_REDIRECT] [Fatal Error] :1:1: Premature end of file.
2026-10-02 10:56:16,740 [ERROR] LogOutputStream:75 - [STDERR_REDIRECT] 
2026-10-02 10:56:16,765 [ERROR] LogOutputStream:75 - [STDERR_REDIRECT] [Fatal Error] :1:1: Premature end of file.
2026-10-02 10:56:16,765 [ERROR] LogOutputStream:75 - [STDERR_REDIRECT] 
2026-10-02 10:56:16,847 [ERROR] LogOutputStream:75 - [STDERR_REDIRECT] [Fatal Error] :1:1: Premature end of file.
2026-10-02 10:56:16,848 [ERROR] LogOutputStream:75 - [STDERR_REDIRECT] 
2026-10-02 10:56:16,872 [ERROR] LogOutputStream:75 - [STDERR_REDIRECT] [Fatal Error] :1:1: Premature end of file.
2026-10-02 10:56:16,872 [ERROR] LogOutputStream:75 - [STDERR_REDIRECT] 
2026-10-02 10:56:16,901 [ERROR] LogOutputStream:75 - [STDERR_REDIRECT] [Fatal Error] :1:1: Premature end of file.
2026-10-02 10:56:16,901 [ERROR] LogOutputStream:75 - [STDERR_REDIRECT] 
2026-10-02 10:56:16,930 [ERROR] LogOutputStream:75 - [STDERR_REDIRECT] [Fatal Error] :1:1: Premature end of file.
2026-10-02 10:56:16,931 [ERROR] LogOutputStream:75 - [STDERR_REDIRECT] 
2026-10-02 10:56:16,958 [ERROR] LogOutputStream:75 - [STDERR_REDIRECT] [Fatal Error] :1:1: Premature end of file.
2026-10-02 10:56:16,958 [ERROR] LogOutputStream:75 - [STDERR_REDIRECT] 
2026-10-02 10:56:16,984 [ERROR] LogOutputStream:75 - [STDERR_REDIRECT] [Fatal Error] :1:1: Premature end of file.
2026-10-02 10:56:16,984 [ERROR] LogOutputStream:75 - [STDERR_REDIRECT] 
2026-10-02 10:56:17,012 [ERROR] LogOutputStream:75 - [STDERR_REDIRECT] [Fatal Error] :1:1: Premature end of file.
2026-10-02 10:56:17,012 [ERROR] LogOutputStream:75 - [STDERR_REDIRECT] 
2026-10-02 10:56:17,037 [ERROR] LogOutputStream:75 - [STDERR_REDIRECT] [Fatal Error] :1:1: Premature end of file.
2026-10-02 10:56:17,037 [ERROR] LogOutputStream:75 - [STDERR_REDIRECT] 
2026-10-02 10:56:17,061 [ERROR] LogOutputStream:75 - [STDERR_REDIRECT] [Fatal Error] :1:1: Premature end of file.
2026-10-02 10:56:17,061 [ERROR] LogOutputStream:75 - [STDERR_REDIRECT] 
2026-10-02 10:56:17,087 [ERROR] LogOutputStream:75 - [STDERR_REDIRECT] [Fatal Error] :1:1: Premature end of file.
2026-10-02 10:56:17,087 [ERROR] LogOutputStream:75 - [STDERR_REDIRECT] 
2026-10-02 10:56:17,112 [ERROR] LogOutputStream:75 - [STDERR_REDIRECT] [Fatal Error] :1:1: Premature end of file.
2026-10-02 10:56:17,112 [ERROR] LogOutputStream:75 - [STDERR_REDIRECT] 
2026-10-02 10:56:17,136 [ERROR] LogOutputStream:75 - [STDERR_REDIRECT] [Fatal Error] :1:1: Premature end of file.
2026-10-02 10:56:17,136 [ERROR] LogOutputStream:75 - [STDERR_REDIRECT] 
2026-10-02 10:56:17,160 [ERROR] LogOutputStream:75 - [STDERR_REDIRECT] [Fatal Error] :1:1: Premature end of file.
2026-10-02 10:56:17,160 [ERROR] LogOutputStream:75 - [STDERR_REDIRECT] 
2026-10-02 10:56:17,185 [ERROR] LogOutputStream:75 - [STDERR_REDIRECT] [Fatal Error] :1:1: Premature end of file.
2026-10-02 10:56:17,185 [ERROR] LogOutputStream:75 - [STDERR_REDIRECT] 
2026-10-02 10:56:17,224 [ERROR] LogOutputStream:75 - [STDERR_REDIRECT] [Fatal Error] :1:1: Premature end of file.
2026-10-02 10:56:17,224 [ERROR] LogOutputStream:75 - [STDERR_REDIRECT] 
2026-10-02 10:56:17,249 [ERROR] LogOutputStream:75 - [STDERR_REDIRECT] [Fatal Error] :1:1: Premature end of file.
2026-10-02 10:56:17,250 [ERROR] LogOutputStream:75 - [STDERR_REDIRECT] 
2026-10-02 10:56:17,276 [ERROR] LogOutputStream:75 - [STDERR_REDIRECT] [Fatal Error] :1:1: Premature end of file.
2026-10-02 10:56:17,276 [ERROR] LogOutputStream:75 - [STDERR_REDIRECT] 
2026-10-02 10:56:17,302 [ERROR] LogOutputStream:75 - [STDERR_REDIRECT] [Fatal Error] :1:1: Premature end of file.
2026-10-02 10:56:17,302 [ERROR] LogOutputStream:75 - [STDERR_REDIRECT] 
2026-10-02 10:56:17,324 [ERROR] LogOutputStream:75 - [STDERR_REDIRECT] [Fatal Error] :1:1: Premature end of file.
2026-10-02 10:56:17,324 [ERROR] LogOutputStream:75 - [STDERR_REDIRECT] 
2026-10-02 10:56:17,349 [ERROR] LogOutputStream:75 - [STDERR_REDIRECT] [Fatal Error] :1:1: Premature end of file.
2026-10-02 10:56:17,349 [ERROR] LogOutputStream:75 - [STDERR_REDIRECT] 
2026-10-02 10:56:17,373 [ERROR] LogOutputStream:75 - [STDERR_REDIRECT] [Fatal Error] :1:1: Premature end of file.
2026-10-02 10:56:17,373 [ERROR] LogOutputStream:75 - [STDERR_REDIRECT] 
2026-10-02 10:56:17,399 [ERROR] LogOutputStream:75 - [STDERR_REDIRECT] [Fatal Error] :1:1: Premature end of file.
2026-10-02 10:56:17,399 [ERROR] LogOutputStream:75 - [STDERR_REDIRECT] 
2026-10-02 10:56:17,424 [ERROR] LogOutputStream:75 - [STDERR_REDIRECT] [Fatal Error] :1:1: Premature end of file.
2026-10-02 10:56:17,424 [ERROR] LogOutputStream:75 - [STDERR_REDIRECT] 
2026-10-02 10:56:17,450 [ERROR] LogOutputStream:75 - [STDERR_REDIRECT] [Fatal Error] :1:1: Premature end of file.
2026-10-02 10:56:17,450 [ERROR] LogOutputStream:75 - [STDERR_REDIRECT] 
2026-10-02 10:56:17,474 [ERROR] LogOutputStream:75 - [STDERR_REDIRECT] [Fatal Error] :1:1: Premature end of file.
2026-10-02 10:56:17,475 [ERROR] LogOutputStream:75 - [STDERR_REDIRECT] 
2026-10-02 10:56:17,498 [ERROR] LogOutputStream:75 - [STDERR_REDIRECT] [Fatal Error] :1:1: Premature end of file.
2026-10-02 10:56:17,498 [ERROR] LogOutputStream:75 - [STDERR_REDIRECT] 
2026-10-02 10:56:17,522 [ERROR] LogOutputStream:75 - [STDERR_REDIRECT] [Fatal Error] :1:1: Premature end of file.
2026-10-02 10:56:17,522 [ERROR] LogOutputStream:75 - [STDERR_REDIRECT] 
2026-10-02 10:56:17,549 [ERROR] LogOutputStream:75 - [STDERR_REDIRECT] [Fatal Error] :1:1: Premature end of file.
2026-10-02 10:56:17,549 [ERROR] LogOutputStream:75 - [STDERR_REDIRECT] 
2026-10-02 10:56:17,572 [ERROR] LogOutputStream:75 - [STDERR_REDIRECT] [Fatal Error] :1:1: Premature end of file.
2026-10-02 10:56:17,572 [ERROR] LogOutputStream:75 - [STDERR_REDIRECT] 
2026-10-02 10:56:17,598 [ERROR] LogOutputStream:75 - [STDERR_REDIRECT] [Fatal Error] :1:1: Premature end of file.
2026-10-02 10:56:17,598 [ERROR] LogOutputStream:75 - [STDERR_REDIRECT] 
2026-10-02 10:56:17,621 [ERROR] LogOutputStream:75 - [STDERR_REDIRECT] [Fatal Error] :1:1: Premature end of file.
2026-10-02 10:56:17,621 [ERROR] LogOutputStream:75 - [STDERR_REDIRECT] 
2026-10-02 10:56:17,646 [ERROR] LogOutputStream:75 - [STDERR_REDIRECT] [Fatal Error] :1:1: Premature end of file.
2026-10-02 10:56:17,646 [ERROR] LogOutputStream:75 - [STDERR_REDIRECT] 
2026-10-02 10:56:17,670 [ERROR] LogOutputStream:75 - [STDERR_REDIRECT] [Fatal Error] :1:1: Premature end of file.
2026-10-02 10:56:17,670 [ERROR] LogOutputStream:75 - [STDERR_REDIRECT] 
2026-10-02 10:56:17,697 [ERROR] LogOutputStream:75 - [STDERR_REDIRECT] [Fatal Error] :1:1: Premature end of file.
2026-10-02 10:56:17,697 [ERROR] LogOutputStream:75 - [STDERR_REDIRECT] 
2026-10-02 10:56:17,722 [ERROR] LogOutputStream:75 - [STDERR_REDIRECT] [Fatal Error] :1:1: Premature end of file.
2026-10-02 10:56:17,722 [ERROR] LogOutputStream:75 - [STDERR_REDIRECT] 
2026-10-02 10:56:17,747 [ERROR] LogOutputStream:75 - [STDERR_REDIRECT] [Fatal Error] :1:1: Premature end of file.
2026-10-02 10:56:17,747 [ERROR] LogOutputStream:75 - [STDERR_REDIRECT] 
2026-10-02 10:56:17,771 [ERROR] LogOutputStream:75 - [STDERR_REDIRECT] [Fatal Error] :1:1: Premature end of file.
2026-10-02 10:56:17,771 [ERROR] LogOutputStream:75 - [STDERR_REDIRECT] 
2026-10-02 10:56:17,795 [ERROR] LogOutputStream:75 - [STDERR_REDIRECT] [Fatal Error] :1:1: Premature end of file.
2026-10-02 10:56:17,795 [ERROR] LogOutputStream:75 - [STDERR_REDIRECT] 
2026-10-02 10:56:17,822 [ERROR] LogOutputStream:75 - [STDERR_REDIRECT] [Fatal Error] :1:1: Premature end of file.
2026-10-02 10:56:17,822 [ERROR] LogOutputStream:75 - [STDERR_REDIRECT] 
2026-10-02 10:56:17,847 [ERROR] LogOutputStream:75 - [STDERR_REDIRECT] [Fatal Error] :1:1: Premature end of file.
2026-10-02 10:56:17,847 [ERROR] LogOutputStream:75 - [STDERR_REDIRECT] 
2026-10-02 10:56:17,872 [ERROR] LogOutputStream:75 - [STDERR_REDIRECT] [Fatal Error] :1:1: Premature end of file.
2026-10-02 10:56:17,872 [ERROR] LogOutputStream:75 - [STDERR_REDIRECT] 
2026-10-02 10:56:17,896 [ERROR] LogOutputStream:75 - [STDERR_REDIRECT] [Fatal Error] :1:1: Premature end of file.
2026-10-02 10:56:17,896 [ERROR] LogOutputStream:75 - [STDERR_REDIRECT] 
2026-10-02 10:56:17,921 [ERROR] LogOutputStream:75 - [STDERR_REDIRECT] [Fatal Error] :1:1: Premature end of file.
2026-10-02 10:56:17,921 [ERROR] LogOutputStream:75 - [STDERR_REDIRECT] 
2026-10-02 10:56:17,945 [ERROR] LogOutputStream:75 - [STDERR_REDIRECT] [Fatal Error] :1:1: Premature end of file.
2026-10-02 10:56:17,945 [ERROR] LogOutputStream:75 - [STDERR_REDIRECT] 
2026-10-02 10:56:17,970 [ERROR] LogOutputStream:75 - [STDERR_REDIRECT] [Fatal Error] :1:1: Premature end of file.
2026-10-02 10:56:17,970 [ERROR] LogOutputStream:75 - [STDERR_REDIRECT] 
2026-10-02 10:56:17,993 [ERROR] LogOutputStream:75 - [STDERR_REDIRECT] [Fatal Error] :1:1: Premature end of file.
2026-10-02 10:56:17,993 [ERROR] LogOutputStream:75 - [STDERR_REDIRECT] 
2026-10-02 10:56:18,019 [ERROR] LogOutputStream:75 - [STDERR_REDIRECT] [Fatal Error] :1:1: Premature end of file.
2026-10-02 10:56:18,019 [ERROR] LogOutputStream:75 - [STDERR_REDIRECT] 
2026-10-02 10:56:18,045 [ERROR] LogOutputStream:75 - [STDERR_REDIRECT] [Fatal Error] :1:1: Premature end of file.
2026-10-02 10:56:18,045 [ERROR] LogOutputStream:75 - [STDERR_REDIRECT] 
2026-10-02 10:56:18,071 [ERROR] LogOutputStream:75 - [STDERR_REDIRECT] [Fatal Error] :1:1: Premature end of file.
2026-10-02 10:56:18,071 [ERROR] LogOutputStream:75 - [STDERR_REDIRECT] 
2026-10-02 10:56:18,095 [ERROR] LogOutputStream:75 - [STDERR_REDIRECT] [Fatal Error] :1:1: Premature end of file.
2026-10-02 10:56:18,095 [ERROR] LogOutputStream:75 - [STDERR_REDIRECT] 
2026-10-02 10:56:18,119 [ERROR] LogOutputStream:75 - [STDERR_REDIRECT] [Fatal Error] :1:1: Premature end of file.
2026-10-02 10:56:18,119 [ERROR] LogOutputStream:75 - [STDERR_REDIRECT] 
2026-10-02 10:56:18,144 [ERROR] LogOutputStream:75 - [STDERR_REDIRECT] [Fatal Error] :1:1: Premature end of file.
2026-10-02 10:56:18,144 [ERROR] LogOutputStream:75 - [STDERR_REDIRECT] 
2026-10-02 10:56:18,169 [ERROR] LogOutputStream:75 - [STDERR_REDIRECT] [Fatal Error] :1:1: Premature end of file.
2026-10-02 10:56:18,169 [ERROR] LogOutputStream:75 - [STDERR_REDIRECT] 
2026-10-02 10:56:18,194 [ERROR] LogOutputStream:75 - [STDERR_REDIRECT] [Fatal Error] :1:1: Premature end of file.
2026-10-02 10:56:18,194 [ERROR] LogOutputStream:75 - [STDERR_REDIRECT] 
2026-10-02 10:56:18,218 [ERROR] LogOutputStream:75 - [STDERR_REDIRECT] [Fatal Error] :1:1: Premature end of file.
2026-10-02 10:56:18,218 [ERROR] LogOutputStream:75 - [STDERR_REDIRECT] 
2026-10-02 10:56:18,256 [ERROR] LogOutputStream:75 - [STDERR_REDIRECT] [Fatal Error] :1:1: Premature end of file.
2026-10-02 10:56:18,256 [ERROR] LogOutputStream:75 - [STDERR_REDIRECT] 
2026-10-02 10:56:18,282 [ERROR] LogOutputStream:75 - [STDERR_REDIRECT] [Fatal Error] :1:1: Premature end of file.
2026-10-02 10:56:18,282 [ERROR] LogOutputStream:75 - [STDERR_REDIRECT] 
2026-10-02 10:56:18,306 [ERROR] LogOutputStream:75 - [STDERR_REDIRECT] [Fatal Error] :1:1: Premature end of file.
2026-10-02 10:56:18,307 [ERROR] LogOutputStream:75 - [STDERR_REDIRECT] 
2026-10-02 10:56:18,337 [ERROR] LogOutputStream:75 - [STDERR_REDIRECT] [Fatal Error] :1:1: Premature end of file.
2026-10-02 10:56:18,337 [ERROR] LogOutputStream:75 - [STDERR_REDIRECT] 
2026-10-02 10:56:18,377 [ERROR] LogOutputStream:75 - [STDERR_REDIRECT] [Fatal Error] :1:1: Premature end of file.
2026-10-02 10:56:18,377 [ERROR] LogOutputStream:75 - [STDERR_REDIRECT] 
2026-10-02 10:56:18,406 [ERROR] LogOutputStream:75 - [STDERR_REDIRECT] [Fatal Error] :1:1: Premature end of file.
2026-10-02 10:56:18,406 [ERROR] LogOutputStream:75 - [STDERR_REDIRECT] 
2026-10-02 10:56:18,436 [ERROR] LogOutputStream:75 - [STDERR_REDIRECT] [Fatal Error] :1:1: Premature end of file.
2026-10-02 10:56:18,436 [ERROR] LogOutputStream:75 - [STDERR_REDIRECT] 
2026-10-02 10:56:18,462 [ERROR] LogOutputStream:75 - [STDERR_REDIRECT] [Fatal Error] :1:1: Premature end of file.
2026-10-02 10:56:18,462 [ERROR] LogOutputStream:75 - [STDERR_REDIRECT] 
2026-10-02 10:56:18,488 [ERROR] LogOutputStream:75 - [STDERR_REDIRECT] [Fatal Error] :1:1: Premature end of file.
2026-10-02 10:56:18,488 [ERROR] LogOutputStream:75 - [STDERR_REDIRECT] 
2026-10-02 10:56:18,516 [ERROR] LogOutputStream:75 - [STDERR_REDIRECT] [Fatal Error] :1:1: Premature end of file.
2026-10-02 10:56:18,516 [ERROR] LogOutputStream:75 - [STDERR_REDIRECT] 
2026-10-02 10:56:18,542 [ERROR] LogOutputStream:75 - [STDERR_REDIRECT] [Fatal Error] :1:1: Premature end of file.
2026-10-02 10:56:18,542 [ERROR] LogOutputStream:75 - [STDERR_REDIRECT] 
2026-10-02 10:56:18,567 [ERROR] LogOutputStream:75 - [STDERR_REDIRECT] [Fatal Error] :1:1: Premature end of file.
2026-10-02 10:56:18,567 [ERROR] LogOutputStream:75 - [STDERR_REDIRECT] 
2026-10-02 10:56:18,590 [ERROR] LogOutputStream:75 - [STDERR_REDIRECT] [Fatal Error] :1:1: Premature end of file.
2026-10-02 10:56:18,590 [ERROR] LogOutputStream:75 - [STDERR_REDIRECT] 
2026-10-02 10:56:18,617 [ERROR] LogOutputStream:75 - [STDERR_REDIRECT] [Fatal Error] :1:1: Premature end of file.
2026-10-02 10:56:18,617 [ERROR] LogOutputStream:75 - [STDERR_REDIRECT] 
2026-10-02 10:56:18,643 [ERROR] LogOutputStream:75 - [STDERR_REDIRECT] [Fatal Error] :1:1: Premature end of file.
2026-10-02 10:56:18,643 [ERROR] LogOutputStream:75 - [STDERR_REDIRECT] 
2026-10-02 10:56:18,669 [ERROR] LogOutputStream:75 - [STDERR_REDIRECT] [Fatal Error] :1:1: Premature end of file.
2026-10-02 10:56:18,669 [ERROR] LogOutputStream:75 - [STDERR_REDIRECT] 
2026-10-02 10:56:18,697 [ERROR] LogOutputStream:75 - [STDERR_REDIRECT] [Fatal Error] :1:1: Premature end of file.
2026-10-02 10:56:18,697 [ERROR] LogOutputStream:75 - [STDERR_REDIRECT] 
2026-10-02 10:56:18,722 [ERROR] LogOutputStream:75 - [STDERR_REDIRECT] [Fatal Error] :1:1: Premature end of file.
2026-10-02 10:56:18,722 [ERROR] LogOutputStream:75 - [STDERR_REDIRECT] 
2026-10-02 10:56:18,750 [ERROR] LogOutputStream:75 - [STDERR_REDIRECT] [Fatal Error] :1:1: Premature end of file.
2026-10-02 10:56:18,750 [ERROR] LogOutputStream:75 - [STDERR_REDIRECT] 
2026-10-02 10:56:18,775 [ERROR] LogOutputStream:75 - [STDERR_REDIRECT] [Fatal Error] :1:1: Premature end of file.
2026-10-02 10:56:18,775 [ERROR] LogOutputStream:75 - [STDERR_REDIRECT] 
2026-10-02 10:56:18,801 [ERROR] LogOutputStream:75 - [STDERR_REDIRECT] [Fatal Error] :1:1: Premature end of file.
2026-10-02 10:56:18,801 [ERROR] LogOutputStream:75 - [STDERR_REDIRECT] 
2026-10-02 10:56:18,825 [ERROR] LogOutputStream:75 - [STDERR_REDIRECT] [Fatal Error] :1:1: Premature end of file.
2026-10-02 10:56:18,825 [ERROR] LogOutputStream:75 - [STDERR_REDIRECT] 
2026-10-02 10:56:18,850 [ERROR] LogOutputStream:75 - [STDERR_REDIRECT] [Fatal Error] :1:1: Premature end of file.
2026-10-02 10:56:18,850 [ERROR] LogOutputStream:75 - [STDERR_REDIRECT] 
2026-10-02 10:56:18,873 [ERROR] LogOutputStream:75 - [STDERR_REDIRECT] [Fatal Error] :1:1: Premature end of file.
2026-10-02 10:56:18,873 [ERROR] LogOutputStream:75 - [STDERR_REDIRECT] 
2026-10-02 10:56:18,898 [ERROR] LogOutputStream:75 - [STDERR_REDIRECT] [Fatal Error] :1:1: Premature end of file.
2026-10-02 10:56:18,898 [ERROR] LogOutputStream:75 - [STDERR_REDIRECT] 
2026-10-02 10:56:18,922 [ERROR] LogOutputStream:75 - [STDERR_REDIRECT] [Fatal Error] :1:1: Premature end of file.
2026-10-02 10:56:18,922 [ERROR] LogOutputStream:75 - [STDERR_REDIRECT] 
2026-10-02 10:56:18,946 [ERROR] LogOutputStream:75 - [STDERR_REDIRECT] [Fatal Error] :1:1: Premature end of file.
2026-10-02 10:56:18,946 [ERROR] LogOutputStream:75 - [STDERR_REDIRECT] 
2026-10-02 10:56:18,969 [ERROR] LogOutputStream:75 - [STDERR_REDIRECT] [Fatal Error] :1:1: Premature end of file.
2026-10-02 10:56:18,969 [ERROR] LogOutputStream:75 - [STDERR_REDIRECT] 
2026-10-02 10:56:18,995 [ERROR] LogOutputStream:75 - [STDERR_REDIRECT] [Fatal Error] :1:1: Premature end of file.
2026-10-02 10:56:18,995 [ERROR] LogOutputStream:75 - [STDERR_REDIRECT] 
2026-10-02 10:56:19,020 [ERROR] LogOutputStream:75 - [STDERR_REDIRECT] [Fatal Error] :1:1: Premature end of file.
2026-10-02 10:56:19,020 [ERROR] LogOutputStream:75 - [STDERR_REDIRECT] 
2026-10-02 10:56:19,044 [ERROR] LogOutputStream:75 - [STDERR_REDIRECT] [Fatal Error] :1:1: Premature end of file.
2026-10-02 10:56:19,044 [ERROR] LogOutputStream:75 - [STDERR_REDIRECT] 
2026-10-02 10:56:19,069 [ERROR] LogOutputStream:75 - [STDERR_REDIRECT] [Fatal Error] :1:1: Premature end of file.
2026-10-02 10:56:19,069 [ERROR] LogOutputStream:75 - [STDERR_REDIRECT] 
2026-10-02 10:56:19,092 [ERROR] LogOutputStream:75 - [STDERR_REDIRECT] [Fatal Error] :1:1: Premature end of file.
2026-10-02 10:56:19,093 [ERROR] LogOutputStream:75 - [STDERR_REDIRECT] 
2026-10-02 10:56:19,117 [ERROR] LogOutputStream:75 - [STDERR_REDIRECT] [Fatal Error] :1:1: Premature end of file.
2026-10-02 10:56:19,117 [ERROR] LogOutputStream:75 - [STDERR_REDIRECT] 
2026-10-02 10:56:19,142 [ERROR] LogOutputStream:75 - [STDERR_REDIRECT] [Fatal Error] :1:1: Premature end of file.
2026-10-02 10:56:19,142 [ERROR] LogOutputStream:75 - [STDERR_REDIRECT] 
2026-10-02 10:56:19,167 [ERROR] LogOutputStream:75 - [STDERR_REDIRECT] [Fatal Error] :1:1: Premature end of file.
2026-10-02 10:56:19,167 [ERROR] LogOutputStream:75 - [STDERR_REDIRECT] 
2026-10-02 10:56:19,192 [ERROR] LogOutputStream:75 - [STDERR_REDIRECT] [Fatal Error] :1:1: Premature end of file.
2026-10-02 10:56:19,193 [ERROR] LogOutputStream:75 - [STDERR_REDIRECT] 
2026-10-02 10:56:19,217 [ERROR] LogOutputStream:75 - [STDERR_REDIRECT] [Fatal Error] :1:1: Premature end of file.
2026-10-02 10:56:19,217 [ERROR] LogOutputStream:75 - [STDERR_REDIRECT] 
2026-10-02 10:56:19,240 [ERROR] LogOutputStream:75 - [STDERR_REDIRECT] [Fatal Error] :1:1: Premature end of file.
2026-10-02 10:56:19,240 [ERROR] LogOutputStream:75 - [STDERR_REDIRECT] 
2026-10-02 10:56:19,265 [ERROR] LogOutputStream:75 - [STDERR_REDIRECT] [Fatal Error] :1:1: Premature end of file.
2026-10-02 10:56:19,265 [ERROR] LogOutputStream:75 - [STDERR_REDIRECT] 
2026-10-02 10:56:19,291 [ERROR] LogOutputStream:75 - [STDERR_REDIRECT] [Fatal Error] :1:1: Premature end of file.
2026-10-02 10:56:19,291 [ERROR] LogOutputStream:75 - [STDERR_REDIRECT] 
2026-10-02 10:56:19,316 [ERROR] LogOutputStream:75 - [STDERR_REDIRECT] [Fatal Error] :1:1: Premature end of file.
2026-10-02 10:56:19,316 [ERROR] LogOutputStream:75 - [STDERR_REDIRECT] 
2026-10-02 10:56:19,340 [ERROR] LogOutputStream:75 - [STDERR_REDIRECT] [Fatal Error] :1:1: Premature end of file.
2026-10-02 10:56:19,340 [ERROR] LogOutputStream:75 - [STDERR_REDIRECT] 
2026-10-02 10:56:19,369 [ERROR] LogOutputStream:75 - [STDERR_REDIRECT] [Fatal Error] :1:1: Premature end of file.
2026-10-02 10:56:19,369 [ERROR] LogOutputStream:75 - [STDERR_REDIRECT] 
2026-10-02 10:56:19,392 [ERROR] LogOutputStream:75 - [STDERR_REDIRECT] [Fatal Error] :1:1: Premature end of file.
2026-10-02 10:56:19,392 [ERROR] LogOutputStream:75 - [STDERR_REDIRECT] 
2026-10-02 10:56:19,418 [ERROR] LogOutputStream:75 - [STDERR_REDIRECT] [Fatal Error] :1:1: Premature end of file.
2026-10-02 10:56:19,418 [ERROR] LogOutputStream:75 - [STDERR_REDIRECT] 
2026-10-02 10:56:19,442 [ERROR] LogOutputStream:75 - [STDERR_REDIRECT] [Fatal Error] :1:1: Premature end of file.
2026-10-02 10:56:19,442 [ERROR] LogOutputStream:75 - [STDERR_REDIRECT] 
2026-10-02 10:56:19,466 [ERROR] LogOutputStream:75 - [STDERR_REDIRECT] [Fatal Error] :1:1: Premature end of file.
2026-10-02 10:56:19,466 [ERROR] LogOutputStream:75 - [STDERR_REDIRECT] 
2026-10-02 10:56:19,493 [ERROR] LogOutputStream:75 - [STDERR_REDIRECT] [Fatal Error] :1:1: Premature end of file.
2026-10-02 10:56:19,493 [ERROR] LogOutputStream:75 - [STDERR_REDIRECT] 
2026-10-02 10:56:19,522 [ERROR] LogOutputStream:75 - [STDERR_REDIRECT] [Fatal Error] :1:1: Premature end of file.
2026-10-02 10:56:19,522 [ERROR] LogOutputStream:75 - [STDERR_REDIRECT] 
2026-10-02 10:56:19,555 [ERROR] LogOutputStream:75 - [STDERR_REDIRECT] [Fatal Error] :1:1: Premature end of file.
2026-10-02 10:56:19,555 [ERROR] LogOutputStream:75 - [STDERR_REDIRECT] 
2026-10-02 10:56:19,594 [ERROR] LogOutputStream:75 - [STDERR_REDIRECT] [Fatal Error] :1:1: Premature end of file.
2026-10-02 10:56:19,594 [ERROR] LogOutputStream:75 - [STDERR_REDIRECT] 
2026-10-02 10:56:21,262 [ERROR] LogOutputStream:75 - [STDERR_REDIRECT] [Fatal Error] :1:1: Premature end of file.
2026-10-02 10:56:21,262 [ERROR] LogOutputStream:75 - [STDERR_REDIRECT] 
2026-10-02 10:56:21,318 [ERROR] LogOutputStream:75 - [STDERR_REDIRECT] [Fatal Error] :1:1: Premature end of file.
2026-10-02 10:56:21,318 [ERROR] LogOutputStream:75 - [STDERR_REDIRECT] 
2026-10-02 10:56:21,350 [ERROR] LogOutputStream:75 - [STDERR_REDIRECT] [Fatal Error] :1:1: Premature end of file.
2026-10-02 10:56:21,350 [ERROR] LogOutputStream:75 - [STDERR_REDIRECT] 
2026-10-02 10:56:21,378 [ERROR] LogOutputStream:75 - [STDERR_REDIRECT] [Fatal Error] :1:1: Premature end of file.
2026-10-02 10:56:21,378 [ERROR] LogOutputStream:75 - [STDERR_REDIRECT] 
2026-10-02 10:56:21,403 [ERROR] LogOutputStream:75 - [STDERR_REDIRECT] [Fatal Error] :1:1: Premature end of file.
2026-10-02 10:56:21,403 [ERROR] LogOutputStream:75 - [STDERR_REDIRECT] 
2026-10-02 10:56:21,429 [ERROR] LogOutputStream:75 - [STDERR_REDIRECT] [Fatal Error] :1:1: Premature end of file.
2026-10-02 10:56:21,429 [ERROR] LogOutputStream:75 - [STDERR_REDIRECT] 
2026-10-02 10:56:21,455 [ERROR] LogOutputStream:75 - [STDERR_REDIRECT] [Fatal Error] :1:1: Premature end of file.
2026-10-02 10:56:21,455 [ERROR] LogOutputStream:75 - [STDERR_REDIRECT] 
2026-10-02 10:56:21,480 [ERROR] LogOutputStream:75 - [STDERR_REDIRECT] [Fatal Error] :1:1: Premature end of file.
2026-10-02 10:56:21,480 [ERROR] LogOutputStream:75 - [STDERR_REDIRECT] 
2026-10-02 10:56:21,504 [ERROR] LogOutputStream:75 - [STDERR_REDIRECT] [Fatal Error] :1:1: Premature end of file.
2026-10-02 10:56:21,504 [ERROR] LogOutputStream:75 - [STDERR_REDIRECT] 
2026-10-02 10:56:21,528 [ERROR] LogOutputStream:75 - [STDERR_REDIRECT] [Fatal Error] :1:1: Premature end of file.
2026-10-02 10:56:21,528 [ERROR] LogOutputStream:75 - [STDERR_REDIRECT] 
2026-10-02 10:56:21,554 [ERROR] LogOutputStream:75 - [STDERR_REDIRECT] [Fatal Error] :1:1: Premature end of file.
2026-10-02 10:56:21,554 [ERROR] LogOutputStream:75 - [STDERR_REDIRECT] 
2026-10-02 10:56:21,595 [ERROR] LogOutputStream:75 - [STDERR_REDIRECT] [Fatal Error] :1:1: Premature end of file.
2026-10-02 10:56:21,595 [ERROR] LogOutputStream:75 - [STDERR_REDIRECT] 
2026-10-02 10:56:21,625 [ERROR] LogOutputStream:75 - [STDERR_REDIRECT] [Fatal Error] :1:1: Premature end of file.
2026-10-02 10:56:21,625 [ERROR] LogOutputStream:75 - [STDERR_REDIRECT] 
2026-10-02 10:56:21,661 [ERROR] LogOutputStream:75 - [STDERR_REDIRECT] [Fatal Error] :1:1: Premature end of file.
2026-10-02 10:56:21,661 [ERROR] LogOutputStream:75 - [STDERR_REDIRECT] 
2026-10-02 10:56:21,686 [ERROR] LogOutputStream:75 - [STDERR_REDIRECT] [Fatal Error] :1:1: Premature end of file.
2026-10-02 10:56:21,686 [ERROR] LogOutputStream:75 - [STDERR_REDIRECT] 
2026-10-02 10:56:21,712 [ERROR] LogOutputStream:75 - [STDERR_REDIRECT] [Fatal Error] :1:1: Premature end of file.
2026-10-02 10:56:21,712 [ERROR] LogOutputStream:75 - [STDERR_REDIRECT] 
2026-10-02 10:56:21,739 [ERROR] LogOutputStream:75 - [STDERR_REDIRECT] [Fatal Error] :1:1: Premature end of file.
2026-10-02 10:56:21,739 [ERROR] LogOutputStream:75 - [STDERR_REDIRECT] 
2026-10-02 10:56:21,765 [ERROR] LogOutputStream:75 - [STDERR_REDIRECT] [Fatal Error] :1:1: Premature end of file.
2026-10-02 10:56:21,766 [ERROR] LogOutputStream:75 - [STDERR_REDIRECT] 
2026-10-02 10:56:21,790 [ERROR] LogOutputStream:75 - [STDERR_REDIRECT] [Fatal Error] :1:1: Premature end of file.
2026-10-02 10:56:21,790 [ERROR] LogOutputStream:75 - [STDERR_REDIRECT] 
2026-10-02 10:56:21,816 [ERROR] LogOutputStream:75 - [STDERR_REDIRECT] [Fatal Error] :1:1: Premature end of file.
2026-10-02 10:56:21,816 [ERROR] LogOutputStream:75 - [STDERR_REDIRECT] 
2026-10-02 10:56:21,848 [ERROR] LogOutputStream:75 - [STDERR_REDIRECT] [Fatal Error] :1:1: Premature end of file.
2026-10-02 10:56:21,848 [ERROR] LogOutputStream:75 - [STDERR_REDIRECT] 
2026-10-02 10:56:21,889 [ERROR] LogOutputStream:75 - [STDERR_REDIRECT] [Fatal Error] :1:1: Premature end of file.
2026-10-02 10:56:21,889 [ERROR] LogOutputStream:75 - [STDERR_REDIRECT] 
2026-10-02 10:56:21,919 [ERROR] LogOutputStream:75 - [STDERR_REDIRECT] [Fatal Error] :1:1: Premature end of file.
2026-10-02 10:56:21,919 [ERROR] LogOutputStream:75 - [STDERR_REDIRECT] 
2026-10-02 10:56:21,950 [ERROR] LogOutputStream:75 - [STDERR_REDIRECT] [Fatal Error] :1:1: Premature end of file.
2026-10-02 10:56:21,950 [ERROR] LogOutputStream:75 - [STDERR_REDIRECT] 
2026-10-02 10:56:21,977 [ERROR] LogOutputStream:75 - [STDERR_REDIRECT] [Fatal Error] :1:1: Premature end of file.
2026-10-02 10:56:21,977 [ERROR] LogOutputStream:75 - [STDERR_REDIRECT] 
2026-10-02 10:56:22,003 [ERROR] LogOutputStream:75 - [STDERR_REDIRECT] [Fatal Error] :1:1: Premature end of file.
2026-10-02 10:56:22,003 [ERROR] LogOutputStream:75 - [STDERR_REDIRECT] 
2026-10-02 10:56:22,030 [ERROR] LogOutputStream:75 - [STDERR_REDIRECT] [Fatal Error] :1:1: Premature end of file.
2026-10-02 10:56:22,030 [ERROR] LogOutputStream:75 - [STDERR_REDIRECT] 
2026-10-02 10:56:22,080 [ERROR] LogOutputStream:75 - [STDERR_REDIRECT] [Fatal Error] :1:1: Premature end of file.
2026-10-02 10:56:22,080 [ERROR] LogOutputStream:75 - [STDERR_REDIRECT] 
2026-10-02 10:56:22,104 [ERROR] LogOutputStream:75 - [STDERR_REDIRECT] [Fatal Error] :1:1: Premature end of file.
2026-10-02 10:56:22,104 [ERROR] LogOutputStream:75 - [STDERR_REDIRECT] 
2026-10-02 10:56:22,134 [ERROR] LogOutputStream:75 - [STDERR_REDIRECT] [Fatal Error] :1:1: Premature end of file.
2026-10-02 10:56:22,134 [ERROR] LogOutputStream:75 - [STDERR_REDIRECT] 
2026-10-02 10:56:22,167 [ERROR] LogOutputStream:75 - [STDERR_REDIRECT] [Fatal Error] :1:1: Premature end of file.
2026-10-02 10:56:22,167 [ERROR] LogOutputStream:75 - [STDERR_REDIRECT] 
2026-10-02 10:56:22,194 [ERROR] LogOutputStream:75 - [STDERR_REDIRECT] [Fatal Error] :1:1: Premature end of file.
2026-10-02 10:56:22,194 [ERROR] LogOutputStream:75 - [STDERR_REDIRECT] 
2026-10-02 10:56:22,221 [ERROR] LogOutputStream:75 - [STDERR_REDIRECT] [Fatal Error] :1:1: Premature end of file.
2026-10-02 10:56:22,221 [ERROR] LogOutputStream:75 - [STDERR_REDIRECT] 
2026-10-02 10:56:22,251 [ERROR] LogOutputStream:75 - [STDERR_REDIRECT] [Fatal Error] :1:1: Premature end of file.
2026-10-02 10:56:22,251 [ERROR] LogOutputStream:75 - [STDERR_REDIRECT] 
2026-10-02 10:56:22,278 [ERROR] LogOutputStream:75 - [STDERR_REDIRECT] [Fatal Error] :1:1: Premature end of file.
2026-10-02 10:56:22,278 [ERROR] LogOutputStream:75 - [STDERR_REDIRECT] 
2026-10-02 10:56:22,303 [ERROR] LogOutputStream:75 - [STDERR_REDIRECT] [Fatal Error] :1:1: Premature end of file.
2026-10-02 10:56:22,303 [ERROR] LogOutputStream:75 - [STDERR_REDIRECT] 
2026-10-02 10:56:22,329 [ERROR] LogOutputStream:75 - [STDERR_REDIRECT] [Fatal Error] :1:1: Premature end of file.
2026-10-02 10:56:22,329 [ERROR] LogOutputStream:75 - [STDERR_REDIRECT] 
2026-10-02 10:56:22,357 [ERROR] LogOutputStream:75 - [STDERR_REDIRECT] [Fatal Error] :1:1: Premature end of file.
2026-10-02 10:56:22,357 [ERROR] LogOutputStream:75 - [STDERR_REDIRECT] 
2026-10-02 10:56:22,621 [ERROR] LogOutputStream:75 - [STDERR_REDIRECT] [Fatal Error] :1:1: Premature end of file.
2026-10-02 10:56:22,621 [ERROR] LogOutputStream:75 - [STDERR_REDIRECT] 
2026-10-02 10:56:22,648 [ERROR] LogOutputStream:75 - [STDERR_REDIRECT] [Fatal Error] :1:1: Premature end of file.
2026-10-02 10:56:22,648 [ERROR] LogOutputStream:75 - [STDERR_REDIRECT] 
2026-10-02 10:56:22,679 [ERROR] LogOutputStream:75 - [STDERR_REDIRECT] [Fatal Error] :1:1: Premature end of file.
2026-10-02 10:56:22,679 [ERROR] LogOutputStream:75 - [STDERR_REDIRECT] 
2026-10-02 10:56:22,719 [ERROR] LogOutputStream:75 - [STDERR_REDIRECT] [Fatal Error] :1:1: Premature end of file.
2026-10-02 10:56:22,719 [ERROR] LogOutputStream:75 - [STDERR_REDIRECT] 
2026-10-02 10:56:22,754 [ERROR] LogOutputStream:75 - [STDERR_REDIRECT] [Fatal Error] :1:1: Premature end of file.
2026-10-02 10:56:22,754 [ERROR] LogOutputStream:75 - [STDERR_REDIRECT] 
2026-10-02 10:56:22,799 [ERROR] LogOutputStream:75 - [STDERR_REDIRECT] [Fatal Error] :1:1: Premature end of file.
2026-10-02 10:56:22,799 [ERROR] LogOutputStream:75 - [STDERR_REDIRECT] 
2026-10-02 10:56:22,844 [ERROR] LogOutputStream:75 - [STDERR_REDIRECT] [Fatal Error] :1:1: Premature end of file.
2026-10-02 10:56:22,844 [ERROR] LogOutputStream:75 - [STDERR_REDIRECT] 
2026-10-02 10:56:22,884 [ERROR] LogOutputStream:75 - [STDERR_REDIRECT] [Fatal Error] :1:1: Premature end of file.
2026-10-02 10:56:22,884 [ERROR] LogOutputStream:75 - [STDERR_REDIRECT] 
2026-10-02 10:56:22,912 [ERROR] LogOutputStream:75 - [STDERR_REDIRECT] [Fatal Error] :1:1: Premature end of file.
2026-10-02 10:56:22,912 [ERROR] LogOutputStream:75 - [STDERR_REDIRECT] 
2026-10-02 10:56:22,937 [ERROR] LogOutputStream:75 - [STDERR_REDIRECT] [Fatal Error] :1:1: Premature end of file.
2026-10-02 10:56:22,937 [ERROR] LogOutputStream:75 - [STDERR_REDIRECT] 
2026-10-02 10:56:22,971 [ERROR] LogOutputStream:75 - [STDERR_REDIRECT] [Fatal Error] :1:1: Premature end of file.
2026-10-02 10:56:22,971 [ERROR] LogOutputStream:75 - [STDERR_REDIRECT] 
2026-10-02 10:56:22,998 [ERROR] LogOutputStream:75 - [STDERR_REDIRECT] [Fatal Error] :1:1: Premature end of file.
2026-10-02 10:56:22,998 [ERROR] LogOutputStream:75 - [STDERR_REDIRECT] 
2026-10-02 10:56:23,023 [ERROR] LogOutputStream:75 - [STDERR_REDIRECT] [Fatal Error] :1:1: Premature end of file.
2026-10-02 10:56:23,023 [ERROR] LogOutputStream:75 - [STDERR_REDIRECT] 
2026-10-02 10:56:23,049 [ERROR] LogOutputStream:75 - [STDERR_REDIRECT] [Fatal Error] :1:1: Premature end of file.
2026-10-02 10:56:23,049 [ERROR] LogOutputStream:75 - [STDERR_REDIRECT] 
2026-10-02 10:56:23,079 [ERROR] LogOutputStream:75 - [STDERR_REDIRECT] [Fatal Error] :1:1: Premature end of file.
2026-10-02 10:56:23,079 [ERROR] LogOutputStream:75 - [STDERR_REDIRECT] 
2026-10-02 10:56:23,116 [ERROR] LogOutputStream:75 - [STDERR_REDIRECT] [Fatal Error] :1:1: Premature end of file.
2026-10-02 10:56:23,116 [ERROR] LogOutputStream:75 - [STDERR_REDIRECT] 
2026-10-02 10:56:23,147 [ERROR] LogOutputStream:75 - [STDERR_REDIRECT] [Fatal Error] :1:1: Premature end of file.
2026-10-02 10:56:23,147 [ERROR] LogOutputStream:75 - [STDERR_REDIRECT] 
2026-10-02 10:56:23,180 [ERROR] LogOutputStream:75 - [STDERR_REDIRECT] [Fatal Error] :1:1: Premature end of file.
2026-10-02 10:56:23,181 [ERROR] LogOutputStream:75 - [STDERR_REDIRECT] 
2026-10-02 10:56:23,209 [ERROR] LogOutputStream:75 - [STDERR_REDIRECT] [Fatal Error] :1:1: Premature end of file.
2026-10-02 10:56:23,209 [ERROR] LogOutputStream:75 - [STDERR_REDIRECT] 
2026-10-02 10:56:23,237 [ERROR] LogOutputStream:75 - [STDERR_REDIRECT] [Fatal Error] :1:1: Premature end of file.
2026-10-02 10:56:23,238 [ERROR] LogOutputStream:75 - [STDERR_REDIRECT] 
2026-10-02 10:56:23,278 [ERROR] LogOutputStream:75 - [STDERR_REDIRECT] [Fatal Error] :1:1: Premature end of file.
2026-10-02 10:56:23,278 [ERROR] LogOutputStream:75 - [STDERR_REDIRECT] 
2026-10-02 10:56:23,320 [ERROR] LogOutputStream:75 - [STDERR_REDIRECT] [Fatal Error] :1:1: Premature end of file.
2026-10-02 10:56:23,320 [ERROR] LogOutputStream:75 - [STDERR_REDIRECT] 
2026-10-02 10:56:23,364 [ERROR] LogOutputStream:75 - [STDERR_REDIRECT] [Fatal Error] :1:1: Premature end of file.
2026-10-02 10:56:23,365 [ERROR] LogOutputStream:75 - [STDERR_REDIRECT] 
2026-10-02 10:56:23,400 [ERROR] LogOutputStream:75 - [STDERR_REDIRECT] [Fatal Error] :1:1: Premature end of file.
2026-10-02 10:56:23,401 [ERROR] LogOutputStream:75 - [STDERR_REDIRECT] 
2026-10-02 10:56:23,452 [ERROR] LogOutputStream:75 - [STDERR_REDIRECT] [Fatal Error] :1:1: Premature end of file.
2026-10-02 10:56:23,452 [ERROR] LogOutputStream:75 - [STDERR_REDIRECT] 
2026-10-02 10:56:23,481 [ERROR] LogOutputStream:75 - [STDERR_REDIRECT] [Fatal Error] :1:1: Premature end of file.
2026-10-02 10:56:23,481 [ERROR] LogOutputStream:75 - [STDERR_REDIRECT] 
2026-10-02 10:56:23,523 [ERROR] LogOutputStream:75 - [STDERR_REDIRECT] [Fatal Error] :1:1: Premature end of file.
2026-10-02 10:56:23,523 [ERROR] LogOutputStream:75 - [STDERR_REDIRECT] 
2026-10-02 10:56:23,560 [ERROR] LogOutputStream:75 - [STDERR_REDIRECT] [Fatal Error] :1:1: Premature end of file.
2026-10-02 10:56:23,560 [ERROR] LogOutputStream:75 - [STDERR_REDIRECT] 
2026-10-02 10:56:23,599 [ERROR] LogOutputStream:75 - [STDERR_REDIRECT] [Fatal Error] :1:1: Premature end of file.
2026-10-02 10:56:23,599 [ERROR] LogOutputStream:75 - [STDERR_REDIRECT] 
2026-10-02 10:56:23,673 [ERROR] LogOutputStream:75 - [STDERR_REDIRECT] [Fatal Error] :1:1: Premature end of file.
2026-10-02 10:56:23,674 [ERROR] LogOutputStream:75 - [STDERR_REDIRECT] 
2026-10-02 10:56:23,718 [ERROR] LogOutputStream:75 - [STDERR_REDIRECT] [Fatal Error] :1:1: Premature end of file.
2026-10-02 10:56:23,718 [ERROR] LogOutputStream:75 - [STDERR_REDIRECT] 
2026-10-02 10:56:23,757 [ERROR] LogOutputStream:75 - [STDERR_REDIRECT] [Fatal Error] :1:1: Premature end of file.
2026-10-02 10:56:23,757 [ERROR] LogOutputStream:75 - [STDERR_REDIRECT] 
2026-10-02 10:56:23,787 [ERROR] LogOutputStream:75 - [STDERR_REDIRECT] [Fatal Error] :1:1: Premature end of file.
2026-10-02 10:56:23,787 [ERROR] LogOutputStream:75 - [STDERR_REDIRECT] 
2026-10-02 10:56:23,823 [ERROR] LogOutputStream:75 - [STDERR_REDIRECT] [Fatal Error] :1:1: Premature end of file.
2026-10-02 10:56:23,823 [ERROR] LogOutputStream:75 - [STDERR_REDIRECT] 
2026-10-02 10:56:23,901 [ERROR] LogOutputStream:75 - [STDERR_REDIRECT] [Fatal Error] :1:1: Premature end of file.
2026-10-02 10:56:23,901 [ERROR] LogOutputStream:75 - [STDERR_REDIRECT] 
2026-10-02 10:56:23,942 [ERROR] LogOutputStream:75 - [STDERR_REDIRECT] [Fatal Error] :1:1: Premature end of file.
2026-10-02 10:56:23,942 [ERROR] LogOutputStream:75 - [STDERR_REDIRECT] 
2026-10-02 10:56:23,989 [ERROR] LogOutputStream:75 - [STDERR_REDIRECT] [Fatal Error] :1:1: Premature end of file.
2026-10-02 10:56:23,989 [ERROR] LogOutputStream:75 - [STDERR_REDIRECT] 
2026-10-02 10:56:24,032 [ERROR] LogOutputStream:75 - [STDERR_REDIRECT] [Fatal Error] :1:1: Premature end of file.
2026-10-02 10:56:24,032 [ERROR] LogOutputStream:75 - [STDERR_REDIRECT] 
2026-10-02 10:56:24,080 [ERROR] LogOutputStream:75 - [STDERR_REDIRECT] [Fatal Error] :1:1: Premature end of file.
2026-10-02 10:56:24,080 [ERROR] LogOutputStream:75 - [STDERR_REDIRECT] 
2026-10-02 10:56:24,109 [ERROR] LogOutputStream:75 - [STDERR_REDIRECT] [Fatal Error] :1:1: Premature end of file.
2026-10-02 10:56:24,109 [ERROR] LogOutputStream:75 - [STDERR_REDIRECT] 
2026-10-02 10:56:24,148 [ERROR] LogOutputStream:75 - [STDERR_REDIRECT] [Fatal Error] :1:1: Premature end of file.
2026-10-02 10:56:24,148 [ERROR] LogOutputStream:75 - [STDERR_REDIRECT] 
2026-10-02 10:56:24,221 [ERROR] LogOutputStream:75 - [STDERR_REDIRECT] [Fatal Error] :1:1: Premature end of file.
2026-10-02 10:56:24,221 [ERROR] LogOutputStream:75 - [STDERR_REDIRECT] 
2026-10-02 10:56:24,262 [ERROR] LogOutputStream:75 - [STDERR_REDIRECT] [Fatal Error] :1:1: Premature end of file.
2026-10-02 10:56:24,263 [ERROR] LogOutputStream:75 - [STDERR_REDIRECT] 
2026-10-02 10:56:24,296 [ERROR] LogOutputStream:75 - [STDERR_REDIRECT] [Fatal Error] :1:1: Premature end of file.
2026-10-02 10:56:24,296 [ERROR] LogOutputStream:75 - [STDERR_REDIRECT] 
2026-10-02 10:56:24,334 [ERROR] LogOutputStream:75 - [STDERR_REDIRECT] [Fatal Error] :1:1: Premature end of file.
2026-10-02 10:56:24,335 [ERROR] LogOutputStream:75 - [STDERR_REDIRECT] 
2026-10-02 10:56:24,570 [ERROR] LogOutputStream:75 - [STDERR_REDIRECT] [Fatal Error] :1:1: Premature end of file.
2026-10-02 10:56:24,570 [ERROR] LogOutputStream:75 - [STDERR_REDIRECT] 
2026-10-02 10:56:24,690 [ERROR] LogOutputStream:75 - [STDERR_REDIRECT] [Fatal Error] :1:1: Premature end of file.
2026-10-02 10:56:24,690 [ERROR] LogOutputStream:75 - [STDERR_REDIRECT] 
2026-10-02 10:56:24,769 [ERROR] LogOutputStream:75 - [STDERR_REDIRECT] [Fatal Error] :1:1: Premature end of file.
2026-10-02 10:56:24,769 [ERROR] LogOutputStream:75 - [STDERR_REDIRECT] 
2026-10-02 10:56:24,826 [ERROR] LogOutputStream:75 - [STDERR_REDIRECT] [Fatal Error] :1:1: Premature end of file.
2026-10-02 10:56:24,826 [ERROR] LogOutputStream:75 - [STDERR_REDIRECT] 
2026-10-02 10:56:24,894 [ERROR] LogOutputStream:75 - [STDERR_REDIRECT] [Fatal Error] :1:1: Premature end of file.
2026-10-02 10:56:24,894 [ERROR] LogOutputStream:75 - [STDERR_REDIRECT] 
2026-10-02 10:56:24,941 [ERROR] LogOutputStream:75 - [STDERR_REDIRECT] [Fatal Error] :1:1: Premature end of file.
2026-10-02 10:56:24,941 [ERROR] LogOutputStream:75 - [STDERR_REDIRECT] 
2026-10-02 10:56:24,981 [ERROR] LogOutputStream:75 - [STDERR_REDIRECT] [Fatal Error] :1:1: Premature end of file.
2026-10-02 10:56:24,981 [ERROR] LogOutputStream:75 - [STDERR_REDIRECT] 
2026-10-02 10:56:25,011 [ERROR] LogOutputStream:75 - [STDERR_REDIRECT] [Fatal Error] :1:1: Premature end of file.
2026-10-02 10:56:25,011 [ERROR] LogOutputStream:75 - [STDERR_REDIRECT] 
2026-10-02 10:56:25,039 [ERROR] LogOutputStream:75 - [STDERR_REDIRECT] [Fatal Error] :1:1: Premature end of file.
2026-10-02 10:56:25,039 [ERROR] LogOutputStream:75 - [STDERR_REDIRECT] 
2026-10-02 10:56:25,069 [ERROR] LogOutputStream:75 - [STDERR_REDIRECT] [Fatal Error] :1:1: Premature end of file.
2026-10-02 10:56:25,069 [ERROR] LogOutputStream:75 - [STDERR_REDIRECT] 
2026-10-02 10:56:25,100 [ERROR] LogOutputStream:75 - [STDERR_REDIRECT] [Fatal Error] :1:1: Premature end of file.
2026-10-02 10:56:25,100 [ERROR] LogOutputStream:75 - [STDERR_REDIRECT] 
2026-10-02 10:56:25,145 [ERROR] LogOutputStream:75 - [STDERR_REDIRECT] [Fatal Error] :1:1: Premature end of file.
2026-10-02 10:56:25,145 [ERROR] LogOutputStream:75 - [STDERR_REDIRECT] 
2026-10-02 10:56:25,183 [ERROR] LogOutputStream:75 - [STDERR_REDIRECT] [Fatal Error] :1:1: Premature end of file.
2026-10-02 10:56:25,183 [ERROR] LogOutputStream:75 - [STDERR_REDIRECT] 
2026-10-02 10:56:25,216 [ERROR] LogOutputStream:75 - [STDERR_REDIRECT] [Fatal Error] :1:1: Premature end of file.
2026-10-02 10:56:25,216 [ERROR] LogOutputStream:75 - [STDERR_REDIRECT] 
2026-10-02 10:56:25,249 [ERROR] LogOutputStream:75 - [STDERR_REDIRECT] [Fatal Error] :1:1: Premature end of file.
2026-10-02 10:56:25,249 [ERROR] LogOutputStream:75 - [STDERR_REDIRECT] 
2026-10-02 10:56:25,280 [ERROR] LogOutputStream:75 - [STDERR_REDIRECT] [Fatal Error] :1:1: Premature end of file.
2026-10-02 10:56:25,280 [ERROR] LogOutputStream:75 - [STDERR_REDIRECT] 
2026-10-02 10:56:25,315 [ERROR] LogOutputStream:75 - [STDERR_REDIRECT] [Fatal Error] :1:1: Premature end of file.
2026-10-02 10:56:25,315 [ERROR] LogOutputStream:75 - [STDERR_REDIRECT] 
2026-10-02 10:56:25,346 [ERROR] LogOutputStream:75 - [STDERR_REDIRECT] [Fatal Error] :1:1: Premature end of file.
2026-10-02 10:56:25,346 [ERROR] LogOutputStream:75 - [STDERR_REDIRECT] 
2026-10-02 10:56:25,380 [ERROR] LogOutputStream:75 - [STDERR_REDIRECT] [Fatal Error] :1:1: Premature end of file.
2026-10-02 10:56:25,380 [ERROR] LogOutputStream:75 - [STDERR_REDIRECT] 
2026-10-02 10:56:25,415 [ERROR] LogOutputStream:75 - [STDERR_REDIRECT] [Fatal Error] :1:1: Premature end of file.
2026-10-02 10:56:25,415 [ERROR] LogOutputStream:75 - [STDERR_REDIRECT] 
2026-10-02 10:56:25,449 [ERROR] LogOutputStream:75 - [STDERR_REDIRECT] [Fatal Error] :1:1: Premature end of file.
2026-10-02 10:56:25,450 [ERROR] LogOutputStream:75 - [STDERR_REDIRECT] 
2026-10-02 10:56:25,479 [ERROR] LogOutputStream:75 - [STDERR_REDIRECT] [Fatal Error] :1:1: Premature end of file.
2026-10-02 10:56:25,479 [ERROR] LogOutputStream:75 - [STDERR_REDIRECT] 
2026-10-02 10:56:25,504 [ERROR] LogOutputStream:75 - [STDERR_REDIRECT] [Fatal Error] :1:1: Premature end of file.
2026-10-02 10:56:25,504 [ERROR] LogOutputStream:75 - [STDERR_REDIRECT] 
2026-10-02 10:56:25,530 [ERROR] LogOutputStream:75 - [STDERR_REDIRECT] [Fatal Error] :1:1: Premature end of file.
2026-10-02 10:56:25,530 [ERROR] LogOutputStream:75 - [STDERR_REDIRECT] 
2026-10-02 10:56:25,557 [ERROR] LogOutputStream:75 - [STDERR_REDIRECT] [Fatal Error] :1:1: Premature end of file.
2026-10-02 10:56:25,557 [ERROR] LogOutputStream:75 - [STDERR_REDIRECT] 
2026-10-02 10:56:25,586 [ERROR] LogOutputStream:75 - [STDERR_REDIRECT] [Fatal Error] :1:1: Premature end of file.
2026-10-02 10:56:25,586 [ERROR] LogOutputStream:75 - [STDERR_REDIRECT] 
2026-10-02 10:56:25,617 [ERROR] LogOutputStream:75 - [STDERR_REDIRECT] [Fatal Error] :1:1: Premature end of file.
2026-10-02 10:56:25,617 [ERROR] LogOutputStream:75 - [STDERR_REDIRECT] 
2026-10-02 10:56:25,646 [ERROR] LogOutputStream:75 - [STDERR_REDIRECT] [Fatal Error] :1:1: Premature end of file.
2026-10-02 10:56:25,646 [ERROR] LogOutputStream:75 - [STDERR_REDIRECT] 
2026-10-02 10:56:25,673 [ERROR] LogOutputStream:75 - [STDERR_REDIRECT] [Fatal Error] :1:1: Premature end of file.
2026-10-02 10:56:25,673 [ERROR] LogOutputStream:75 - [STDERR_REDIRECT] 
2026-10-02 10:56:25,697 [ERROR] LogOutputStream:75 - [STDERR_REDIRECT] [Fatal Error] :1:1: Premature end of file.
2026-10-02 10:56:25,697 [ERROR] LogOutputStream:75 - [STDERR_REDIRECT] 
2026-10-02 10:56:25,723 [ERROR] LogOutputStream:75 - [STDERR_REDIRECT] [Fatal Error] :1:1: Premature end of file.
2026-10-02 10:56:25,723 [ERROR] LogOutputStream:75 - [STDERR_REDIRECT] 
2026-10-02 10:56:25,748 [ERROR] LogOutputStream:75 - [STDERR_REDIRECT] [Fatal Error] :1:1: Premature end of file.
2026-10-02 10:56:25,749 [ERROR] LogOutputStream:75 - [STDERR_REDIRECT] 
2026-10-02 10:56:25,773 [ERROR] LogOutputStream:75 - [STDERR_REDIRECT] [Fatal Error] :1:1: Premature end of file.
2026-10-02 10:56:25,773 [ERROR] LogOutputStream:75 - [STDERR_REDIRECT] 
2026-10-02 10:56:25,798 [ERROR] LogOutputStream:75 - [STDERR_REDIRECT] [Fatal Error] :1:1: Premature end of file.
2026-10-02 10:56:25,798 [ERROR] LogOutputStream:75 - [STDERR_REDIRECT] 
2026-10-02 10:56:25,822 [ERROR] LogOutputStream:75 - [STDERR_REDIRECT] [Fatal Error] :1:1: Premature end of file.
2026-10-02 10:56:25,822 [ERROR] LogOutputStream:75 - [STDERR_REDIRECT] 
2026-10-02 10:56:25,847 [ERROR] LogOutputStream:75 - [STDERR_REDIRECT] [Fatal Error] :1:1: Premature end of file.
2026-10-02 10:56:25,847 [ERROR] LogOutputStream:75 - [STDERR_REDIRECT] 
2026-10-02 10:56:25,873 [ERROR] LogOutputStream:75 - [STDERR_REDIRECT] [Fatal Error] :1:1: Premature end of file.
2026-10-02 10:56:25,873 [ERROR] LogOutputStream:75 - [STDERR_REDIRECT] 
2026-10-02 10:56:25,897 [ERROR] LogOutputStream:75 - [STDERR_REDIRECT] [Fatal Error] :1:1: Premature end of file.
2026-10-02 10:56:25,897 [ERROR] LogOutputStream:75 - [STDERR_REDIRECT] 
2026-10-02 10:56:25,922 [ERROR] LogOutputStream:75 - [STDERR_REDIRECT] [Fatal Error] :1:1: Premature end of file.
2026-10-02 10:56:25,922 [ERROR] LogOutputStream:75 - [STDERR_REDIRECT] 
2026-10-02 10:56:25,958 [ERROR] LogOutputStream:75 - [STDERR_REDIRECT] [Fatal Error] :1:1: Premature end of file.
2026-10-02 10:56:25,958 [ERROR] LogOutputStream:75 - [STDERR_REDIRECT] 
2026-10-02 10:56:25,990 [ERROR] LogOutputStream:75 - [STDERR_REDIRECT] [Fatal Error] :1:1: Premature end of file.
2026-10-02 10:56:25,990 [ERROR] LogOutputStream:75 - [STDERR_REDIRECT] 
2026-10-02 10:56:26,017 [ERROR] LogOutputStream:75 - [STDERR_REDIRECT] [Fatal Error] :1:1: Premature end of file.
2026-10-02 10:56:26,017 [ERROR] LogOutputStream:75 - [STDERR_REDIRECT] 
2026-10-02 10:56:26,041 [ERROR] LogOutputStream:75 - [STDERR_REDIRECT] [Fatal Error] :1:1: Premature end of file.
2026-10-02 10:56:26,041 [ERROR] LogOutputStream:75 - [STDERR_REDIRECT] 
2026-10-02 10:56:26,064 [ERROR] LogOutputStream:75 - [STDERR_REDIRECT] [Fatal Error] :1:1: Premature end of file.
2026-10-02 10:56:26,064 [ERROR] LogOutputStream:75 - [STDERR_REDIRECT] 
2026-10-02 10:56:26,088 [ERROR] LogOutputStream:75 - [STDERR_REDIRECT] [Fatal Error] :1:1: Premature end of file.
2026-10-02 10:56:26,088 [ERROR] LogOutputStream:75 - [STDERR_REDIRECT] 
2026-10-02 10:56:26,111 [ERROR] LogOutputStream:75 - [STDERR_REDIRECT] [Fatal Error] :1:1: Premature end of file.
2026-10-02 10:56:26,111 [ERROR] LogOutputStream:75 - [STDERR_REDIRECT] 
2026-10-02 10:56:26,135 [ERROR] LogOutputStream:75 - [STDERR_REDIRECT] [Fatal Error] :1:1: Premature end of file.
2026-10-02 10:56:26,135 [ERROR] LogOutputStream:75 - [STDERR_REDIRECT] 
2026-10-02 10:56:26,159 [ERROR] LogOutputStream:75 - [STDERR_REDIRECT] [Fatal Error] :1:1: Premature end of file.
2026-10-02 10:56:26,159 [ERROR] LogOutputStream:75 - [STDERR_REDIRECT] 
2026-10-02 10:56:26,184 [ERROR] LogOutputStream:75 - [STDERR_REDIRECT] [Fatal Error] :1:1: Premature end of file.
2026-10-02 10:56:26,184 [ERROR] LogOutputStream:75 - [STDERR_REDIRECT] 
2026-10-02 10:56:26,207 [ERROR] LogOutputStream:75 - [STDERR_REDIRECT] [Fatal Error] :1:1: Premature end of file.
2026-10-02 10:56:26,207 [ERROR] LogOutputStream:75 - [STDERR_REDIRECT] 
2026-10-02 10:56:26,230 [ERROR] LogOutputStream:75 - [STDERR_REDIRECT] [Fatal Error] :1:1: Premature end of file.
2026-10-02 10:56:26,230 [ERROR] LogOutputStream:75 - [STDERR_REDIRECT] 
2026-10-02 10:56:26,253 [ERROR] LogOutputStream:75 - [STDERR_REDIRECT] [Fatal Error] :1:1: Premature end of file.
2026-10-02 10:56:26,253 [ERROR] LogOutputStream:75 - [STDERR_REDIRECT] 
2026-10-02 10:56:26,276 [ERROR] LogOutputStream:75 - [STDERR_REDIRECT] [Fatal Error] :1:1: Premature end of file.
2026-10-02 10:56:26,276 [ERROR] LogOutputStream:75 - [STDERR_REDIRECT] 
2026-10-02 10:56:26,301 [ERROR] LogOutputStream:75 - [STDERR_REDIRECT] [Fatal Error] :1:1: Premature end of file.
2026-10-02 10:56:26,301 [ERROR] LogOutputStream:75 - [STDERR_REDIRECT] 
2026-10-02 10:56:26,325 [ERROR] LogOutputStream:75 - [STDERR_REDIRECT] [Fatal Error] :1:1: Premature end of file.
2026-10-02 10:56:26,325 [ERROR] LogOutputStream:75 - [STDERR_REDIRECT] 
2026-10-02 10:56:26,352 [ERROR] LogOutputStream:75 - [STDERR_REDIRECT] [Fatal Error] :1:1: Premature end of file.
2026-10-02 10:56:26,352 [ERROR] LogOutputStream:75 - [STDERR_REDIRECT] 
2026-10-02 10:56:26,377 [ERROR] LogOutputStream:75 - [STDERR_REDIRECT] [Fatal Error] :1:1: Premature end of file.
2026-10-02 10:56:26,377 [ERROR] LogOutputStream:75 - [STDERR_REDIRECT] 
2026-10-02 10:56:26,401 [ERROR] LogOutputStream:75 - [STDERR_REDIRECT] [Fatal Error] :1:1: Premature end of file.
2026-10-02 10:56:26,401 [ERROR] LogOutputStream:75 - [STDERR_REDIRECT] 
2026-10-02 10:56:26,428 [ERROR] LogOutputStream:75 - [STDERR_REDIRECT] [Fatal Error] :1:1: Premature end of file.
2026-10-02 10:56:26,428 [ERROR] LogOutputStream:75 - [STDERR_REDIRECT] 
2026-10-02 10:56:26,454 [ERROR] LogOutputStream:75 - [STDERR_REDIRECT] [Fatal Error] :1:1: Premature end of file.
2026-10-02 10:56:26,454 [ERROR] LogOutputStream:75 - [STDERR_REDIRECT] 
2026-10-02 10:56:26,485 [ERROR] LogOutputStream:75 - [STDERR_REDIRECT] [Fatal Error] :1:1: Premature end of file.
2026-10-02 10:56:26,485 [ERROR] LogOutputStream:75 - [STDERR_REDIRECT] 
2026-10-02 10:56:26,509 [ERROR] LogOutputStream:75 - [STDERR_REDIRECT] [Fatal Error] :1:1: Premature end of file.
2026-10-02 10:56:26,509 [ERROR] LogOutputStream:75 - [STDERR_REDIRECT] 
2026-10-02 10:56:26,539 [ERROR] LogOutputStream:75 - [STDERR_REDIRECT] [Fatal Error] :1:1: Premature end of file.
2026-10-02 10:56:26,539 [ERROR] LogOutputStream:75 - [STDERR_REDIRECT] 
2026-10-02 10:56:26,574 [ERROR] LogOutputStream:75 - [STDERR_REDIRECT] [Fatal Error] :1:1: Premature end of file.
2026-10-02 10:56:26,574 [ERROR] LogOutputStream:75 - [STDERR_REDIRECT] 
2026-10-02 10:56:26,606 [ERROR] LogOutputStream:75 - [STDERR_REDIRECT] [Fatal Error] :1:1: Premature end of file.
2026-10-02 10:56:26,606 [ERROR] LogOutputStream:75 - [STDERR_REDIRECT] 
2026-10-02 10:56:26,630 [ERROR] LogOutputStream:75 - [STDERR_REDIRECT] [Fatal Error] :1:1: Premature end of file.
2026-10-02 10:56:26,630 [ERROR] LogOutputStream:75 - [STDERR_REDIRECT] 
2026-10-02 10:56:26,654 [ERROR] LogOutputStream:75 - [STDERR_REDIRECT] [Fatal Error] :1:1: Premature end of file.
2026-10-02 10:56:26,654 [ERROR] LogOutputStream:75 - [STDERR_REDIRECT] 
2026-10-02 10:56:26,677 [ERROR] LogOutputStream:75 - [STDERR_REDIRECT] [Fatal Error] :1:1: Premature end of file.
2026-10-02 10:56:26,677 [ERROR] LogOutputStream:75 - [STDERR_REDIRECT] 
2026-10-02 10:56:26,700 [ERROR] LogOutputStream:75 - [STDERR_REDIRECT] [Fatal Error] :1:1: Premature end of file.
2026-10-02 10:56:26,700 [ERROR] LogOutputStream:75 - [STDERR_REDIRECT] 
2026-10-02 10:56:26,724 [ERROR] LogOutputStream:75 - [STDERR_REDIRECT] [Fatal Error] :1:1: Premature end of file.
2026-10-02 10:56:26,724 [ERROR] LogOutputStream:75 - [STDERR_REDIRECT] 
2026-10-02 10:56:26,747 [ERROR] LogOutputStream:75 - [STDERR_REDIRECT] [Fatal Error] :1:1: Premature end of file.
2026-10-02 10:56:26,747 [ERROR] LogOutputStream:75 - [STDERR_REDIRECT] 
2026-10-02 10:56:26,770 [ERROR] LogOutputStream:75 - [STDERR_REDIRECT] [Fatal Error] :1:1: Premature end of file.
2026-10-02 10:56:26,770 [ERROR] LogOutputStream:75 - [STDERR_REDIRECT] 
2026-10-02 10:56:26,794 [ERROR] LogOutputStream:75 - [STDERR_REDIRECT] [Fatal Error] :1:1: Premature end of file.
2026-10-02 10:56:26,794 [ERROR] LogOutputStream:75 - [STDERR_REDIRECT] 
2026-10-02 10:56:26,817 [ERROR] LogOutputStream:75 - [STDERR_REDIRECT] [Fatal Error] :1:1: Premature end of file.
2026-10-02 10:56:26,817 [ERROR] LogOutputStream:75 - [STDERR_REDIRECT] 
2026-10-02 10:56:26,841 [ERROR] LogOutputStream:75 - [STDERR_REDIRECT] [Fatal Error] :1:1: Premature end of file.
2026-10-02 10:56:26,841 [ERROR] LogOutputStream:75 - [STDERR_REDIRECT] 
2026-10-02 10:56:26,866 [ERROR] LogOutputStream:75 - [STDERR_REDIRECT] [Fatal Error] :1:1: Premature end of file.
2026-10-02 10:56:26,866 [ERROR] LogOutputStream:75 - [STDERR_REDIRECT] 
2026-10-02 10:56:26,889 [ERROR] LogOutputStream:75 - [STDERR_REDIRECT] [Fatal Error] :1:1: Premature end of file.
2026-10-02 10:56:26,889 [ERROR] LogOutputStream:75 - [STDERR_REDIRECT] 
2026-10-02 10:56:26,914 [ERROR] LogOutputStream:75 - [STDERR_REDIRECT] [Fatal Error] :1:1: Premature end of file.
2026-10-02 10:56:26,914 [ERROR] LogOutputStream:75 - [STDERR_REDIRECT] 
2026-10-02 10:56:26,937 [ERROR] LogOutputStream:75 - [STDERR_REDIRECT] [Fatal Error] :1:1: Premature end of file.
2026-10-02 10:56:26,937 [ERROR] LogOutputStream:75 - [STDERR_REDIRECT] 
2026-10-02 10:56:26,961 [ERROR] LogOutputStream:75 - [STDERR_REDIRECT] [Fatal Error] :1:1: Premature end of file.
2026-10-02 10:56:26,961 [ERROR] LogOutputStream:75 - [STDERR_REDIRECT] 
2026-10-02 10:56:26,986 [ERROR] LogOutputStream:75 - [STDERR_REDIRECT] [Fatal Error] :1:1: Premature end of file.
2026-10-02 10:56:26,986 [ERROR] LogOutputStream:75 - [STDERR_REDIRECT] 
2026-10-02 10:56:27,009 [ERROR] LogOutputStream:75 - [STDERR_REDIRECT] [Fatal Error] :1:1: Premature end of file.
2026-10-02 10:56:27,009 [ERROR] LogOutputStream:75 - [STDERR_REDIRECT] 
2026-10-02 10:56:27,034 [ERROR] LogOutputStream:75 - [STDERR_REDIRECT] [Fatal Error] :1:1: Premature end of file.
2026-10-02 10:56:27,035 [ERROR] LogOutputStream:75 - [STDERR_REDIRECT] 
2026-10-02 10:56:27,061 [ERROR] LogOutputStream:75 - [STDERR_REDIRECT] [Fatal Error] :1:1: Premature end of file.
2026-10-02 10:56:27,061 [ERROR] LogOutputStream:75 - [STDERR_REDIRECT] 
2026-10-02 10:56:27,085 [ERROR] LogOutputStream:75 - [STDERR_REDIRECT] [Fatal Error] :1:1: Premature end of file.
2026-10-02 10:56:27,085 [ERROR] LogOutputStream:75 - [STDERR_REDIRECT] 
2026-10-02 10:56:27,112 [ERROR] LogOutputStream:75 - [STDERR_REDIRECT] [Fatal Error] :1:1: Premature end of file.
2026-10-02 10:56:27,112 [ERROR] LogOutputStream:75 - [STDERR_REDIRECT] 
2026-10-02 10:56:27,136 [ERROR] LogOutputStream:75 - [STDERR_REDIRECT] [Fatal Error] :1:1: Premature end of file.
2026-10-02 10:56:27,136 [ERROR] LogOutputStream:75 - [STDERR_REDIRECT] 
2026-10-02 10:56:27,165 [ERROR] LogOutputStream:75 - [STDERR_REDIRECT] [Fatal Error] :1:1: Premature end of file.
2026-10-02 10:56:27,165 [ERROR] LogOutputStream:75 - [STDERR_REDIRECT] 
2026-10-02 10:56:27,195 [ERROR] LogOutputStream:75 - [STDERR_REDIRECT] [Fatal Error] :1:1: Premature end of file.
2026-10-02 10:56:27,195 [ERROR] LogOutputStream:75 - [STDERR_REDIRECT] 
2026-10-02 10:56:27,229 [ERROR] LogOutputStream:75 - [STDERR_REDIRECT] [Fatal Error] :1:1: Premature end of file.
2026-10-02 10:56:27,229 [ERROR] LogOutputStream:75 - [STDERR_REDIRECT] 
2026-10-02 10:56:27,273 [ERROR] LogOutputStream:75 - [STDERR_REDIRECT] [Fatal Error] :1:1: Premature end of file.
2026-10-02 10:56:27,273 [ERROR] LogOutputStream:75 - [STDERR_REDIRECT] 
2026-10-02 10:56:27,304 [ERROR] LogOutputStream:75 - [STDERR_REDIRECT] [Fatal Error] :1:1: Premature end of file.
2026-10-02 10:56:27,304 [ERROR] LogOutputStream:75 - [STDERR_REDIRECT] 
2026-10-02 10:56:27,329 [ERROR] LogOutputStream:75 - [STDERR_REDIRECT] [Fatal Error] :1:1: Premature end of file.
2026-10-02 10:56:27,329 [ERROR] LogOutputStream:75 - [STDERR_REDIRECT] 
2026-10-02 10:56:27,353 [ERROR] LogOutputStream:75 - [STDERR_REDIRECT] [Fatal Error] :1:1: Premature end of file.
2026-10-02 10:56:27,353 [ERROR] LogOutputStream:75 - [STDERR_REDIRECT] 
2026-10-02 10:56:27,377 [ERROR] LogOutputStream:75 - [STDERR_REDIRECT] [Fatal Error] :1:1: Premature end of file.
2026-10-02 10:56:27,377 [ERROR] LogOutputStream:75 - [STDERR_REDIRECT] 
2026-10-02 10:56:27,400 [ERROR] LogOutputStream:75 - [STDERR_REDIRECT] [Fatal Error] :1:1: Premature end of file.
2026-10-02 10:56:27,400 [ERROR] LogOutputStream:75 - [STDERR_REDIRECT] 
2026-10-02 10:56:27,424 [ERROR] LogOutputStream:75 - [STDERR_REDIRECT] [Fatal Error] :1:1: Premature end of file.
2026-10-02 10:56:27,424 [ERROR] LogOutputStream:75 - [STDERR_REDIRECT] 
2026-10-02 10:56:27,447 [ERROR] LogOutputStream:75 - [STDERR_REDIRECT] [Fatal Error] :1:1: Premature end of file.
2026-10-02 10:56:27,447 [ERROR] LogOutputStream:75 - [STDERR_REDIRECT] 
2026-10-02 10:56:27,470 [ERROR] LogOutputStream:75 - [STDERR_REDIRECT] [Fatal Error] :1:1: Premature end of file.
2026-10-02 10:56:27,470 [ERROR] LogOutputStream:75 - [STDERR_REDIRECT] 
2026-10-02 10:56:27,493 [ERROR] LogOutputStream:75 - [STDERR_REDIRECT] [Fatal Error] :1:1: Premature end of file.
2026-10-02 10:56:27,493 [ERROR] LogOutputStream:75 - [STDERR_REDIRECT] 
2026-10-02 10:56:27,517 [ERROR] LogOutputStream:75 - [STDERR_REDIRECT] [Fatal Error] :1:1: Premature end of file.
2026-10-02 10:56:27,517 [ERROR] LogOutputStream:75 - [STDERR_REDIRECT] 
2026-10-02 10:56:27,541 [ERROR] LogOutputStream:75 - [STDERR_REDIRECT] [Fatal Error] :1:1: Premature end of file.
2026-10-02 10:56:27,541 [ERROR] LogOutputStream:75 - [STDERR_REDIRECT] 
2026-10-02 10:56:27,566 [ERROR] LogOutputStream:75 - [STDERR_REDIRECT] [Fatal Error] :1:1: Premature end of file.
2026-10-02 10:56:27,567 [ERROR] LogOutputStream:75 - [STDERR_REDIRECT] 
2026-10-02 10:56:27,591 [ERROR] LogOutputStream:75 - [STDERR_REDIRECT] [Fatal Error] :1:1: Premature end of file.
2026-10-02 10:56:27,591 [ERROR] LogOutputStream:75 - [STDERR_REDIRECT] 
2026-10-02 10:56:27,624 [ERROR] LogOutputStream:75 - [STDERR_REDIRECT] [Fatal Error] :1:1: Premature end of file.
2026-10-02 10:56:27,624 [ERROR] LogOutputStream:75 - [STDERR_REDIRECT] 
2026-10-02 10:56:27,648 [ERROR] LogOutputStream:75 - [STDERR_REDIRECT] [Fatal Error] :1:1: Premature end of file.
2026-10-02 10:56:27,648 [ERROR] LogOutputStream:75 - [STDERR_REDIRECT] 
2026-10-02 10:56:27,675 [ERROR] LogOutputStream:75 - [STDERR_REDIRECT] [Fatal Error] :1:1: Premature end of file.
2026-10-02 10:56:27,675 [ERROR] LogOutputStream:75 - [STDERR_REDIRECT] 
2026-10-02 10:56:27,702 [ERROR] LogOutputStream:75 - [STDERR_REDIRECT] [Fatal Error] :1:1: Premature end of file.
2026-10-02 10:56:27,702 [ERROR] LogOutputStream:75 - [STDERR_REDIRECT] 
2026-10-02 10:56:27,732 [ERROR] LogOutputStream:75 - [STDERR_REDIRECT] [Fatal Error] :1:1: Premature end of file.
2026-10-02 10:56:27,732 [ERROR] LogOutputStream:75 - [STDERR_REDIRECT] 
2026-10-02 10:56:27,756 [ERROR] LogOutputStream:75 - [STDERR_REDIRECT] [Fatal Error] :1:1: Premature end of file.
2026-10-02 10:56:27,756 [ERROR] LogOutputStream:75 - [STDERR_REDIRECT] 
2026-10-02 10:56:27,787 [ERROR] LogOutputStream:75 - [STDERR_REDIRECT] [Fatal Error] :1:1: Premature end of file.
2026-10-02 10:56:27,787 [ERROR] LogOutputStream:75 - [STDERR_REDIRECT] 
2026-10-02 10:56:27,820 [ERROR] LogOutputStream:75 - [STDERR_REDIRECT] [Fatal Error] :1:1: Premature end of file.
2026-10-02 10:56:27,820 [ERROR] LogOutputStream:75 - [STDERR_REDIRECT] 
2026-10-02 10:56:27,845 [ERROR] LogOutputStream:75 - [STDERR_REDIRECT] [Fatal Error] :1:1: Premature end of file.
2026-10-02 10:56:27,845 [ERROR] LogOutputStream:75 - [STDERR_REDIRECT] 
2026-10-02 10:56:27,869 [ERROR] LogOutputStream:75 - [STDERR_REDIRECT] [Fatal Error] :1:1: Premature end of file.
2026-10-02 10:56:27,869 [ERROR] LogOutputStream:75 - [STDERR_REDIRECT] 
2026-10-02 10:56:27,894 [ERROR] LogOutputStream:75 - [STDERR_REDIRECT] [Fatal Error] :1:1: Premature end of file.
2026-10-02 10:56:27,894 [ERROR] LogOutputStream:75 - [STDERR_REDIRECT] 
2026-10-02 10:56:27,918 [ERROR] LogOutputStream:75 - [STDERR_REDIRECT] [Fatal Error] :1:1: Premature end of file.
2026-10-02 10:56:27,919 [ERROR] LogOutputStream:75 - [STDERR_REDIRECT] 
2026-10-02 10:56:27,947 [ERROR] LogOutputStream:75 - [STDERR_REDIRECT] [Fatal Error] :1:1: Premature end of file.
2026-10-02 10:56:27,947 [ERROR] LogOutputStream:75 - [STDERR_REDIRECT] 
2026-10-02 10:56:27,974 [ERROR] LogOutputStream:75 - [STDERR_REDIRECT] [Fatal Error] :1:1: Premature end of file.
2026-10-02 10:56:27,974 [ERROR] LogOutputStream:75 - [STDERR_REDIRECT] 
2026-10-02 10:56:27,999 [ERROR] LogOutputStream:75 - [STDERR_REDIRECT] [Fatal Error] :1:1: Premature end of file.
2026-10-02 10:56:27,999 [ERROR] LogOutputStream:75 - [STDERR_REDIRECT] 
2026-10-02 10:56:28,025 [ERROR] LogOutputStream:75 - [STDERR_REDIRECT] [Fatal Error] :1:1: Premature end of file.
2026-10-02 10:56:28,025 [ERROR] LogOutputStream:75 - [STDERR_REDIRECT] 
2026-10-02 10:56:28,055 [ERROR] LogOutputStream:75 - [STDERR_REDIRECT] [Fatal Error] :1:1: Premature end of file.
2026-10-02 10:56:28,055 [ERROR] LogOutputStream:75 - [STDERR_REDIRECT] 
2026-10-02 10:56:28,085 [ERROR] LogOutputStream:75 - [STDERR_REDIRECT] [Fatal Error] :1:1: Premature end of file.
2026-10-02 10:56:28,085 [ERROR] LogOutputStream:75 - [STDERR_REDIRECT] 
2026-10-02 10:56:28,111 [ERROR] LogOutputStream:75 - [STDERR_REDIRECT] [Fatal Error] :1:1: Premature end of file.
2026-10-02 10:56:28,111 [ERROR] LogOutputStream:75 - [STDERR_REDIRECT] 
2026-10-02 10:56:28,135 [ERROR] LogOutputStream:75 - [STDERR_REDIRECT] [Fatal Error] :1:1: Premature end of file.
2026-10-02 10:56:28,135 [ERROR] LogOutputStream:75 - [STDERR_REDIRECT] 
2026-10-02 10:56:28,162 [ERROR] LogOutputStream:75 - [STDERR_REDIRECT] [Fatal Error] :1:1: Premature end of file.
2026-10-02 10:56:28,162 [ERROR] LogOutputStream:75 - [STDERR_REDIRECT] 
2026-10-02 10:56:28,190 [ERROR] LogOutputStream:75 - [STDERR_REDIRECT] [Fatal Error] :1:1: Premature end of file.
2026-10-02 10:56:28,190 [ERROR] LogOutputStream:75 - [STDERR_REDIRECT] 
2026-10-02 10:56:28,226 [ERROR] LogOutputStream:75 - [STDERR_REDIRECT] [Fatal Error] :1:1: Premature end of file.
2026-10-02 10:56:28,226 [ERROR] LogOutputStream:75 - [STDERR_REDIRECT] 
2026-10-02 10:56:28,256 [ERROR] LogOutputStream:75 - [STDERR_REDIRECT] [Fatal Error] :1:1: Premature end of file.
2026-10-02 10:56:28,256 [ERROR] LogOutputStream:75 - [STDERR_REDIRECT] 
2026-10-02 10:56:28,279 [ERROR] LogOutputStream:75 - [STDERR_REDIRECT] [Fatal Error] :1:1: Premature end of file.
2026-10-02 10:56:28,279 [ERROR] LogOutputStream:75 - [STDERR_REDIRECT] 
2026-10-02 10:56:28,302 [ERROR] LogOutputStream:75 - [STDERR_REDIRECT] [Fatal Error] :1:1: Premature end of file.
2026-10-02 10:56:28,302 [ERROR] LogOutputStream:75 - [STDERR_REDIRECT] 
2026-10-02 10:56:28,327 [ERROR] LogOutputStream:75 - [STDERR_REDIRECT] [Fatal Error] :1:1: Premature end of file.
2026-10-02 10:56:28,327 [ERROR] LogOutputStream:75 - [STDERR_REDIRECT] 
2026-10-02 10:56:28,356 [ERROR] LogOutputStream:75 - [STDERR_REDIRECT] [Fatal Error] :1:1: Premature end of file.
2026-10-02 10:56:28,356 [ERROR] LogOutputStream:75 - [STDERR_REDIRECT] 
2026-10-02 10:56:28,395 [ERROR] LogOutputStream:75 - [STDERR_REDIRECT] [Fatal Error] :1:1: Premature end of file.
2026-10-02 10:56:28,395 [ERROR] LogOutputStream:75 - [STDERR_REDIRECT] 
2026-10-02 10:56:28,448 [ERROR] LogOutputStream:75 - [STDERR_REDIRECT] [Fatal Error] :1:1: Premature end of file.
2026-10-02 10:56:28,449 [ERROR] LogOutputStream:75 - [STDERR_REDIRECT] 
2026-10-02 10:56:28,480 [ERROR] LogOutputStream:75 - [STDERR_REDIRECT] [Fatal Error] :1:1: Premature end of file.
2026-10-02 10:56:28,480 [ERROR] LogOutputStream:75 - [STDERR_REDIRECT] 
2026-10-02 10:56:28,503 [ERROR] LogOutputStream:75 - [STDERR_REDIRECT] [Fatal Error] :1:1: Premature end of file.
2026-10-02 10:56:28,503 [ERROR] LogOutputStream:75 - [STDERR_REDIRECT] 
2026-10-02 10:56:28,537 [ERROR] LogOutputStream:75 - [STDERR_REDIRECT] [Fatal Error] :1:1: Premature end of file.
2026-10-02 10:56:28,537 [ERROR] LogOutputStream:75 - [STDERR_REDIRECT] 
2026-10-02 10:56:28,563 [ERROR] LogOutputStream:75 - [STDERR_REDIRECT] [Fatal Error] :1:1: Premature end of file.
2026-10-02 10:56:28,564 [ERROR] LogOutputStream:75 - [STDERR_REDIRECT] 
2026-10-02 10:56:28,591 [ERROR] LogOutputStream:75 - [STDERR_REDIRECT] [Fatal Error] :1:1: Premature end of file.
2026-10-02 10:56:28,591 [ERROR] LogOutputStream:75 - [STDERR_REDIRECT] 
2026-10-02 10:56:28,618 [ERROR] LogOutputStream:75 - [STDERR_REDIRECT] [Fatal Error] :1:1: Premature end of file.
2026-10-02 10:56:28,618 [ERROR] LogOutputStream:75 - [STDERR_REDIRECT] 
2026-10-02 10:56:28,642 [ERROR] LogOutputStream:75 - [STDERR_REDIRECT] [Fatal Error] :1:1: Premature end of file.
2026-10-02 10:56:28,642 [ERROR] LogOutputStream:75 - [STDERR_REDIRECT] 
2026-10-02 10:56:28,667 [ERROR] LogOutputStream:75 - [STDERR_REDIRECT] [Fatal Error] :1:1: Premature end of file.
2026-10-02 10:56:28,667 [ERROR] LogOutputStream:75 - [STDERR_REDIRECT] 
2026-10-02 10:56:28,699 [ERROR] LogOutputStream:75 - [STDERR_REDIRECT] [Fatal Error] :1:1: Premature end of file.
2026-10-02 10:56:28,699 [ERROR] LogOutputStream:75 - [STDERR_REDIRECT] 
2026-10-02 10:56:28,725 [ERROR] LogOutputStream:75 - [STDERR_REDIRECT] [Fatal Error] :1:1: Premature end of file.
2026-10-02 10:56:28,725 [ERROR] LogOutputStream:75 - [STDERR_REDIRECT] 
2026-10-02 10:56:28,750 [ERROR] LogOutputStream:75 - [STDERR_REDIRECT] [Fatal Error] :1:1: Premature end of file.
2026-10-02 10:56:28,751 [ERROR] LogOutputStream:75 - [STDERR_REDIRECT] 
2026-10-02 10:56:28,776 [ERROR] LogOutputStream:75 - [STDERR_REDIRECT] [Fatal Error] :1:1: Premature end of file.
2026-10-02 10:56:28,776 [ERROR] LogOutputStream:75 - [STDERR_REDIRECT] 
2026-10-02 10:56:28,802 [ERROR] LogOutputStream:75 - [STDERR_REDIRECT] [Fatal Error] :1:1: Premature end of file.
2026-10-02 10:56:28,802 [ERROR] LogOutputStream:75 - [STDERR_REDIRECT] 
2026-10-02 10:56:28,829 [ERROR] LogOutputStream:75 - [STDERR_REDIRECT] [Fatal Error] :1:1: Premature end of file.
2026-10-02 10:56:28,829 [ERROR] LogOutputStream:75 - [STDERR_REDIRECT] 
2026-10-02 10:56:28,862 [ERROR] LogOutputStream:75 - [STDERR_REDIRECT] [Fatal Error] :1:1: Premature end of file.
2026-10-02 10:56:28,862 [ERROR] LogOutputStream:75 - [STDERR_REDIRECT] 
2026-10-02 10:56:28,892 [ERROR] LogOutputStream:75 - [STDERR_REDIRECT] [Fatal Error] :1:1: Premature end of file.
2026-10-02 10:56:28,892 [ERROR] LogOutputStream:75 - [STDERR_REDIRECT] 
2026-10-02 10:56:28,920 [ERROR] LogOutputStream:75 - [STDERR_REDIRECT] [Fatal Error] :1:1: Premature end of file.
2026-10-02 10:56:28,920 [ERROR] LogOutputStream:75 - [STDERR_REDIRECT] 
2026-10-02 10:56:28,945 [ERROR] LogOutputStream:75 - [STDERR_REDIRECT] [Fatal Error] :1:1: Premature end of file.
2026-10-02 10:56:28,945 [ERROR] LogOutputStream:75 - [STDERR_REDIRECT] 
2026-10-02 10:56:28,980 [ERROR] LogOutputStream:75 - [STDERR_REDIRECT] [Fatal Error] :1:1: Premature end of file.
2026-10-02 10:56:28,980 [ERROR] LogOutputStream:75 - [STDERR_REDIRECT] 
2026-10-02 10:56:29,015 [ERROR] LogOutputStream:75 - [STDERR_REDIRECT] [Fatal Error] :1:1: Premature end of file.
2026-10-02 10:56:29,015 [ERROR] LogOutputStream:75 - [STDERR_REDIRECT] 
2026-10-02 10:56:29,058 [ERROR] LogOutputStream:75 - [STDERR_REDIRECT] [Fatal Error] :1:1: Premature end of file.
2026-10-02 10:56:29,058 [ERROR] LogOutputStream:75 - [STDERR_REDIRECT] 
2026-10-02 10:56:29,089 [ERROR] LogOutputStream:75 - [STDERR_REDIRECT] [Fatal Error] :1:1: Premature end of file.
2026-10-02 10:56:29,089 [ERROR] LogOutputStream:75 - [STDERR_REDIRECT] 
2026-10-02 10:56:29,122 [ERROR] LogOutputStream:75 - [STDERR_REDIRECT] [Fatal Error] :1:1: Premature end of file.
2026-10-02 10:56:29,122 [ERROR] LogOutputStream:75 - [STDERR_REDIRECT] 
2026-10-02 10:56:29,148 [ERROR] LogOutputStream:75 - [STDERR_REDIRECT] [Fatal Error] :1:1: Premature end of file.
2026-10-02 10:56:29,148 [ERROR] LogOutputStream:75 - [STDERR_REDIRECT] 
2026-10-02 10:56:29,183 [ERROR] LogOutputStream:75 - [STDERR_REDIRECT] [Fatal Error] :1:1: Premature end of file.
2026-10-02 10:56:29,183 [ERROR] LogOutputStream:75 - [STDERR_REDIRECT] 
2026-10-02 10:56:29,214 [ERROR] LogOutputStream:75 - [STDERR_REDIRECT] [Fatal Error] :1:1: Premature end of file.
2026-10-02 10:56:29,214 [ERROR] LogOutputStream:75 - [STDERR_REDIRECT] 
2026-10-02 10:56:29,253 [ERROR] LogOutputStream:75 - [STDERR_REDIRECT] [Fatal Error] :1:1: Premature end of file.
2026-10-02 10:56:29,253 [ERROR] LogOutputStream:75 - [STDERR_REDIRECT] 
2026-10-02 10:56:29,282 [ERROR] LogOutputStream:75 - [STDERR_REDIRECT] [Fatal Error] :1:1: Premature end of file.
2026-10-02 10:56:29,282 [ERROR] LogOutputStream:75 - [STDERR_REDIRECT] 
2026-10-02 10:56:29,325 [ERROR] LogOutputStream:75 - [STDERR_REDIRECT] [Fatal Error] :1:1: Premature end of file.
2026-10-02 10:56:29,325 [ERROR] LogOutputStream:75 - [STDERR_REDIRECT] 
2026-10-02 10:56:29,356 [ERROR] LogOutputStream:75 - [STDERR_REDIRECT] [Fatal Error] :1:1: Premature end of file.
2026-10-02 10:56:29,356 [ERROR] LogOutputStream:75 - [STDERR_REDIRECT] 
2026-10-02 10:56:29,399 [ERROR] LogOutputStream:75 - [STDERR_REDIRECT] [Fatal Error] :1:1: Premature end of file.
2026-10-02 10:56:29,399 [ERROR] LogOutputStream:75 - [STDERR_REDIRECT] 
2026-10-02 10:56:29,425 [ERROR] LogOutputStream:75 - [STDERR_REDIRECT] [Fatal Error] :1:1: Premature end of file.
2026-10-02 10:56:29,425 [ERROR] LogOutputStream:75 - [STDERR_REDIRECT] 
2026-10-02 10:56:29,467 [ERROR] LogOutputStream:75 - [STDERR_REDIRECT] [Fatal Error] :1:1: Premature end of file.
2026-10-02 10:56:29,467 [ERROR] LogOutputStream:75 - [STDERR_REDIRECT] 
2026-10-02 10:56:29,498 [ERROR] LogOutputStream:75 - [STDERR_REDIRECT] [Fatal Error] :1:1: Premature end of file.
2026-10-02 10:56:29,498 [ERROR] LogOutputStream:75 - [STDERR_REDIRECT] 
2026-10-02 10:56:29,525 [ERROR] LogOutputStream:75 - [STDERR_REDIRECT] [Fatal Error] :1:1: Premature end of file.
2026-10-02 10:56:29,526 [ERROR] LogOutputStream:75 - [STDERR_REDIRECT] 
2026-10-02 10:56:29,550 [ERROR] LogOutputStream:75 - [STDERR_REDIRECT] [Fatal Error] :1:1: Premature end of file.
2026-10-02 10:56:29,550 [ERROR] LogOutputStream:75 - [STDERR_REDIRECT] 
2026-10-02 10:56:29,575 [ERROR] LogOutputStream:75 - [STDERR_REDIRECT] [Fatal Error] :1:1: Premature end of file.
2026-10-02 10:56:29,575 [ERROR] LogOutputStream:75 - [STDERR_REDIRECT] 
2026-10-02 10:56:29,599 [ERROR] LogOutputStream:75 - [STDERR_REDIRECT] [Fatal Error] :1:1: Premature end of file.
2026-10-02 10:56:29,599 [ERROR] LogOutputStream:75 - [STDERR_REDIRECT] 
2026-10-02 10:56:29,622 [ERROR] LogOutputStream:75 - [STDERR_REDIRECT] [Fatal Error] :1:1: Premature end of file.
2026-10-02 10:56:29,622 [ERROR] LogOutputStream:75 - [STDERR_REDIRECT] 
2026-10-02 10:56:29,653 [ERROR] LogOutputStream:75 - [STDERR_REDIRECT] [Fatal Error] :1:1: Premature end of file.
2026-10-02 10:56:29,654 [ERROR] LogOutputStream:75 - [STDERR_REDIRECT] 
2026-10-02 10:56:29,680 [ERROR] LogOutputStream:75 - [STDERR_REDIRECT] [Fatal Error] :1:1: Premature end of file.
2026-10-02 10:56:29,680 [ERROR] LogOutputStream:75 - [STDERR_REDIRECT] 
2026-10-02 10:56:29,709 [ERROR] LogOutputStream:75 - [STDERR_REDIRECT] [Fatal Error] :1:1: Premature end of file.
2026-10-02 10:56:29,709 [ERROR] LogOutputStream:75 - [STDERR_REDIRECT] 
2026-10-02 10:56:29,734 [ERROR] LogOutputStream:75 - [STDERR_REDIRECT] [Fatal Error] :1:1: Premature end of file.
2026-10-02 10:56:29,734 [ERROR] LogOutputStream:75 - [STDERR_REDIRECT] 
2026-10-02 10:56:29,764 [ERROR] LogOutputStream:75 - [STDERR_REDIRECT] [Fatal Error] :1:1: Premature end of file.
2026-10-02 10:56:29,764 [ERROR] LogOutputStream:75 - [STDERR_REDIRECT] 
2026-10-02 10:56:29,791 [ERROR] LogOutputStream:75 - [STDERR_REDIRECT] [Fatal Error] :1:1: Premature end of file.
2026-10-02 10:56:29,791 [ERROR] LogOutputStream:75 - [STDERR_REDIRECT] 
2026-10-02 10:56:29,816 [ERROR] LogOutputStream:75 - [STDERR_REDIRECT] [Fatal Error] :1:1: Premature end of file.
2026-10-02 10:56:29,816 [ERROR] LogOutputStream:75 - [STDERR_REDIRECT] 
2026-10-02 10:56:29,848 [ERROR] LogOutputStream:75 - [STDERR_REDIRECT] [Fatal Error] :1:1: Premature end of file.
2026-10-02 10:56:29,848 [ERROR] LogOutputStream:75 - [STDERR_REDIRECT] 
2026-10-02 10:56:29,871 [ERROR] LogOutputStream:75 - [STDERR_REDIRECT] [Fatal Error] :1:1: Premature end of file.
2026-10-02 10:56:29,871 [ERROR] LogOutputStream:75 - [STDERR_REDIRECT] 
2026-10-02 10:56:29,898 [ERROR] LogOutputStream:75 - [STDERR_REDIRECT] [Fatal Error] :1:1: Premature end of file.
2026-10-02 10:56:29,898 [ERROR] LogOutputStream:75 - [STDERR_REDIRECT] 
2026-10-02 10:56:29,922 [ERROR] LogOutputStream:75 - [STDERR_REDIRECT] [Fatal Error] :1:1: Premature end of file.
2026-10-02 10:56:29,922 [ERROR] LogOutputStream:75 - [STDERR_REDIRECT] 
2026-10-02 10:56:29,949 [ERROR] LogOutputStream:75 - [STDERR_REDIRECT] [Fatal Error] :1:1: Premature end of file.
2026-10-02 10:56:29,949 [ERROR] LogOutputStream:75 - [STDERR_REDIRECT] 
2026-10-02 10:56:29,975 [ERROR] LogOutputStream:75 - [STDERR_REDIRECT] [Fatal Error] :1:1: Premature end of file.
2026-10-02 10:56:29,975 [ERROR] LogOutputStream:75 - [STDERR_REDIRECT] 
2026-10-02 10:56:30,006 [ERROR] LogOutputStream:75 - [STDERR_REDIRECT] [Fatal Error] :1:1: Premature end of file.
2026-10-02 10:56:30,006 [ERROR] LogOutputStream:75 - [STDERR_REDIRECT] 
2026-10-02 10:56:30,030 [ERROR] LogOutputStream:75 - [STDERR_REDIRECT] [Fatal Error] :1:1: Premature end of file.
2026-10-02 10:56:30,030 [ERROR] LogOutputStream:75 - [STDERR_REDIRECT] 
2026-10-02 10:56:30,058 [ERROR] LogOutputStream:75 - [STDERR_REDIRECT] [Fatal Error] :1:1: Premature end of file.
2026-10-02 10:56:30,058 [ERROR] LogOutputStream:75 - [STDERR_REDIRECT] 
2026-10-02 10:56:30,083 [ERROR] LogOutputStream:75 - [STDERR_REDIRECT] [Fatal Error] :1:1: Premature end of file.
2026-10-02 10:56:30,083 [ERROR] LogOutputStream:75 - [STDERR_REDIRECT] 
2026-10-02 10:56:30,107 [ERROR] LogOutputStream:75 - [STDERR_REDIRECT] [Fatal Error] :1:1: Premature end of file.
2026-10-02 10:56:30,107 [ERROR] LogOutputStream:75 - [STDERR_REDIRECT] 
2026-10-02 10:56:30,131 [ERROR] LogOutputStream:75 - [STDERR_REDIRECT] [Fatal Error] :1:1: Premature end of file.
2026-10-02 10:56:30,131 [ERROR] LogOutputStream:75 - [STDERR_REDIRECT] 
2026-10-02 10:56:30,163 [ERROR] LogOutputStream:75 - [STDERR_REDIRECT] [Fatal Error] :1:1: Premature end of file.
2026-10-02 10:56:30,163 [ERROR] LogOutputStream:75 - [STDERR_REDIRECT] 
2026-10-02 10:56:30,189 [ERROR] LogOutputStream:75 - [STDERR_REDIRECT] [Fatal Error] :1:1: Premature end of file.
2026-10-02 10:56:30,189 [ERROR] LogOutputStream:75 - [STDERR_REDIRECT] 
2026-10-02 10:56:30,213 [ERROR] LogOutputStream:75 - [STDERR_REDIRECT] [Fatal Error] :1:1: Premature end of file.
2026-10-02 10:56:30,213 [ERROR] LogOutputStream:75 - [STDERR_REDIRECT] 
2026-10-02 10:56:30,237 [ERROR] LogOutputStream:75 - [STDERR_REDIRECT] [Fatal Error] :1:1: Premature end of file.
2026-10-02 10:56:30,237 [ERROR] LogOutputStream:75 - [STDERR_REDIRECT] 
2026-10-02 10:56:30,259 [ERROR] LogOutputStream:75 - [STDERR_REDIRECT] [Fatal Error] :1:1: Premature end of file.
2026-10-02 10:56:30,259 [ERROR] LogOutputStream:75 - [STDERR_REDIRECT] 
2026-10-02 10:56:30,291 [ERROR] LogOutputStream:75 - [STDERR_REDIRECT] [Fatal Error] :1:1: Premature end of file.
2026-10-02 10:56:30,291 [ERROR] LogOutputStream:75 - [STDERR_REDIRECT] 
2026-10-02 10:56:30,317 [ERROR] LogOutputStream:75 - [STDERR_REDIRECT] [Fatal Error] :1:1: Premature end of file.
2026-10-02 10:56:30,317 [ERROR] LogOutputStream:75 - [STDERR_REDIRECT] 
2026-10-02 10:56:30,345 [ERROR] LogOutputStream:75 - [STDERR_REDIRECT] [Fatal Error] :1:1: Premature end of file.
2026-10-02 10:56:30,345 [ERROR] LogOutputStream:75 - [STDERR_REDIRECT] 
2026-10-02 10:56:30,368 [ERROR] LogOutputStream:75 - [STDERR_REDIRECT] [Fatal Error] :1:1: Premature end of file.
2026-10-02 10:56:30,368 [ERROR] LogOutputStream:75 - [STDERR_REDIRECT] 
2026-10-02 10:56:30,414 [ERROR] LogOutputStream:75 - [STDERR_REDIRECT] [Fatal Error] :1:1: Premature end of file.
2026-10-02 10:56:30,415 [ERROR] LogOutputStream:75 - [STDERR_REDIRECT] 
2026-10-02 10:56:30,447 [ERROR] LogOutputStream:75 - [STDERR_REDIRECT] [Fatal Error] :1:1: Premature end of file.
2026-10-02 10:56:30,448 [ERROR] LogOutputStream:75 - [STDERR_REDIRECT] 
2026-10-02 10:56:30,476 [ERROR] LogOutputStream:75 - [STDERR_REDIRECT] [Fatal Error] :1:1: Premature end of file.
2026-10-02 10:56:30,476 [ERROR] LogOutputStream:75 - [STDERR_REDIRECT] 
2026-10-02 10:56:30,501 [ERROR] LogOutputStream:75 - [STDERR_REDIRECT] [Fatal Error] :1:1: Premature end of file.
2026-10-02 10:56:30,501 [ERROR] LogOutputStream:75 - [STDERR_REDIRECT] 
2026-10-02 10:56:30,525 [ERROR] LogOutputStream:75 - [STDERR_REDIRECT] [Fatal Error] :1:1: Premature end of file.
2026-10-02 10:56:30,525 [ERROR] LogOutputStream:75 - [STDERR_REDIRECT] 
2026-10-02 10:56:30,550 [ERROR] LogOutputStream:75 - [STDERR_REDIRECT] [Fatal Error] :1:1: Premature end of file.
2026-10-02 10:56:30,550 [ERROR] LogOutputStream:75 - [STDERR_REDIRECT] 
2026-10-02 10:56:30,573 [ERROR] LogOutputStream:75 - [STDERR_REDIRECT] [Fatal Error] :1:1: Premature end of file.
2026-10-02 10:56:30,573 [ERROR] LogOutputStream:75 - [STDERR_REDIRECT] 
2026-10-02 10:56:30,596 [ERROR] LogOutputStream:75 - [STDERR_REDIRECT] [Fatal Error] :1:1: Premature end of file.
2026-10-02 10:56:30,596 [ERROR] LogOutputStream:75 - [STDERR_REDIRECT] 
2026-10-02 10:56:30,619 [ERROR] LogOutputStream:75 - [STDERR_REDIRECT] [Fatal Error] :1:1: Premature end of file.
2026-10-02 10:56:30,619 [ERROR] LogOutputStream:75 - [STDERR_REDIRECT] 
2026-10-02 10:56:30,643 [ERROR] LogOutputStream:75 - [STDERR_REDIRECT] [Fatal Error] :1:1: Premature end of file.
2026-10-02 10:56:30,643 [ERROR] LogOutputStream:75 - [STDERR_REDIRECT] 
2026-10-02 10:56:30,667 [ERROR] LogOutputStream:75 - [STDERR_REDIRECT] [Fatal Error] :1:1: Premature end of file.
2026-10-02 10:56:30,668 [ERROR] LogOutputStream:75 - [STDERR_REDIRECT] 
2026-10-02 10:56:30,702 [ERROR] LogOutputStream:75 - [STDERR_REDIRECT] [Fatal Error] :1:1: Premature end of file.
2026-10-02 10:56:30,702 [ERROR] LogOutputStream:75 - [STDERR_REDIRECT] 
2026-10-02 10:56:30,728 [ERROR] LogOutputStream:75 - [STDERR_REDIRECT] [Fatal Error] :1:1: Premature end of file.
2026-10-02 10:56:30,728 [ERROR] LogOutputStream:75 - [STDERR_REDIRECT] 
2026-10-02 10:56:30,772 [ERROR] LogOutputStream:75 - [STDERR_REDIRECT] [Fatal Error] :1:1: Premature end of file.
2026-10-02 10:56:30,772 [ERROR] LogOutputStream:75 - [STDERR_REDIRECT] 
2026-10-02 10:56:30,806 [ERROR] LogOutputStream:75 - [STDERR_REDIRECT] [Fatal Error] :1:1: Premature end of file.
2026-10-02 10:56:30,807 [ERROR] LogOutputStream:75 - [STDERR_REDIRECT] 
2026-10-02 10:56:30,830 [ERROR] LogOutputStream:75 - [STDERR_REDIRECT] [Fatal Error] :1:1: Premature end of file.
2026-10-02 10:56:30,830 [ERROR] LogOutputStream:75 - [STDERR_REDIRECT] 
2026-10-02 10:56:30,855 [ERROR] LogOutputStream:75 - [STDERR_REDIRECT] [Fatal Error] :1:1: Premature end of file.
2026-10-02 10:56:30,855 [ERROR] LogOutputStream:75 - [STDERR_REDIRECT] 
2026-10-02 10:56:30,900 [ERROR] LogOutputStream:75 - [STDERR_REDIRECT] [Fatal Error] :1:1: Premature end of file.
2026-10-02 10:56:30,900 [ERROR] LogOutputStream:75 - [STDERR_REDIRECT] 
2026-10-02 10:56:30,926 [ERROR] LogOutputStream:75 - [STDERR_REDIRECT] [Fatal Error] :1:1: Premature end of file.
2026-10-02 10:56:30,926 [ERROR] LogOutputStream:75 - [STDERR_REDIRECT] 
2026-10-02 10:56:30,945 [ERROR] LogOutputStream:75 - [STDERR_REDIRECT] [Fatal Error] :1:1: Premature end of file.
2026-10-02 10:56:30,945 [ERROR] LogOutputStream:75 - [STDERR_REDIRECT] 
2026-10-02 10:56:30,972 [ERROR] LogOutputStream:75 - [STDERR_REDIRECT] [Fatal Error] :1:1: Premature end of file.
2026-10-02 10:56:30,972 [ERROR] LogOutputStream:75 - [STDERR_REDIRECT] 
2026-10-02 10:56:30,997 [ERROR] LogOutputStream:75 - [STDERR_REDIRECT] [Fatal Error] :1:1: Premature end of file.
2026-10-02 10:56:30,997 [ERROR] LogOutputStream:75 - [STDERR_REDIRECT] 
2026-10-02 10:56:31,029 [ERROR] LogOutputStream:75 - [STDERR_REDIRECT] [Fatal Error] :1:1: Premature end of file.
2026-10-02 10:56:31,029 [ERROR] LogOutputStream:75 - [STDERR_REDIRECT] 
2026-10-02 10:56:31,052 [ERROR] LogOutputStream:75 - [STDERR_REDIRECT] [Fatal Error] :1:1: Premature end of file.
2026-10-02 10:56:31,052 [ERROR] LogOutputStream:75 - [STDERR_REDIRECT] 
2026-10-02 10:56:31,078 [ERROR] LogOutputStream:75 - [STDERR_REDIRECT] [Fatal Error] :1:1: Premature end of file.
2026-10-02 10:56:31,078 [ERROR] LogOutputStream:75 - [STDERR_REDIRECT] 
2026-10-02 10:56:31,099 [ERROR] LogOutputStream:75 - [STDERR_REDIRECT] [Fatal Error] :1:1: Premature end of file.
2026-10-02 10:56:31,099 [ERROR] LogOutputStream:75 - [STDERR_REDIRECT] 
2026-10-02 10:56:31,129 [ERROR] LogOutputStream:75 - [STDERR_REDIRECT] [Fatal Error] :1:1: Premature end of file.
2026-10-02 10:56:31,129 [ERROR] LogOutputStream:75 - [STDERR_REDIRECT] 
2026-10-02 10:56:31,153 [ERROR] LogOutputStream:75 - [STDERR_REDIRECT] [Fatal Error] :1:1: Premature end of file.
2026-10-02 10:56:31,153 [ERROR] LogOutputStream:75 - [STDERR_REDIRECT] 
2026-10-02 10:56:31,186 [ERROR] LogOutputStream:75 - [STDERR_REDIRECT] [Fatal Error] :1:1: Premature end of file.
2026-10-02 10:56:31,186 [ERROR] LogOutputStream:75 - [STDERR_REDIRECT] 
2026-10-02 10:56:31,218 [ERROR] LogOutputStream:75 - [STDERR_REDIRECT] [Fatal Error] :1:1: Premature end of file.
2026-10-02 10:56:31,218 [ERROR] LogOutputStream:75 - [STDERR_REDIRECT] 
2026-10-02 10:56:31,245 [ERROR] LogOutputStream:75 - [STDERR_REDIRECT] [Fatal Error] :1:1: Premature end of file.
2026-10-02 10:56:31,245 [ERROR] LogOutputStream:75 - [STDERR_REDIRECT] 
2026-10-02 10:56:31,277 [ERROR] LogOutputStream:75 - [STDERR_REDIRECT] [Fatal Error] :1:1: Premature end of file.
2026-10-02 10:56:31,277 [ERROR] LogOutputStream:75 - [STDERR_REDIRECT] 
2026-10-02 10:56:31,311 [ERROR] LogOutputStream:75 - [STDERR_REDIRECT] [Fatal Error] :1:1: Premature end of file.
2026-10-02 10:56:31,311 [ERROR] LogOutputStream:75 - [STDERR_REDIRECT] 
2026-10-02 10:56:31,349 [ERROR] LogOutputStream:75 - [STDERR_REDIRECT] [Fatal Error] :1:1: Premature end of file.
2026-10-02 10:56:31,349 [ERROR] LogOutputStream:75 - [STDERR_REDIRECT] 
2026-10-02 10:56:31,381 [ERROR] LogOutputStream:75 - [STDERR_REDIRECT] [Fatal Error] :1:1: Premature end of file.
2026-10-02 10:56:31,381 [ERROR] LogOutputStream:75 - [STDERR_REDIRECT] 
2026-10-02 10:56:31,404 [ERROR] LogOutputStream:75 - [STDERR_REDIRECT] [Fatal Error] :1:1: Premature end of file.
2026-10-02 10:56:31,404 [ERROR] LogOutputStream:75 - [STDERR_REDIRECT] 
2026-10-02 10:56:31,433 [ERROR] LogOutputStream:75 - [STDERR_REDIRECT] [Fatal Error] :1:1: Premature end of file.
2026-10-02 10:56:31,434 [ERROR] LogOutputStream:75 - [STDERR_REDIRECT] 
2026-10-02 10:56:31,475 [ERROR] LogOutputStream:75 - [STDERR_REDIRECT] [Fatal Error] :1:1: Premature end of file.
2026-10-02 10:56:31,475 [ERROR] LogOutputStream:75 - [STDERR_REDIRECT] 
2026-10-02 10:56:31,510 [ERROR] LogOutputStream:75 - [STDERR_REDIRECT] [Fatal Error] :1:1: Premature end of file.
2026-10-02 10:56:31,510 [ERROR] LogOutputStream:75 - [STDERR_REDIRECT] 
2026-10-02 10:56:31,539 [ERROR] LogOutputStream:75 - [STDERR_REDIRECT] [Fatal Error] :1:1: Premature end of file.
2026-10-02 10:56:31,539 [ERROR] LogOutputStream:75 - [STDERR_REDIRECT] 
2026-10-02 10:56:31,584 [ERROR] LogOutputStream:75 - [STDERR_REDIRECT] [Fatal Error] :1:1: Premature end of file.
2026-10-02 10:56:31,584 [ERROR] LogOutputStream:75 - [STDERR_REDIRECT] 
2026-10-02 10:56:31,613 [ERROR] LogOutputStream:75 - [STDERR_REDIRECT] [Fatal Error] :1:1: Premature end of file.
2026-10-02 10:56:31,613 [ERROR] LogOutputStream:75 - [STDERR_REDIRECT] 
2026-10-02 10:56:31,627 [ERROR] LogOutputStream:75 - [STDERR_REDIRECT] [Fatal Error] :1:1: Premature end of file.
2026-10-02 10:56:31,627 [ERROR] LogOutputStream:75 - [STDERR_REDIRECT] 
2026-10-02 10:56:31,661 [ERROR] LogOutputStream:75 - [STDERR_REDIRECT] [Fatal Error] :1:1: Premature end of file.
2026-10-02 10:56:31,661 [ERROR] LogOutputStream:75 - [STDERR_REDIRECT] 
2026-10-02 10:56:31,697 [ERROR] LogOutputStream:75 - [STDERR_REDIRECT] [Fatal Error] :1:1: Premature end of file.
2026-10-02 10:56:31,697 [ERROR] LogOutputStream:75 - [STDERR_REDIRECT] 
2026-10-02 10:56:31,740 [ERROR] LogOutputStream:75 - [STDERR_REDIRECT] [Fatal Error] :1:1: Premature end of file.
2026-10-02 10:56:31,740 [ERROR] LogOutputStream:75 - [STDERR_REDIRECT] 
2026-10-02 10:56:31,763 [ERROR] LogOutputStream:75 - [STDERR_REDIRECT] [Fatal Error] :1:1: Premature end of file.
2026-10-02 10:56:31,765 [ERROR] LogOutputStream:75 - [STDERR_REDIRECT] 
2026-10-02 10:56:31,787 [ERROR] LogOutputStream:75 - [STDERR_REDIRECT] [Fatal Error] :1:1: Premature end of file.
2026-10-02 10:56:31,787 [ERROR] LogOutputStream:75 - [STDERR_REDIRECT] 
2026-10-02 10:56:31,808 [ERROR] LogOutputStream:75 - [STDERR_REDIRECT] [Fatal Error] :1:1: Premature end of file.
2026-10-02 10:56:31,808 [ERROR] LogOutputStream:75 - [STDERR_REDIRECT] 
2026-10-02 10:56:31,842 [ERROR] LogOutputStream:75 - [STDERR_REDIRECT] [Fatal Error] :1:1: Premature end of file.
2026-10-02 10:56:31,843 [ERROR] LogOutputStream:75 - [STDERR_REDIRECT] 
2026-10-02 10:56:31,868 [ERROR] LogOutputStream:75 - [STDERR_REDIRECT] [Fatal Error] :1:1: Premature end of file.
2026-10-02 10:56:31,868 [ERROR] LogOutputStream:75 - [STDERR_REDIRECT] 
2026-10-02 10:56:31,892 [ERROR] LogOutputStream:75 - [STDERR_REDIRECT] [Fatal Error] :1:1: Premature end of file.
2026-10-02 10:56:31,892 [ERROR] LogOutputStream:75 - [STDERR_REDIRECT] 
2026-10-02 10:56:31,912 [ERROR] LogOutputStream:75 - [STDERR_REDIRECT] [Fatal Error] :1:1: Premature end of file.
2026-10-02 10:56:31,912 [ERROR] LogOutputStream:75 - [STDERR_REDIRECT] 
2026-10-02 10:56:31,949 [ERROR] LogOutputStream:75 - [STDERR_REDIRECT] [Fatal Error] :1:1: Premature end of file.
2026-10-02 10:56:31,949 [ERROR] LogOutputStream:75 - [STDERR_REDIRECT] 
2026-10-02 10:56:31,979 [ERROR] LogOutputStream:75 - [STDERR_REDIRECT] [Fatal Error] :1:1: Premature end of file.
2026-10-02 10:56:31,979 [ERROR] LogOutputStream:75 - [STDERR_REDIRECT] 
2026-10-02 10:56:32,018 [ERROR] LogOutputStream:75 - [STDERR_REDIRECT] [Fatal Error] :1:1: Premature end of file.
2026-10-02 10:56:32,018 [ERROR] LogOutputStream:75 - [STDERR_REDIRECT] 
2026-10-02 10:56:32,046 [ERROR] LogOutputStream:75 - [STDERR_REDIRECT] [Fatal Error] :1:1: Premature end of file.
2026-10-02 10:56:32,046 [ERROR] LogOutputStream:75 - [STDERR_REDIRECT] 
2026-10-02 10:56:32,077 [ERROR] LogOutputStream:75 - [STDERR_REDIRECT] [Fatal Error] :1:1: Premature end of file.
2026-10-02 10:56:32,077 [ERROR] LogOutputStream:75 - [STDERR_REDIRECT] 
2026-10-02 10:56:32,108 [ERROR] LogOutputStream:75 - [STDERR_REDIRECT] [Fatal Error] :1:1: Premature end of file.
2026-10-02 10:56:32,108 [ERROR] LogOutputStream:75 - [STDERR_REDIRECT] 
2026-10-02 10:56:32,147 [ERROR] LogOutputStream:75 - [STDERR_REDIRECT] [Fatal Error] :1:1: Premature end of file.
2026-10-02 10:56:32,147 [ERROR] LogOutputStream:75 - [STDERR_REDIRECT] 
2026-10-02 10:56:32,179 [ERROR] LogOutputStream:75 - [STDERR_REDIRECT] [Fatal Error] :1:1: Premature end of file.
2026-10-02 10:56:32,179 [ERROR] LogOutputStream:75 - [STDERR_REDIRECT] 
2026-10-02 10:56:32,215 [ERROR] LogOutputStream:75 - [STDERR_REDIRECT] [Fatal Error] :1:1: Premature end of file.
2026-10-02 10:56:32,215 [ERROR] LogOutputStream:75 - [STDERR_REDIRECT] 
2026-10-02 10:56:32,255 [ERROR] LogOutputStream:75 - [STDERR_REDIRECT] [Fatal Error] :1:1: Premature end of file.
2026-10-02 10:56:32,255 [ERROR] LogOutputStream:75 - [STDERR_REDIRECT] 
2026-10-02 10:56:32,316 [ERROR] LogOutputStream:75 - [STDERR_REDIRECT] [Fatal Error] :1:1: Premature end of file.
2026-10-02 10:56:32,316 [ERROR] LogOutputStream:75 - [STDERR_REDIRECT] 
2026-10-02 10:56:32,352 [ERROR] LogOutputStream:75 - [STDERR_REDIRECT] [Fatal Error] :1:1: Premature end of file.
2026-10-02 10:56:32,352 [ERROR] LogOutputStream:75 - [STDERR_REDIRECT] 
2026-10-02 10:56:32,389 [ERROR] LogOutputStream:75 - [STDERR_REDIRECT] [Fatal Error] :1:1: Premature end of file.
2026-10-02 10:56:32,389 [ERROR] LogOutputStream:75 - [STDERR_REDIRECT] 
2026-10-02 10:56:32,436 [ERROR] LogOutputStream:75 - [STDERR_REDIRECT] [Fatal Error] :1:1: Premature end of file.
2026-10-02 10:56:32,436 [ERROR] LogOutputStream:75 - [STDERR_REDIRECT] 
2026-10-02 10:56:32,462 [ERROR] LogOutputStream:75 - [STDERR_REDIRECT] [Fatal Error] :1:1: Premature end of file.
2026-10-02 10:56:32,462 [ERROR] LogOutputStream:75 - [STDERR_REDIRECT] 
2026-10-02 10:56:32,489 [ERROR] LogOutputStream:75 - [STDERR_REDIRECT] [Fatal Error] :1:1: Premature end of file.
2026-10-02 10:56:32,489 [ERROR] LogOutputStream:75 - [STDERR_REDIRECT] 
2026-10-02 10:56:32,514 [ERROR] LogOutputStream:75 - [STDERR_REDIRECT] [Fatal Error] :1:1: Premature end of file.
2026-10-02 10:56:32,514 [ERROR] LogOutputStream:75 - [STDERR_REDIRECT] 
2026-10-02 10:56:32,538 [ERROR] LogOutputStream:75 - [STDERR_REDIRECT] [Fatal Error] :1:1: Premature end of file.
2026-10-02 10:56:32,538 [ERROR] LogOutputStream:75 - [STDERR_REDIRECT] 
2026-10-02 10:56:32,562 [ERROR] LogOutputStream:75 - [STDERR_REDIRECT] [Fatal Error] :1:1: Premature end of file.
2026-10-02 10:56:32,563 [ERROR] LogOutputStream:75 - [STDERR_REDIRECT] 
2026-10-02 10:56:32,593 [ERROR] LogOutputStream:75 - [STDERR_REDIRECT] [Fatal Error] :1:1: Premature end of file.
2026-10-02 10:56:32,593 [ERROR] LogOutputStream:75 - [STDERR_REDIRECT] 
2026-10-02 10:56:32,619 [ERROR] LogOutputStream:75 - [STDERR_REDIRECT] [Fatal Error] :1:1: Premature end of file.
2026-10-02 10:56:32,619 [ERROR] LogOutputStream:75 - [STDERR_REDIRECT] 
2026-10-02 10:56:32,645 [ERROR] LogOutputStream:75 - [STDERR_REDIRECT] [Fatal Error] :1:1: Premature end of file.
2026-10-02 10:56:32,645 [ERROR] LogOutputStream:75 - [STDERR_REDIRECT] 
2026-10-02 10:56:32,672 [ERROR] LogOutputStream:75 - [STDERR_REDIRECT] [Fatal Error] :1:1: Premature end of file.
2026-10-02 10:56:32,672 [ERROR] LogOutputStream:75 - [STDERR_REDIRECT] 
2026-10-02 10:56:32,696 [ERROR] LogOutputStream:75 - [STDERR_REDIRECT] [Fatal Error] :1:1: Premature end of file.
2026-10-02 10:56:32,696 [ERROR] LogOutputStream:75 - [STDERR_REDIRECT] 
2026-10-02 10:56:32,721 [ERROR] LogOutputStream:75 - [STDERR_REDIRECT] [Fatal Error] :1:1: Premature end of file.
2026-10-02 10:56:32,721 [ERROR] LogOutputStream:75 - [STDERR_REDIRECT] 
2026-10-02 10:56:32,785 [ERROR] LogOutputStream:75 - [STDERR_REDIRECT] [Fatal Error] :1:1: Premature end of file.
2026-10-02 10:56:32,785 [ERROR] LogOutputStream:75 - [STDERR_REDIRECT] 
2026-10-02 10:56:32,815 [ERROR] LogOutputStream:75 - [STDERR_REDIRECT] [Fatal Error] :1:1: Premature end of file.
2026-10-02 10:56:32,815 [ERROR] LogOutputStream:75 - [STDERR_REDIRECT] 
2026-10-02 10:56:32,839 [ERROR] LogOutputStream:75 - [STDERR_REDIRECT] [Fatal Error] :1:1: Premature end of file.
2026-10-02 10:56:32,841 [ERROR] LogOutputStream:75 - [STDERR_REDIRECT] 
2026-10-02 10:56:32,866 [ERROR] LogOutputStream:75 - [STDERR_REDIRECT] [Fatal Error] :1:1: Premature end of file.
2026-10-02 10:56:32,866 [ERROR] LogOutputStream:75 - [STDERR_REDIRECT] 
2026-10-02 10:56:32,897 [ERROR] LogOutputStream:75 - [STDERR_REDIRECT] [Fatal Error] :1:1: Premature end of file.
2026-10-02 10:56:32,897 [ERROR] LogOutputStream:75 - [STDERR_REDIRECT] 
2026-10-02 10:56:32,927 [ERROR] LogOutputStream:75 - [STDERR_REDIRECT] [Fatal Error] :1:1: Premature end of file.
2026-10-02 10:56:32,927 [ERROR] LogOutputStream:75 - [STDERR_REDIRECT] 
2026-10-02 10:56:32,974 [ERROR] LogOutputStream:75 - [STDERR_REDIRECT] [Fatal Error] :1:1: Premature end of file.
2026-10-02 10:56:32,974 [ERROR] LogOutputStream:75 - [STDERR_REDIRECT] 
2026-10-02 10:56:33,133 [ERROR] LogOutputStream:75 - [STDERR_REDIRECT] [Fatal Error] :1:1: Premature end of file.
2026-10-02 10:56:33,133 [ERROR] LogOutputStream:75 - [STDERR_REDIRECT] 
2026-10-02 10:56:33,280 [ERROR] LogOutputStream:75 - [STDERR_REDIRECT] [Fatal Error] :1:1: Premature end of file.
2026-10-02 10:56:33,281 [ERROR] LogOutputStream:75 - [STDERR_REDIRECT] 
2026-10-02 10:56:33,384 [ERROR] LogOutputStream:75 - [STDERR_REDIRECT] [Fatal Error] :1:1: Premature end of file.
2026-10-02 10:56:33,384 [ERROR] LogOutputStream:75 - [STDERR_REDIRECT] 
2026-10-02 10:56:33,513 [ERROR] LogOutputStream:75 - [STDERR_REDIRECT] [Fatal Error] :1:1: Premature end of file.
2026-10-02 10:56:33,514 [ERROR] LogOutputStream:75 - [STDERR_REDIRECT] 
2026-10-02 10:56:33,631 [ERROR] LogOutputStream:75 - [STDERR_REDIRECT] [Fatal Error] :1:1: Premature end of file.
2026-10-02 10:56:33,631 [ERROR] LogOutputStream:75 - [STDERR_REDIRECT] 
2026-10-02 10:56:33,763 [ERROR] LogOutputStream:75 - [STDERR_REDIRECT] [Fatal Error] :1:1: Premature end of file.
2026-10-02 10:56:33,763 [ERROR] LogOutputStream:75 - [STDERR_REDIRECT] 
2026-10-02 10:56:33,792 [ERROR] LogOutputStream:75 - [STDERR_REDIRECT] [Fatal Error] :1:1: Premature end of file.
2026-10-02 10:56:33,792 [ERROR] LogOutputStream:75 - [STDERR_REDIRECT] 
2026-10-02 10:56:33,827 [ERROR] LogOutputStream:75 - [STDERR_REDIRECT] [Fatal Error] :1:1: Premature end of file.
2026-10-02 10:56:33,827 [ERROR] LogOutputStream:75 - [STDERR_REDIRECT] 
2026-10-02 10:56:33,860 [ERROR] LogOutputStream:75 - [STDERR_REDIRECT] [Fatal Error] :1:1: Premature end of file.
2026-10-02 10:56:33,860 [ERROR] LogOutputStream:75 - [STDERR_REDIRECT] 
2026-10-02 10:56:33,892 [ERROR] LogOutputStream:75 - [STDERR_REDIRECT] [Fatal Error] :1:1: Premature end of file.
2026-10-02 10:56:33,892 [ERROR] LogOutputStream:75 - [STDERR_REDIRECT] 
2026-10-02 10:56:33,923 [ERROR] LogOutputStream:75 - [STDERR_REDIRECT] [Fatal Error] :1:1: Premature end of file.
2026-10-02 10:56:33,923 [ERROR] LogOutputStream:75 - [STDERR_REDIRECT] 
2026-10-02 10:56:33,958 [ERROR] LogOutputStream:75 - [STDERR_REDIRECT] [Fatal Error] :1:1: Premature end of file.
2026-10-02 10:56:33,959 [ERROR] LogOutputStream:75 - [STDERR_REDIRECT] 
2026-10-02 10:56:33,996 [ERROR] LogOutputStream:75 - [STDERR_REDIRECT] [Fatal Error] :1:1: Premature end of file.
2026-10-02 10:56:33,996 [ERROR] LogOutputStream:75 - [STDERR_REDIRECT] 
2026-10-02 10:56:34,027 [ERROR] LogOutputStream:75 - [STDERR_REDIRECT] [Fatal Error] :1:1: Premature end of file.
2026-10-02 10:56:34,027 [ERROR] LogOutputStream:75 - [STDERR_REDIRECT] 
2026-10-02 10:56:34,058 [ERROR] LogOutputStream:75 - [STDERR_REDIRECT] [Fatal Error] :1:1: Premature end of file.
2026-10-02 10:56:34,058 [ERROR] LogOutputStream:75 - [STDERR_REDIRECT] 
2026-10-02 10:56:34,091 [ERROR] LogOutputStream:75 - [STDERR_REDIRECT] [Fatal Error] :1:1: Premature end of file.
2026-10-02 10:56:34,091 [ERROR] LogOutputStream:75 - [STDERR_REDIRECT] 
2026-10-02 10:56:34,140 [ERROR] LogOutputStream:75 - [STDERR_REDIRECT] Exception in thread "Serial Ports Filter" java.lang.NullPointerException: Cannot invoke "org.eclipse.core.resources.ResourcesPlugin.getLog()" because the return value of "org.eclipse.core.resources.ResourcesPlugin.getPlugin()" is null
2026-10-02 10:56:34,141 [ERROR] LogOutputStream:75 - [STDERR_REDIRECT] 	at com.st.stm32cube.common.logger.MCULoggerPlugin.log(MCULoggerPlugin.java:84)
2026-10-02 10:56:34,142 [ERROR] LogOutputStream:75 - [STDERR_REDIRECT] 	at com.st.stm32cube.common.logger.MCULoggerPlugin.logException(MCULoggerPlugin.java:116)
2026-10-02 10:56:34,143 [ERROR] LogOutputStream:75 - [STDERR_REDIRECT] 	at com.st.stm32cube.ide.mpu.remote.serial.internal.SerialPortProviderWindows.run(SerialPortProviderWindows.java:156)
2026-10-02 10:56:34,144 [ERROR] LogOutputStream:75 - [STDERR_REDIRECT] 	at java.base/java.util.TimerThread.mainLoop(Timer.java:566)
2026-10-02 10:56:34,144 [ERROR] LogOutputStream:75 - [STDERR_REDIRECT] 	at java.base/java.util.TimerThread.run(Timer.java:516)
2026-10-02 10:56:34,232 [ERROR] LogOutputStream:75 - [STDERR_REDIRECT] 
